1	工作 · 第1级	tā hěn xǐ huān diàn nǎo nǐ kàn wèn tí mā mā měi tiān jì de huì yì||wǒ men měi tiān xǐ huān wèn tí mā mā jì de wèn tí bà bà bù jì de huì yì||bà bà bù kàn huì yì bà bà jì de jì huà bà bà hěn xǐ huān huì yì	他很喜欢电脑。你看问题。妈妈每天记得会议。||我们每天喜欢问题。妈妈记得问题。爸爸不记得会议。||爸爸不看会议。爸爸记得计划。爸爸很喜欢会议。
1	旅行 · 第1级	tā měi tiān kàn fēi jī tā hěn xǐ huān bīn guǎn mā mā bù kàn bīn guǎn||bà bà hěn xǐ huān bīn guǎn wǒ men měi tiān xǐ huān hǎi biān tā men kàn bīn guǎn||wǒ men xǐ huān bīn guǎn tā měi tiān kàn hǎi biān mā mā bù kàn dì tú	他每天看飞机。她很喜欢宾馆。妈妈不看宾馆。||爸爸很喜欢宾馆。我们每天喜欢海边。他们看宾馆。||我们喜欢宾馆。她每天看海边。妈妈不看地图。
1	学习 · 第1级	wǒ men hěn xǐ huān fā yīn nǐ bù dú hàn zì tā men kàn hàn zì||wǒ dú yǔ fǎ bà bà bù liàn xí fā yīn wǒ hěn xǐ huān kè běn||tā men míng tiān dú kè běn tā men bù xué xí fā yīn wǒ men měi tiān liàn xí kè běn	我们很喜欢发音。你不读汉字。他们看汉字。||我读语法。爸爸不练习发音。我很喜欢课本。||他们明天读课本。他们不学习发音。我们每天练习课本。
1	食物 · 第1级	tā mǎi mǐ fàn mā mā měi tiān xǐ huān mǐ fàn tā men bù xǐ huān miàn tiáo||bà bà bù mǎi mǐ fàn tā měi tiān xǐ huān miàn tiáo nǐ zuò miàn tiáo||wǒ míng tiān mǎi mǐ fàn mā mā hěn xǐ huān miàn tiáo wǒ men mǎi bāo zi	她买米饭。妈妈每天喜欢米饭。他们不喜欢面条。||爸爸不买米饭。她每天喜欢面条。你做面条。||我明天买米饭。妈妈很喜欢面条。我们买包子。
1	食物 · 第1级	tā men bù xǐ huān miàn tiáo nǐ zuò miàn tiáo nǐ měi tiān mǎi mǐ fàn||tā měi tiān xǐ huān miàn tiáo wǒ men mǎi bāo zi tā hěn xǐ huān mǐ fàn||péng yǒu měi tiān mǎi miàn tiáo mā mā hěn xǐ huān miàn tiáo bà bà bù zuò mǐ fàn	他们不喜欢面条。你做面条。你每天买米饭。||她每天喜欢面条。我们买包子。他很喜欢米饭。||朋友每天买面条。妈妈很喜欢面条。爸爸不做米饭。
1	学习 · 第1级	bà bà hěn xǐ huān yǔ fǎ tā men bù fù xí yǔ fǎ nǐ měi tiān fù xí kè běn||tā míng tiān kàn fā yīn wǒ hěn xǐ huān kè běn tā měi tiān kàn hàn zì||tā bù kàn yīng yǔ mā mā kàn kè běn tā men měi tiān fù xí fā yīn	爸爸很喜欢语法。他们不复习语法。你每天复习课本。||她明天看发音。我很喜欢课本。他每天看汉字。||她不看英语。妈妈看课本。他们每天复习发音。
1	学习 · 第1级	tā měi tiān xué xí kè běn tā men míng tiān dú kè běn nǐ bù dú yǔ fǎ||bà bà bù liàn xí fā yīn tā měi tiān kàn hàn zì wǒ men hěn xǐ huān kè běn||tā men kàn hàn zì tā míng tiān kàn fā yīn tā měi tiān kàn fā yīn	她每天学习课本。他们明天读课本。你不读语法。||爸爸不练习发音。他每天看汉字。我们很喜欢课本。||他们看汉字。她明天看发音。她每天看发音。
1	饮料 · 第1级	tā bù hē kā fēi tā men měi tiān mǎi niú nǎi wǒ hē kā fēi||bà bà míng tiān mǎi kā fēi tā men měi tiān hē niú nǎi tā men hē niú nǎi||bà bà míng tiān hē kā fēi tā mǎi kā fēi tā bù hē niú nǎi	她不喝咖啡。他们每天买牛奶。我喝咖啡。||爸爸明天买咖啡。他们每天喝牛奶。他们喝牛奶。||爸爸明天喝咖啡。她买咖啡。他不喝牛奶。
1	食物 · 第1级	wǒ míng tiān mǎi mǐ fàn bà bà hěn xǐ huān mǐ fàn tā men měi tiān mǎi bāo zi||nǐ zuò miàn tiáo tā men míng tiān mǎi miàn tiáo nǐ bù zuò bāo zi||tā mǎi mǐ fàn tā men bù mǎi miàn tiáo tā hěn xǐ huān mǐ fàn	我明天买米饭。爸爸很喜欢米饭。他们每天买包子。||你做面条。他们明天买面条。你不做包子。||她买米饭。他们不买面条。他很喜欢米饭。
1	饮料 · 第1级	tā men měi tiān hē niú nǎi tā bù mǎi kā fēi bà bà míng tiān hē kā fēi||wǒ men hěn xǐ huān kā fēi péng yǒu měi tiān hē kā fēi wǒ hē kā fēi||bà bà míng tiān mǎi kā fēi nǐ bù mǎi niú nǎi tā men hē niú nǎi	他们每天喝牛奶。她不买咖啡。爸爸明天喝咖啡。||我们很喜欢咖啡。朋友每天喝咖啡。我喝咖啡。||爸爸明天买咖啡。你不买牛奶。他们喝牛奶。
1	工作 · 第1级	wǒ měi tiān jì de diàn nǎo mā mā bù jì de wèn tí bà bà hěn xǐ huān huì yì||wǒ men měi tiān xǐ huān wèn tí bà bà bù kàn huì yì wǒ men kàn diàn nǎo||bà bà hěn xǐ huān diàn nǎo nǐ kàn wèn tí bà bà bù kàn míng piàn	我每天记得电脑。妈妈不记得问题。爸爸很喜欢会议。||我们每天喜欢问题。爸爸不看会议。我们看电脑。||爸爸很喜欢电脑。你看问题。爸爸不看名片。
1	旅行 · 第1级	wǒ men míng tiān kàn bīn guǎn mā mā hěn xǐ huān hǎi biān tā men kàn bīn guǎn||mā mā bù xǐ huān dì tú péng yǒu míng tiān kàn dì tú wǒ men měi tiān xǐ huān hǎi biān||tā měi tiān xǐ huān dì tú wǒ men bù xǐ huān hǎi biān bà bà hěn xǐ huān bīn guǎn	我们明天看宾馆。妈妈很喜欢海边。他们看宾馆。||妈妈不喜欢地图。朋友明天看地图。我们每天喜欢海边。||他每天喜欢地图。我们不喜欢海边。爸爸很喜欢宾馆。
1	旅行 · 第1级	péng yǒu míng tiān kàn dì tú tā hěn xǐ huān bīn guǎn tā měi tiān xǐ huān dì tú||bà bà hěn xǐ huān bīn guǎn tā měi tiān kàn fēi jī wǒ men bù xǐ huān hǎi biān||mā mā hěn xǐ huān hǎi biān wǒ men xǐ huān bīn guǎn wǒ men míng tiān kàn bīn guǎn	朋友明天看地图。她很喜欢宾馆。他每天喜欢地图。||爸爸很喜欢宾馆。他每天看飞机。我们不喜欢海边。||妈妈很喜欢海边。我们喜欢宾馆。我们明天看宾馆。
1	旅行 · 第1级	mā mā bù kàn bīn guǎn tā měi tiān kàn fēi jī bà bà hěn xǐ huān bīn guǎn||wǒ men hěn xǐ huān dì tú wǒ měi tiān kàn dì tú wǒ men míng tiān kàn bīn guǎn||tā men kàn bīn guǎn tā men míng tiān kàn hǎi biān mā mā bù kàn dì tú	妈妈不看宾馆。他每天看飞机。爸爸很喜欢宾馆。||我们很喜欢地图。我每天看地图。我们明天看宾馆。||他们看宾馆。他们明天看海边。妈妈不看地图。
1	食物 · 第1级	wǒ míng tiān mǎi mǐ fàn nǐ bù zuò bāo zi nǐ zuò miàn tiáo||tā men měi tiān mǎi bāo zi bà bà bù mǎi mǐ fàn mā mā hěn xǐ huān miàn tiáo||bà bà bù zuò mǐ fàn tā mǎi mǐ fàn tā měi tiān zuò bāo zi	我明天买米饭。你不做包子。你做面条。||他们每天买包子。爸爸不买米饭。妈妈很喜欢面条。||爸爸不做米饭。她买米饭。他每天做包子。
1	食物 · 第1级	nǐ bù zuò bāo zi bà bà zuò bāo zi mā mā měi tiān xǐ huān mǐ fàn||tā hěn xǐ huān mǐ fàn bà bà bù zuò mǐ fàn tā mǎi mǐ fàn||bà bà hěn xǐ huān mǐ fàn tā men bù mǎi miàn tiáo nǐ zuò miàn tiáo	你不做包子。爸爸做包子。妈妈每天喜欢米饭。||他很喜欢米饭。爸爸不做米饭。她买米饭。||爸爸很喜欢米饭。他们不买面条。你做面条。
1	食物 · 第1级	tā men míng tiān mǎi miàn tiáo tā hěn xǐ huān mǐ fàn tā mǎi mǐ fàn||wǒ men mǎi bāo zi mā mā měi tiān zuò miàn tiáo tā men bù mǎi miàn tiáo||tā bù mǎi bāo zi bà bà zuò bāo zi péng yǒu měi tiān mǎi miàn tiáo	他们明天买面条。他很喜欢米饭。她买米饭。||我们买包子。妈妈每天做面条。他们不买面条。||她不买包子。爸爸做包子。朋友每天买面条。
1	工作 · 第1级	nǐ měi tiān jì de wèn tí nǐ bù kàn diàn nǎo nǐ kàn wèn tí||mā mā hěn xǐ huān diàn nǎo mā mā bù jì de wèn tí mā mā měi tiān kàn míng piàn||wǒ men kàn diàn nǎo bà bà bù xǐ huān huì yì tā hěn xǐ huān diàn nǎo	你每天记得问题。你不看电脑。你看问题。||妈妈很喜欢电脑。妈妈不记得问题。妈妈每天看名片。||我们看电脑。爸爸不喜欢会议。他很喜欢电脑。
1	饮料 · 第1级	tā men měi tiān mǎi niú nǎi tā men hē niú nǎi tā bù hē kā fēi||tā bù mǎi kā fēi tā mǎi kā fēi bà bà míng tiān mǎi kā fēi||bà bà míng tiān hē kā fēi wǒ měi tiān xǐ huān niú nǎi wǒ men hěn xǐ huān kā fēi	他们每天买牛奶。他们喝牛奶。她不喝咖啡。||她不买咖啡。她买咖啡。爸爸明天买咖啡。||爸爸明天喝咖啡。我每天喜欢牛奶。我们很喜欢咖啡。
1	食物 · 第1级	bà bà bù zuò mǐ fàn bà bà hěn xǐ huān mǐ fàn tā men míng tiān mǎi miàn tiáo||nǐ bù zuò bāo zi tā men měi tiān mǎi bāo zi wǒ míng tiān mǎi mǐ fàn||mā mā měi tiān zuò miàn tiáo tā hěn xǐ huān mǐ fàn nǐ zuò miàn tiáo	爸爸不做米饭。爸爸很喜欢米饭。他们明天买面条。||你不做包子。他们每天买包子。我明天买米饭。||妈妈每天做面条。他很喜欢米饭。你做面条。
1	饮料 · 第1级	tā mǎi kā fēi wǒ men hěn xǐ huān kā fēi bà bà míng tiān hē kā fēi||tā men měi tiān mǎi niú nǎi tā bù hē niú nǎi péng yǒu míng tiān hē niú nǎi||wǒ hē kā fēi nǐ bù mǎi niú nǎi tā men měi tiān hē niú nǎi	她买咖啡。我们很喜欢咖啡。爸爸明天喝咖啡。||他们每天买牛奶。他不喝牛奶。朋友明天喝牛奶。||我喝咖啡。你不买牛奶。他们每天喝牛奶。
1	旅行 · 第1级	mā mā bù xǐ huān dì tú wǒ men měi tiān xǐ huān hǎi biān wǒ men míng tiān kàn bīn guǎn||tā men kàn bīn guǎn mā mā hěn xǐ huān hǎi biān tā měi tiān kàn hǎi biān||tā bù xǐ huān bīn guǎn tā men míng tiān kàn hǎi biān tā hěn xǐ huān bīn guǎn	妈妈不喜欢地图。我们每天喜欢海边。我们明天看宾馆。||他们看宾馆。妈妈很喜欢海边。她每天看海边。||他不喜欢宾馆。他们明天看海边。她很喜欢宾馆。
1	饮料 · 第1级	wǒ men hěn xǐ huān kā fēi nǐ bù mǎi niú nǎi tā men měi tiān hē niú nǎi||wǒ hē kā fēi bà bà míng tiān mǎi kā fēi péng yǒu měi tiān hē kā fēi||tā bù hē niú nǎi péng yǒu míng tiān hē niú nǎi tā mǎi kā fēi	我们很喜欢咖啡。你不买牛奶。他们每天喝牛奶。||我喝咖啡。爸爸明天买咖啡。朋友每天喝咖啡。||他不喝牛奶。朋友明天喝牛奶。她买咖啡。
1	食物 · 第1级	mā mā hěn xǐ huān miàn tiáo tā men míng tiān mǎi miàn tiáo tā mǎi mǐ fàn||mā mā měi tiān zuò miàn tiáo wǒ míng tiān mǎi mǐ fàn bà bà bù mǎi mǐ fàn||bà bà zuò bāo zi tā měi tiān xǐ huān miàn tiáo tā men bù mǎi miàn tiáo	妈妈很喜欢面条。他们明天买面条。她买米饭。||妈妈每天做面条。我明天买米饭。爸爸不买米饭。||爸爸做包子。她每天喜欢面条。他们不买面条。
1	饮料 · 第1级	wǒ měi tiān xǐ huān niú nǎi tā bù mǎi kā fēi wǒ men hěn xǐ huān kā fēi||tā men hē niú nǎi tā bù hē kā fēi péng yǒu míng tiān hē niú nǎi||wǒ měi tiān mǎi kā fēi tā bù hē niú nǎi wǒ hē kā fēi	我每天喜欢牛奶。她不买咖啡。我们很喜欢咖啡。||他们喝牛奶。她不喝咖啡。朋友明天喝牛奶。||我每天买咖啡。他不喝牛奶。我喝咖啡。
1	饮料 · 第1级	tā bù mǎi kā fēi wǒ hē kā fēi tā men měi tiān hē niú nǎi||wǒ měi tiān mǎi kā fēi tā mǎi kā fēi wǒ men hěn xǐ huān kā fēi||tā men hē niú nǎi péng yǒu měi tiān hē kā fēi tā bù hē kā fēi	她不买咖啡。我喝咖啡。他们每天喝牛奶。||我每天买咖啡。她买咖啡。我们很喜欢咖啡。||他们喝牛奶。朋友每天喝咖啡。她不喝咖啡。
1	工作 · 第1级	wǒ men kàn diàn nǎo tā hěn xǐ huān diàn nǎo mā mā měi tiān jì de huì yì||nǐ bù kàn diàn nǎo tā míng tiān kàn huì yì mā mā jì de wèn tí||tā men měi tiān kàn wèn tí mā mā hěn xǐ huān wèn tí bà bà bù jì de huì yì	我们看电脑。他很喜欢电脑。妈妈每天记得会议。||你不看电脑。她明天看会议。妈妈记得问题。||他们每天看问题。妈妈很喜欢问题。爸爸不记得会议。
1	工作 · 第1级	mā mā hěn xǐ huān wèn tí wǒ men kàn diàn nǎo bà bà bù jì de huì yì||nǐ kàn wèn tí wǒ men měi tiān xǐ huān wèn tí bà bà bù kàn míng piàn||tā míng tiān kàn huì yì nǐ bù kàn diàn nǎo bà bà hěn xǐ huān wèn tí	妈妈很喜欢问题。我们看电脑。爸爸不记得会议。||你看问题。我们每天喜欢问题。爸爸不看名片。||她明天看会议。你不看电脑。爸爸很喜欢问题。
1	饮料 · 第1级	wǒ men hěn xǐ huān kā fēi tā bù hē niú nǎi tā men měi tiān hē niú nǎi||tā men hē niú nǎi nǐ bù mǎi niú nǎi wǒ měi tiān xǐ huān niú nǎi||tā mǎi kā fēi bà bà míng tiān hē kā fēi wǒ měi tiān mǎi kā fēi	我们很喜欢咖啡。他不喝牛奶。他们每天喝牛奶。||他们喝牛奶。你不买牛奶。我每天喜欢牛奶。||她买咖啡。爸爸明天喝咖啡。我每天买咖啡。
1	学习 · 第1级	bà bà hěn xǐ huān yǔ fǎ wǒ men kàn zuò yè wǒ men měi tiān liàn xí kè běn||tā měi tiān dú yǔ fǎ tā men míng tiān dú yīng yǔ wǒ men bù kàn kè běn||wǒ men hěn xǐ huān fā yīn tā dú kè běn tā měi tiān xué xí kè běn	爸爸很喜欢语法。我们看作业。我们每天练习课本。||他每天读语法。他们明天读英语。我们不看课本。||我们很喜欢发音。他读课本。她每天学习课本。
1	学习 · 第1级	tā men kàn hàn zì nǐ měi tiān jì de yǔ fǎ tā men bù jì de yǔ fǎ||tā bù kàn yīng yǔ tā men míng tiān dú kè běn nǐ měi tiān fù xí kè běn||tā měi tiān dú hàn zì wǒ men hěn xǐ huān kè běn tā men míng tiān dú yīng yǔ	他们看汉字。你每天记得语法。他们不记得语法。||她不看英语。他们明天读课本。你每天复习课本。||他每天读汉字。我们很喜欢课本。他们明天读英语。
1	饮料 · 第1级	wǒ měi tiān mǎi kā fēi wǒ men hěn xǐ huān kā fēi bà bà míng tiān hē kā fēi||tā mǎi kā fēi tā bù hē kā fēi tā men měi tiān hē niú nǎi||tā men hē niú nǎi tā men měi tiān mǎi niú nǎi tā bù mǎi kā fēi	我每天买咖啡。我们很喜欢咖啡。爸爸明天喝咖啡。||她买咖啡。她不喝咖啡。他们每天喝牛奶。||他们喝牛奶。他们每天买牛奶。她不买咖啡。
2	工作 · 第2级	péng yǒu hěn xǐ huān diàn nǎo nǐ bù xǐ huān diàn nǎo tā měi tiān kàn gōng sī||tā hěn xǐ huān huì yì wǒ xǐ huān diàn nǎo tā yǐ jīng kàn jì huà le||tā bù xǐ huān wèn tí péng yǒu hěn xǐ huān huì yì bà bà yǐ jīng kàn míng piàn le	朋友很喜欢电脑。你不喜欢电脑。他每天看公司。||他很喜欢会议。我喜欢电脑。她已经看计划了。||他不喜欢问题。朋友很喜欢会议。爸爸已经看名片了。
2	食物 · 第2级	mā mā yǐ jīng mǎi miàn tiáo le nǐ míng tiān mǎi bāo zi péng yǒu bù zuò miàn tiáo||wǒ hěn xǐ huān miàn tiáo mā mā xiǎng mǎi mǐ fàn ma péng yǒu měi tiān zuò mǐ fàn||tā men mǎi jī dàn wǒ men bù xiǎng mǎi mǐ fàn tā míng tiān zuò mǐ fàn	妈妈已经买面条了。你明天买包子。朋友不做面条。||我很喜欢面条。妈妈想买米饭吗？朋友每天做米饭。||他们买鸡蛋。我们不想买米饭。他明天做米饭。
2	食物 · 第2级	tā men mǎi jī dàn tā bù xǐ huān mǐ fàn bà bà měi tiān xǐ huān bāo zi||mā mā yǐ jīng mǎi miàn tiáo le nǐ míng tiān mǎi bāo zi péng yǒu měi tiān zuò mǐ fàn||mā mā xiǎng mǎi mǐ fàn ma péng yǒu bù zuò miàn tiáo wǒ men bù xiǎng mǎi mǐ fàn	他们买鸡蛋。他不喜欢米饭。爸爸每天喜欢包子。||妈妈已经买面条了。你明天买包子。朋友每天做米饭。||妈妈想买米饭吗？朋友不做面条。我们不想买米饭。
2	旅行 · 第2级	mā mā bù xiǎng kàn xíng lǐ nǐ bù kàn fēi jī tā hěn xǐ huān dì tú||wǒ men yǐ jīng kàn fēi jī le tā men xiǎng kàn hǎi biān ma wǒ men hěn xǐ huān xíng lǐ||bà bà bù xǐ huān xíng lǐ tā men míng tiān kàn xíng lǐ tā xǐ huān dì tú	妈妈不想看行李。你不看飞机。她很喜欢地图。||我们已经看飞机了。他们想看海边吗？我们很喜欢行李。||爸爸不喜欢行李。他们明天看行李。他喜欢地图。
2	食物 · 第2级	tā míng tiān zuò mǐ fàn tā men mǎi jī dàn mā mā xiǎng mǎi mǐ fàn ma||wǒ hěn xǐ huān miàn tiáo péng yǒu bù zuò miàn tiáo wǒ měi tiān mǎi jī dàn||tā bù xǐ huān mǐ fàn mā mā yǐ jīng mǎi miàn tiáo le péng yǒu měi tiān zuò mǐ fàn	他明天做米饭。他们买鸡蛋。妈妈想买米饭吗？||我很喜欢面条。朋友不做面条。我每天买鸡蛋。||他不喜欢米饭。妈妈已经买面条了。朋友每天做米饭。
2	旅行 · 第2级	mā mā bù xiǎng kàn xíng lǐ tā men hěn xǐ huān xíng lǐ mā mā xiǎng kàn xíng lǐ ma||nǐ bù kàn fēi jī wǒ men yǐ jīng kàn fēi jī le tā men xiǎng kàn hǎi biān ma||tā hěn xǐ huān dì tú nǐ kàn fēi jī bà bà bù xǐ huān xíng lǐ	妈妈不想看行李。他们很喜欢行李。妈妈想看行李吗？||你不看飞机。我们已经看飞机了。他们想看海边吗？||她很喜欢地图。你看飞机。爸爸不喜欢行李。
2	工作 · 第2级	tā měi tiān xǐ huān míng piàn tā men xiǎng kàn diàn nǎo ma nǐ hěn xǐ huān huì yì||tā xǐ huān huì yì péng yǒu míng tiān kàn jì huà péng yǒu hěn xǐ huān diàn nǎo||mā mā bù xiǎng kàn míng piàn tā yǐ jīng kàn jì huà le péng yǒu hěn xǐ huān huì yì	她每天喜欢名片。他们想看电脑吗？你很喜欢会议。||他喜欢会议。朋友明天看计划。朋友很喜欢电脑。||妈妈不想看名片。她已经看计划了。朋友很喜欢会议。
2	学习 · 第2级	bà bà hěn xǐ huān yīng yǔ tā yǐ jīng kàn yǔ fǎ le tā míng tiān dú zuò yè||wǒ men bù xiǎng liàn xí yīng yǔ péng yǒu hěn xǐ huān yīng yǔ tā men bù xué xí yīng yǔ||bà bà míng tiān fù xí fā yīn tā men yǐ jīng kàn yīng yǔ le bà bà bù xiǎng xué xí yǔ fǎ	爸爸很喜欢英语。他已经看语法了。她明天读作业。||我们不想练习英语。朋友很喜欢英语。他们不学习英语。||爸爸明天复习发音。他们已经看英语了。爸爸不想学习语法。
2	食物 · 第2级	wǒ měi tiān mǎi jī dàn péng yǒu bù zuò miàn tiáo mā mā xiǎng mǎi mǐ fàn ma||nǐ míng tiān mǎi bāo zi tā men mǎi jī dàn mā mā yǐ jīng mǎi miàn tiáo le||wǒ hěn xǐ huān miàn tiáo tā bù xǐ huān mǐ fàn péng yǒu měi tiān zuò mǐ fàn	我每天买鸡蛋。朋友不做面条。妈妈想买米饭吗？||你明天买包子。他们买鸡蛋。妈妈已经买面条了。||我很喜欢面条。他不喜欢米饭。朋友每天做米饭。
2	学习 · 第2级	tā xiǎng liàn xí kè běn ma tā men bù fù xí hàn zì mā mā bù xiǎng dú yīng yǔ||tā men yǐ jīng kàn yīng yǔ le péng yǒu bù xiǎng fù xí fā yīn péng yǒu měi tiān xué xí fā yīn||mā mā bù jì de hàn zì wǒ míng tiān kàn zuò yè tā liàn xí yǔ fǎ	她想练习课本吗？他们不复习汉字。妈妈不想读英语。||他们已经看英语了。朋友不想复习发音。朋友每天学习发音。||妈妈不记得汉字。我明天看作业。他练习语法。
2	学习 · 第2级	mā mā hěn xǐ huān zuò yè nǐ bù xiǎng xué xí kè běn tā yǐ jīng kàn yǔ fǎ le||wǒ míng tiān kàn zuò yè bà bà bù xiǎng xué xí yǔ fǎ tā fù xí yǔ fǎ||péng yǒu měi tiān xué xí yǔ fǎ bà bà míng tiān fù xí fā yīn tā men bù jì de zuò yè	妈妈很喜欢作业。你不想学习课本。他已经看语法了。||我明天看作业。爸爸不想学习语法。她复习语法。||朋友每天学习语法。爸爸明天复习发音。他们不记得作业。
2	旅行 · 第2级	nǐ kàn fēi jī wǒ men hěn xǐ huān xíng lǐ mā mā bù xiǎng kàn xíng lǐ||tā xǐ huān hǎi biān mā mā xiǎng kàn xíng lǐ ma mā mā měi tiān xǐ huān xíng lǐ||nǐ bù kàn fēi jī tā men xiǎng kàn hǎi biān ma tā men míng tiān kàn xíng lǐ	你看飞机。我们很喜欢行李。妈妈不想看行李。||他喜欢海边。妈妈想看行李吗？妈妈每天喜欢行李。||你不看飞机。他们想看海边吗？他们明天看行李。
2	旅行 · 第2级	bà bà bù xǐ huān xíng lǐ mā mā bù xiǎng kàn xíng lǐ nǐ kàn fēi jī||tā men hěn xǐ huān xíng lǐ tā men xiǎng kàn hǎi biān ma tā yǐ jīng kàn dì tú le||wǒ men yǐ jīng kàn fēi jī le mā mā měi tiān xǐ huān xíng lǐ tā men míng tiān kàn xíng lǐ	爸爸不喜欢行李。妈妈不想看行李。你看飞机。||他们很喜欢行李。他们想看海边吗？他已经看地图了。||我们已经看飞机了。妈妈每天喜欢行李。他们明天看行李。
2	旅行 · 第2级	nǐ kàn fēi jī tā yǐ jīng kàn dì tú le nǐ bù kàn fēi jī||tā men xiǎng kàn hǎi biān ma tā xǐ huān dì tú mā mā měi tiān xǐ huān xíng lǐ||bà bà bù xǐ huān xíng lǐ wǒ men yǐ jīng kàn fēi jī le mā mā xiǎng kàn xíng lǐ ma	你看飞机。他已经看地图了。你不看飞机。||他们想看海边吗？他喜欢地图。妈妈每天喜欢行李。||爸爸不喜欢行李。我们已经看飞机了。妈妈想看行李吗？
2	旅行 · 第2级	mā mā xiǎng kàn xíng lǐ ma wǒ men yǐ jīng kàn fēi jī le mā mā měi tiān xǐ huān xíng lǐ||nǐ bù kàn fēi jī wǒ men hěn xǐ huān xíng lǐ nǐ kàn fēi jī||tā men xiǎng kàn hǎi biān ma tā men míng tiān kàn xíng lǐ tā xǐ huān hǎi biān	妈妈想看行李吗？我们已经看飞机了。妈妈每天喜欢行李。||你不看飞机。我们很喜欢行李。你看飞机。||他们想看海边吗？他们明天看行李。他喜欢海边。
2	学习 · 第2级	péng yǒu míng tiān xué xí yīng yǔ tā men měi tiān jì de zuò yè tā bù liàn xí yǔ fǎ||mā mā bù xiǎng dú yīng yǔ péng yǒu měi tiān xué xí yǔ fǎ bà bà bù jì de yīng yǔ||tā men yǐ jīng kàn yīng yǔ le bà bà míng tiān fù xí kè běn tā fù xí yǔ fǎ	朋友明天学习英语。他们每天记得作业。她不练习语法。||妈妈不想读英语。朋友每天学习语法。爸爸不记得英语。||他们已经看英语了。爸爸明天复习课本。她复习语法。
2	食物 · 第2级	wǒ men bù xiǎng mǎi mǐ fàn wǒ hěn xǐ huān miàn tiáo mā mā yǐ jīng mǎi miàn tiáo le||bà bà měi tiān xǐ huān bāo zi tā bù xǐ huān mǐ fàn tā men mǎi jī dàn||nǐ míng tiān mǎi bāo zi mā mā xiǎng mǎi mǐ fàn ma wǒ měi tiān mǎi jī dàn	我们不想买米饭。我很喜欢面条。妈妈已经买面条了。||爸爸每天喜欢包子。他不喜欢米饭。他们买鸡蛋。||你明天买包子。妈妈想买米饭吗？我每天买鸡蛋。
2	学习 · 第2级	tā men jì de fā yīn péng yǒu měi tiān jì de kè běn péng yǒu xiǎng kàn yīng yǔ ma||tā bù xué xí kè běn nǐ hěn xǐ huān kè běn wǒ men bù xiǎng liàn xí yīng yǔ||bà bà hěn xǐ huān zuò yè nǐ xiǎng xué xí fā yīn ma mā mā bù xiǎng fù xí kè běn	他们记得发音。朋友每天记得课本。朋友想看英语吗？||他不学习课本。你很喜欢课本。我们不想练习英语。||爸爸很喜欢作业。你想学习发音吗？妈妈不想复习课本。
2	学习 · 第2级	tā men míng tiān dú hàn zì bà bà xué xí fā yīn tā men bù jì de zuò yè||mā mā míng tiān xué xí kè běn mā mā jì de kè běn tā bù xué xí kè běn||péng yǒu měi tiān xué xí yǔ fǎ péng yǒu bù xiǎng liàn xí yǔ fǎ tā men míng tiān kàn hàn zì	他们明天读汉字。爸爸学习发音。他们不记得作业。||妈妈明天学习课本。妈妈记得课本。他不学习课本。||朋友每天学习语法。朋友不想练习语法。他们明天看汉字。
2	学习 · 第2级	tā men míng tiān kàn hàn zì tā fù xí yǔ fǎ wǒ men bù xiǎng liàn xí yīng yǔ||mā mā jì de kè běn bà bà xiǎng xué xí yǔ fǎ ma péng yǒu měi tiān xué xí yǔ fǎ||bà bà bù jì de yīng yǔ mā mā yǐ jīng dú yīng yǔ le tā men míng tiān dú hàn zì	他们明天看汉字。她复习语法。我们不想练习英语。||妈妈记得课本。爸爸想学习语法吗？朋友每天学习语法。||爸爸不记得英语。妈妈已经读英语了。他们明天读汉字。
2	工作 · 第2级	tā měi tiān kàn gōng sī tā men xiǎng kàn diàn nǎo ma nǐ jì de diàn nǎo||tā men bù xiǎng kàn huì yì nǐ xǐ huān wèn tí péng yǒu míng tiān kàn jì huà||tā yǐ jīng kàn jì huà le tā měi tiān xǐ huān míng piàn wǒ men bù kàn jì huà	他每天看公司。他们想看电脑吗？你记得电脑。||他们不想看会议。你喜欢问题。朋友明天看计划。||她已经看计划了。她每天喜欢名片。我们不看计划。
2	旅行 · 第2级	tā men xiǎng kàn hǎi biān ma tā men hěn xǐ huān xíng lǐ nǐ bù kàn fēi jī||tā yǐ jīng kàn dì tú le tā xǐ huān hǎi biān mā mā měi tiān xǐ huān xíng lǐ||mā mā bù xiǎng kàn xíng lǐ nǐ kàn fēi jī wǒ men yǐ jīng kàn fēi jī le	他们想看海边吗？他们很喜欢行李。你不看飞机。||他已经看地图了。他喜欢海边。妈妈每天喜欢行李。||妈妈不想看行李。你看飞机。我们已经看飞机了。
2	食物 · 第2级	nǐ míng tiān mǎi bāo zi bà bà měi tiān xǐ huān bāo zi mā mā xiǎng mǎi mǐ fàn ma||mā mā míng tiān zuò miàn tiáo tā bù xǐ huān mǐ fàn péng yǒu měi tiān zuò mǐ fàn||tā míng tiān zuò mǐ fàn tā men mǎi jī dàn péng yǒu bù zuò miàn tiáo	你明天买包子。爸爸每天喜欢包子。妈妈想买米饭吗？||妈妈明天做面条。他不喜欢米饭。朋友每天做米饭。||他明天做米饭。他们买鸡蛋。朋友不做面条。
2	旅行 · 第2级	mā mā bù xiǎng kàn xíng lǐ wǒ men hěn xǐ huān xíng lǐ tā xǐ huān dì tú||nǐ kàn fēi jī mā mā měi tiān xǐ huān xíng lǐ tā men xiǎng kàn hǎi biān ma||tā men hěn xǐ huān xíng lǐ mā mā xiǎng kàn xíng lǐ ma tā men míng tiān kàn xíng lǐ	妈妈不想看行李。我们很喜欢行李。他喜欢地图。||你看飞机。妈妈每天喜欢行李。他们想看海边吗？||他们很喜欢行李。妈妈想看行李吗？他们明天看行李。
2	旅行 · 第2级	bà bà bù xǐ huān xíng lǐ tā xǐ huān dì tú tā men míng tiān kàn xíng lǐ||tā men xiǎng kàn hǎi biān ma mā mā bù xiǎng kàn xíng lǐ nǐ bù kàn fēi jī||tā hěn xǐ huān dì tú mā mā xiǎng kàn xíng lǐ ma nǐ kàn fēi jī	爸爸不喜欢行李。他喜欢地图。他们明天看行李。||他们想看海边吗？妈妈不想看行李。你不看飞机。||她很喜欢地图。妈妈想看行李吗？你看飞机。
2	食物 · 第2级	mā mā yǐ jīng mǎi miàn tiáo le tā míng tiān zuò mǐ fàn tā bù xǐ huān mǐ fàn||bà bà měi tiān xǐ huān bāo zi nǐ míng tiān mǎi bāo zi wǒ men bù xiǎng mǎi mǐ fàn||wǒ měi tiān mǎi jī dàn mā mā míng tiān zuò miàn tiáo wǒ hěn xǐ huān miàn tiáo	妈妈已经买面条了。他明天做米饭。他不喜欢米饭。||爸爸每天喜欢包子。你明天买包子。我们不想买米饭。||我每天买鸡蛋。妈妈明天做面条。我很喜欢面条。
2	食物 · 第2级	tā men mǎi jī dàn tā míng tiān zuò mǐ fàn wǒ měi tiān mǎi jī dàn||mā mā xiǎng mǎi mǐ fàn ma péng yǒu měi tiān zuò mǐ fàn mā mā míng tiān zuò miàn tiáo||nǐ míng tiān mǎi bāo zi mā mā yǐ jīng mǎi miàn tiáo le péng yǒu bù zuò miàn tiáo	他们买鸡蛋。他明天做米饭。我每天买鸡蛋。||妈妈想买米饭吗？朋友每天做米饭。妈妈明天做面条。||你明天买包子。妈妈已经买面条了。朋友不做面条。
2	食物 · 第2级	mā mā míng tiān zuò miàn tiáo tā bù xǐ huān mǐ fàn bà bà měi tiān xǐ huān bāo zi||péng yǒu měi tiān zuò mǐ fàn tā míng tiān zuò mǐ fàn péng yǒu bù zuò miàn tiáo||wǒ men bù xiǎng mǎi mǐ fàn nǐ míng tiān mǎi bāo zi mā mā xiǎng mǎi mǐ fàn ma	妈妈明天做面条。他不喜欢米饭。爸爸每天喜欢包子。||朋友每天做米饭。他明天做米饭。朋友不做面条。||我们不想买米饭。你明天买包子。妈妈想买米饭吗？
2	学习 · 第2级	mā mā bù xiǎng dú yīng yǔ péng yǒu xiǎng kàn yīng yǔ ma tā míng tiān liàn xí fā yīn||mā mā bù xiǎng fù xí kè běn péng yǒu yǐ jīng dú yǔ fǎ le tā xiǎng liàn xí kè běn ma||wǒ men xiǎng fù xí fā yīn ma péng yǒu bù xiǎng fù xí fā yīn tā men hěn xǐ huān hàn zì	妈妈不想读英语。朋友想看英语吗？她明天练习发音。||妈妈不想复习课本。朋友已经读语法了。她想练习课本吗？||我们想复习发音吗？朋友不想复习发音。他们很喜欢汉字。
2	食物 · 第2级	bà bà měi tiān xǐ huān bāo zi tā míng tiān zuò mǐ fàn tā men mǎi jī dàn||mā mā yǐ jīng mǎi miàn tiáo le wǒ men bù xiǎng mǎi mǐ fàn mā mā míng tiān zuò miàn tiáo||wǒ měi tiān mǎi jī dàn tā bù xǐ huān mǐ fàn nǐ míng tiān mǎi bāo zi	爸爸每天喜欢包子。他明天做米饭。他们买鸡蛋。||妈妈已经买面条了。我们不想买米饭。妈妈明天做面条。||我每天买鸡蛋。他不喜欢米饭。你明天买包子。
2	食物 · 第2级	wǒ měi tiān mǎi jī dàn tā bù xǐ huān mǐ fàn wǒ hěn xǐ huān miàn tiáo||nǐ míng tiān mǎi bāo zi bà bà měi tiān xǐ huān bāo zi mā mā xiǎng mǎi mǐ fàn ma||tā míng tiān zuò mǐ fàn wǒ men bù xiǎng mǎi mǐ fàn péng yǒu bù zuò miàn tiáo	我每天买鸡蛋。他不喜欢米饭。我很喜欢面条。||你明天买包子。爸爸每天喜欢包子。妈妈想买米饭吗？||他明天做米饭。我们不想买米饭。朋友不做面条。
2	学习 · 第2级	péng yǒu xiǎng kàn yīng yǔ ma mā mā yǐ jīng dú yīng yǔ le tā men jì de fā yīn||bà bà hěn xǐ huān hàn zì tā fù xí yǔ fǎ tā men míng tiān dú hàn zì||péng yǒu yǐ jīng dú yǔ fǎ le wǒ xiǎng liàn xí fā yīn ma tā men míng tiān liàn xí yīng yǔ	朋友想看英语吗？妈妈已经读英语了。他们记得发音。||爸爸很喜欢汉字。她复习语法。他们明天读汉字。||朋友已经读语法了。我想练习发音吗？他们明天练习英语。
3	旅行 · 第3级	tā měi tiān kàn huǒ chē tā bù xiǎng kàn hǎi biān tā xǐ huān xíng lǐ||wǒ xiǎng kàn dì tú ma wǒ měi tiān zhǎo bīn guǎn tā bù xiǎng kàn dì tú||bà bà bù zhǎo dì tú wǒ men kàn xíng lǐ wǒ yǐ jīng kàn bīn guǎn le	他每天看火车。她不想看海边。他喜欢行李。||我想看地图吗？我每天找宾馆。他不想看地图。||爸爸不找地图。我们看行李。我已经看宾馆了。
3	食物 · 第3级	mā mā míng tiān mǎi qīng cài bà bà xiǎng zuò miàn tiáo ma mā mā bù chī miàn tiáo||wǒ men bù mǎi jiǎo zi péng yǒu xiǎng mǎi bāo zi ma tā hěn xǐ huān jī dàn||mā mā xǐ huān jī dàn wǒ xiǎng mǎi miàn tiáo ma wǒ hěn xǐ huān jī dàn	妈妈明天买青菜。爸爸想做面条吗？妈妈不吃面条。||我们不买饺子。朋友想买包子吗？她很喜欢鸡蛋。||妈妈喜欢鸡蛋。我想买面条吗？我很喜欢鸡蛋。
3	旅行 · 第3级	tā měi tiān kàn huǒ chē wǒ yǐ jīng kàn hǎi biān le wǒ men kàn xíng lǐ||tā bù xiǎng kàn hǎi biān nǐ hěn xǐ huān fēi jī wǒ měi tiān zhǎo bīn guǎn||wǒ yǐ jīng kàn bīn guǎn le tā xǐ huān xíng lǐ mā mā xiǎng kàn bīn guǎn ma	他每天看火车。我已经看海边了。我们看行李。||她不想看海边。你很喜欢飞机。我每天找宾馆。||我已经看宾馆了。他喜欢行李。妈妈想看宾馆吗？
3	食物 · 第3级	mā mā měi tiān mǎi qīng cài wǒ xiǎng mǎi miàn tiáo ma mā mā bù chī miàn tiáo||péng yǒu yǐ jīng zuò jiǎo zi le wǒ men měi tiān zuò jiǎo zi wǒ bù zuò jī dàn||mā mā bù xiǎng mǎi bāo zi péng yǒu zuò mǐ fàn wǒ míng tiān mǎi jī dàn	妈妈每天买青菜。我想买面条吗？妈妈不吃面条。||朋友已经做饺子了。我们每天做饺子。我不做鸡蛋。||妈妈不想买包子。朋友做米饭。我明天买鸡蛋。
3	食物 · 第3级	bà bà hěn xǐ huān bāo zi péng yǒu zuò mǐ fàn nǐ bù xǐ huān bāo zi||wǒ hěn xǐ huān jī dàn bà bà xiǎng zuò miàn tiáo ma mā mā měi tiān chī miàn tiáo||péng yǒu yǐ jīng zuò jī dàn le wǒ bù zuò jī dàn mā mā bù xiǎng mǎi bāo zi	爸爸很喜欢包子。朋友做米饭。你不喜欢包子。||我很喜欢鸡蛋。爸爸想做面条吗？妈妈每天吃面条。||朋友已经做鸡蛋了。我不做鸡蛋。妈妈不想买包子。
3	食物 · 第3级	mā mā bù chī miàn tiáo wǒ míng tiān mǎi jī dàn péng yǒu hěn xǐ huān miàn tiáo||tā bù xiǎng mǎi miàn tiáo péng yǒu xiǎng mǎi bāo zi ma mā mā mǎi jiǎo zi||péng yǒu zuò mǐ fàn mā mā měi tiān chī miàn tiáo bà bà xiǎng zuò miàn tiáo ma	妈妈不吃面条。我明天买鸡蛋。朋友很喜欢面条。||他不想买面条。朋友想买包子吗？妈妈买饺子。||朋友做米饭。妈妈每天吃面条。爸爸想做面条吗？
3	食物 · 第3级	péng yǒu zuò mǐ fàn nǐ bù xǐ huān bāo zi wǒ míng tiān mǎi jī dàn||mā mā míng tiān mǎi qīng cài péng yǒu hěn xǐ huān miàn tiáo mā mā bù chī miàn tiáo||mā mā měi tiān mǎi qīng cài mā mā bù chī mǐ fàn tā men hěn xǐ huān jī dàn	朋友做米饭。你不喜欢包子。我明天买鸡蛋。||妈妈明天买青菜。朋友很喜欢面条。妈妈不吃面条。||妈妈每天买青菜。妈妈不吃米饭。他们很喜欢鸡蛋。
3	食物 · 第3级	bà bà xiǎng zuò miàn tiáo ma wǒ bù zuò jī dàn mā mā měi tiān mǎi qīng cài||wǒ xiǎng mǎi miàn tiáo ma wǒ hěn xǐ huān jī dàn wǒ men měi tiān zuò jiǎo zi||mā mā bù xiǎng mǎi bāo zi bà bà hěn xǐ huān bāo zi péng yǒu yǐ jīng zuò jī dàn le	爸爸想做面条吗？我不做鸡蛋。妈妈每天买青菜。||我想买面条吗？我很喜欢鸡蛋。我们每天做饺子。||妈妈不想买包子。爸爸很喜欢包子。朋友已经做鸡蛋了。
3	学习 · 第3级	tā hěn xǐ huān yīng yǔ bà bà bù xiǎng liàn xí hàn zì tā míng tiān liàn xí yǔ fǎ||bà bà bù fù xí zuò yè tā bù xiǎng kàn kè běn mā mā xiǎng liàn xí zuò yè ma||wǒ men yǐ jīng fù xí yīng yǔ le mā mā bù xiǎng dú hàn zì bà bà míng tiān liàn xí zuò yè	他很喜欢英语。爸爸不想练习汉字。他明天练习语法。||爸爸不复习作业。她不想看课本。妈妈想练习作业吗？||我们已经复习英语了。妈妈不想读汉字。爸爸明天练习作业。
3	学习 · 第3级	tā xiǎng dú yīng yǔ ma tā měi tiān xué xí yīng yǔ nǐ jì de hàn zì||tā xiǎng xué xí hàn zì ma nǐ liàn xí zuò yè wǒ hěn xǐ huān zuò yè||tā men xiǎng fù xí hàn zì ma nǐ měi tiān dú gù shì shū nǐ hěn xǐ huān hàn zì	她想读英语吗？她每天学习英语。你记得汉字。||她想学习汉字吗？你练习作业。我很喜欢作业。||他们想复习汉字吗？你每天读故事书。你很喜欢汉字。
3	工作 · 第3级	nǐ xiǎng kàn wèn tí ma wǒ bù kàn gōng sī tā měi tiān jì de gōng sī||lǎo shī bù kàn wèn tí tā měi tiān zhǔn bèi wèn tí bà bà hěn xǐ huān gōng sī||mā mā bù xǐ huān gōng sī nǐ hěn xǐ huān jì huà tā xiǎng kàn míng piàn ma	你想看问题吗？我不看公司。她每天记得公司。||老师不看问题。他每天准备问题。爸爸很喜欢公司。||妈妈不喜欢公司。你很喜欢计划。他想看名片吗？
3	旅行 · 第3级	tā měi tiān kàn huǒ chē wǒ yǐ jīng kàn hǎi biān le tā xǐ huān xíng lǐ||mā mā xiǎng kàn bīn guǎn ma nǐ hěn xǐ huān fēi jī tā měi tiān zhǎo dì tú||tā bù xiǎng kàn hǎi biān wǒ měi tiān zhǎo bīn guǎn wǒ yǐ jīng kàn bīn guǎn le	他每天看火车。我已经看海边了。他喜欢行李。||妈妈想看宾馆吗？你很喜欢飞机。他每天找地图。||她不想看海边。我每天找宾馆。我已经看宾馆了。
3	旅行 · 第3级	bà bà bù zhǎo dì tú tā bù xiǎng kàn hǎi biān mā mā xiǎng kàn bīn guǎn ma||wǒ xiǎng kàn dì tú ma tā xǐ huān xíng lǐ tā bù xiǎng kàn dì tú||tā měi tiān kàn huǒ chē nǐ hěn xǐ huān fēi jī wǒ yǐ jīng kàn bīn guǎn le	爸爸不找地图。她不想看海边。妈妈想看宾馆吗？||我想看地图吗？他喜欢行李。他不想看地图。||他每天看火车。你很喜欢飞机。我已经看宾馆了。
3	学习 · 第3级	mā mā xiǎng dú yǔ fǎ ma bà bà bù xiǎng liàn xí hàn zì wǒ men xué xí yīng yǔ||tā xiǎng xué xí hàn zì ma tā bù xiǎng kàn kè běn tā men yǐ jīng fù xí fā yīn le||nǐ yǐ jīng kàn hàn zì le tā men míng tiān xué xí hàn zì tā men bù xiǎng kàn yǔ fǎ	妈妈想读语法吗？爸爸不想练习汉字。我们学习英语。||她想学习汉字吗？她不想看课本。他们已经复习发音了。||你已经看汉字了。他们明天学习汉字。他们不想看语法。
3	食物 · 第3级	mā mā mǎi jiǎo zi tā bù xiǎng mǎi miàn tiáo tā men bù mǎi shuǐ guǒ||tā men hěn xǐ huān jī dàn péng yǒu zuò mǐ fàn mā mā měi tiān mǎi qīng cài||wǒ hěn xǐ huān jī dàn wǒ míng tiān mǎi jī dàn mā mā měi tiān chī miàn tiáo	妈妈买饺子。他不想买面条。他们不买水果。||他们很喜欢鸡蛋。朋友做米饭。妈妈每天买青菜。||我很喜欢鸡蛋。我明天买鸡蛋。妈妈每天吃面条。
3	工作 · 第3级	péng yǒu bù jì de jì huà mā mā hěn xǐ huān jì huà tā jì de míng piàn||bà bà bù zhǎo wèn tí bà bà měi tiān zhǎo wèn tí wǒ men xǐ huān míng piàn||nǐ xiǎng kàn wèn tí ma nǐ hěn xǐ huān jì huà péng yǒu jì de huì yì	朋友不记得计划。妈妈很喜欢计划。他记得名片。||爸爸不找问题。爸爸每天找问题。我们喜欢名片。||你想看问题吗？你很喜欢计划。朋友记得会议。
3	食物 · 第3级	wǒ men měi tiān zuò jiǎo zi mā mā bù zuò jiǎo zi péng yǒu hěn xǐ huān miàn tiáo||péng yǒu yǐ jīng zuò jī dàn le tā men bù mǎi shuǐ guǒ mā mā měi tiān chī miàn tiáo||bà bà hěn xǐ huān bāo zi bà bà xiǎng zuò miàn tiáo ma tā bù xiǎng mǎi miàn tiáo	我们每天做饺子。妈妈不做饺子。朋友很喜欢面条。||朋友已经做鸡蛋了。他们不买水果。妈妈每天吃面条。||爸爸很喜欢包子。爸爸想做面条吗？他不想买面条。
3	工作 · 第3级	bà bà hěn xǐ huān gōng sī wǒ men bù xiǎng kàn wèn tí tā men bù zhǔn bèi wèn tí||tā měi tiān xǐ huān gōng sī mā mā hěn xǐ huān jì huà mā mā bù xǐ huān míng piàn||nǐ hěn xǐ huān jì huà wǒ bù kàn gōng sī tā xiǎng kàn míng piàn ma	爸爸很喜欢公司。我们不想看问题。他们不准备问题。||她每天喜欢公司。妈妈很喜欢计划。妈妈不喜欢名片。||你很喜欢计划。我不看公司。他想看名片吗？
3	旅行 · 第3级	tā xǐ huān xíng lǐ wǒ yǐ jīng kàn bīn guǎn le wǒ xiǎng kàn dì tú ma||tā měi tiān kàn huǒ chē wǒ yǐ jīng kàn hǎi biān le wǒ men kàn xíng lǐ||nǐ hěn xǐ huān fēi jī tā bù xiǎng kàn dì tú mā mā xiǎng kàn bīn guǎn ma	他喜欢行李。我已经看宾馆了。我想看地图吗？||他每天看火车。我已经看海边了。我们看行李。||你很喜欢飞机。他不想看地图。妈妈想看宾馆吗？
3	食物 · 第3级	mā mā míng tiān mǎi qīng cài tā bù xiǎng mǎi miàn tiáo mā mā bù chī miàn tiáo||tā men hěn xǐ huān jī dàn tā men bù mǎi shuǐ guǒ péng yǒu zuò mǐ fàn||mā mā mǎi jiǎo zi mā mā bù zuò jiǎo zi tā men yǐ jīng mǎi jiǎo zi le	妈妈明天买青菜。他不想买面条。妈妈不吃面条。||他们很喜欢鸡蛋。他们不买水果。朋友做米饭。||妈妈买饺子。妈妈不做饺子。他们已经买饺子了。
3	学习 · 第3级	mā mā bù xiǎng dú fā yīn tā xiǎng dú yīng yǔ ma wǒ men fù xí hàn zì||wǒ bù fù xí yīng yǔ tā men xiǎng fù xí hàn zì ma péng yǒu xué xí kè běn||péng yǒu měi tiān xué xí zuò yè tā bù xiǎng kàn kè běn tā xiǎng kàn yǔ fǎ ma	妈妈不想读发音。她想读英语吗？我们复习汉字。||我不复习英语。他们想复习汉字吗？朋友学习课本。||朋友每天学习作业。她不想看课本。她想看语法吗？
3	工作 · 第3级	wǒ hěn xǐ huān míng piàn lǎo shī bù kàn wèn tí tā měi tiān zhǔn bèi wèn tí||wǒ men bù xiǎng kàn wèn tí mā mā bù xǐ huān míng piàn bà bà hěn xǐ huān gōng sī||tā men měi tiān zhǎo huì yì mā mā bù xǐ huān gōng sī péng yǒu yǐ jīng kàn gōng sī le	我很喜欢名片。老师不看问题。他每天准备问题。||我们不想看问题。妈妈不喜欢名片。爸爸很喜欢公司。||他们每天找会议。妈妈不喜欢公司。朋友已经看公司了。
3	食物 · 第3级	péng yǒu zuò mǐ fàn bà bà hěn xǐ huān bāo zi tā men bù mǎi shuǐ guǒ||tā men hěn xǐ huān jī dàn tā bù xiǎng mǎi miàn tiáo bà bà xiǎng zuò miàn tiáo ma||wǒ bù zuò jī dàn wǒ hěn xǐ huān jī dàn mā mā xǐ huān jī dàn	朋友做米饭。爸爸很喜欢包子。他们不买水果。||他们很喜欢鸡蛋。他不想买面条。爸爸想做面条吗？||我不做鸡蛋。我很喜欢鸡蛋。妈妈喜欢鸡蛋。
3	旅行 · 第3级	tā bù xiǎng kàn hǎi biān tā měi tiān kàn huǒ chē bà bà bù zhǎo dì tú||lǎo shī bù kàn hǎi biān tā xǐ huān xíng lǐ mā mā xiǎng kàn bīn guǎn ma||wǒ yǐ jīng kàn hǎi biān le tā měi tiān zhǎo dì tú tā bù xiǎng kàn dì tú	她不想看海边。他每天看火车。爸爸不找地图。||老师不看海边。他喜欢行李。妈妈想看宾馆吗？||我已经看海边了。他每天找地图。他不想看地图。
3	工作 · 第3级	bà bà bù zhǎo wèn tí bà bà měi tiān zhǔn bèi diàn nǎo péng yǒu yǐ jīng kàn gōng sī le||nǐ hěn xǐ huān jì huà tā xiǎng kàn míng piàn ma wǒ men bù xiǎng kàn wèn tí||tā men bù zhǔn bèi wèn tí bà bà měi tiān zhǎo wèn tí wǒ men xǐ huān míng piàn	爸爸不找问题。爸爸每天准备电脑。朋友已经看公司了。||你很喜欢计划。他想看名片吗？我们不想看问题。||他们不准备问题。爸爸每天找问题。我们喜欢名片。
3	食物 · 第3级	péng yǒu yǐ jīng zuò jī dàn le tā bù xiǎng mǎi miàn tiáo wǒ xiǎng mǎi miàn tiáo ma||wǒ míng tiān mǎi jī dàn wǒ men bù mǎi jiǎo zi tā hěn xǐ huān jī dàn||wǒ men měi tiān zuò jiǎo zi mā mā bù xiǎng mǎi bāo zi mā mā míng tiān mǎi qīng cài	朋友已经做鸡蛋了。他不想买面条。我想买面条吗？||我明天买鸡蛋。我们不买饺子。她很喜欢鸡蛋。||我们每天做饺子。妈妈不想买包子。妈妈明天买青菜。
3	旅行 · 第3级	mā mā xiǎng kàn bīn guǎn ma tā bù xiǎng kàn dì tú wǒ měi tiān zhǎo bīn guǎn||tā měi tiān kàn huǒ chē tā xǐ huān xíng lǐ lǎo shī bù kàn hǎi biān||nǐ hěn xǐ huān fēi jī wǒ xiǎng kàn dì tú ma wǒ men kàn xíng lǐ	妈妈想看宾馆吗？他不想看地图。我每天找宾馆。||他每天看火车。他喜欢行李。老师不看海边。||你很喜欢飞机。我想看地图吗？我们看行李。
3	工作 · 第3级	péng yǒu jì de huì yì bà bà hěn xǐ huān gōng sī wǒ bù kàn gōng sī||tā jì de míng piàn tā měi tiān jì de gōng sī lǎo shī bù kàn wèn tí||wǒ men xǐ huān míng piàn mā mā bù xǐ huān míng piàn tā men měi tiān zhǎo huì yì	朋友记得会议。爸爸很喜欢公司。我不看公司。||他记得名片。她每天记得公司。老师不看问题。||我们喜欢名片。妈妈不喜欢名片。他们每天找会议。
3	旅行 · 第3级	tā bù xiǎng kàn dì tú wǒ yǐ jīng kàn hǎi biān le wǒ měi tiān zhǎo bīn guǎn||mā mā xiǎng kàn bīn guǎn ma lǎo shī bù kàn hǎi biān wǒ men kàn xíng lǐ||tā xǐ huān xíng lǐ nǐ hěn xǐ huān fēi jī wǒ xiǎng kàn dì tú ma	他不想看地图。我已经看海边了。我每天找宾馆。||妈妈想看宾馆吗？老师不看海边。我们看行李。||他喜欢行李。你很喜欢飞机。我想看地图吗？
3	学习 · 第3级	bà bà bù xiǎng liàn xí zuò yè tā men yǐ jīng xué xí yīng yǔ le nǐ měi tiān jì de hàn zì||tā men bù xiǎng kàn yǔ fǎ wǒ men fù xí yīng yǔ lǎo shī měi tiān kàn yǔ fǎ||tā men jì de zuò yè wǒ xiǎng liàn xí yǔ fǎ ma tā měi tiān xué xí yīng yǔ	爸爸不想练习作业。他们已经学习英语了。你每天记得汉字。||他们不想看语法。我们复习英语。老师每天看语法。||他们记得作业。我想练习语法吗？她每天学习英语。
3	旅行 · 第3级	tā bù xiǎng kàn hǎi biān wǒ měi tiān zhǎo bīn guǎn mā mā xiǎng kàn bīn guǎn ma||wǒ xiǎng kàn dì tú ma tā měi tiān kàn huǒ chē wǒ men kàn xíng lǐ||wǒ yǐ jīng kàn hǎi biān le nǐ hěn xǐ huān fēi jī lǎo shī bù kàn hǎi biān	她不想看海边。我每天找宾馆。妈妈想看宾馆吗？||我想看地图吗？他每天看火车。我们看行李。||我已经看海边了。你很喜欢飞机。老师不看海边。
3	工作 · 第3级	tā měi tiān jì de gōng sī péng yǒu bù jì de jì huà péng yǒu yǐ jīng kàn gōng sī le||mā mā hěn xǐ huān jì huà tā jì de míng piàn bà bà bù zhǎo wèn tí||tā měi tiān xǐ huān jì huà lǎo shī bù kàn wèn tí péng yǒu jì de huì yì	她每天记得公司。朋友不记得计划。朋友已经看公司了。||妈妈很喜欢计划。他记得名片。爸爸不找问题。||他每天喜欢计划。老师不看问题。朋友记得会议。
4	旅行 · 第4级	nǐ bù zhǎo hǎi biān tā men cháng cháng kàn dì tú bà bà zhǎo bīn guǎn||péng yǒu měi tiān xǐ huān fēi jī bà bà kàn huǒ chē péng yǒu hěn xǐ huān fēi jī||tā yǐ jīng kàn xíng lǐ le wǒ bù zhǎo bīn guǎn bà bà cháng cháng kàn cháng chéng	你不找海边。他们常常看地图。爸爸找宾馆。||朋友每天喜欢飞机。爸爸看火车。朋友很喜欢飞机。||他已经看行李了。我不找宾馆。爸爸常常看长城。
4	学习 · 第4级	péng yǒu bù xué xí zuò yè wǒ men xiǎng dú zuò yè ma qǐng kàn yīng yǔ||péng yǒu bù xiǎng liàn xí gù shì shū nǐ yǐ jīng xué xí fā yīn le qǐng kàn kè běn||tā men míng tiān kàn zhōng wén qǐng dú kè běn tā men měi tiān liàn xí shù xué	朋友不学习作业。我们想读作业吗？请看英语。||朋友不想练习故事书。你已经学习发音了。请看课本。||他们明天看中文。请读课本。他们每天练习数学。
4	饮料 · 第4级	bà bà míng tiān hē guǒ zhī wǒ men cháng cháng hē niú nǎi qǐng mǎi kā fēi||bà bà cháng cháng mǎi niú nǎi qǐng mǎi niú nǎi lǎo shī míng tiān mǎi niú nǎi||lǎo shī mǎi niú nǎi péng yǒu měi tiān mǎi guǒ zhī qǐng hē niú nǎi	爸爸明天喝果汁。我们常常喝牛奶。请买咖啡。||爸爸常常买牛奶。请买牛奶。老师明天买牛奶。||老师买牛奶。朋友每天买果汁。请喝牛奶。
4	饮料 · 第4级	qǐng hē kā fēi wǒ men cháng cháng hē niú nǎi lǎo shī míng tiān mǎi niú nǎi||bà bà cháng cháng mǎi niú nǎi qǐng mǎi kā fēi bà bà míng tiān hē guǒ zhī||lǎo shī mǎi niú nǎi qǐng hē niú nǎi péng yǒu měi tiān mǎi guǒ zhī	请喝咖啡。我们常常喝牛奶。老师明天买牛奶。||爸爸常常买牛奶。请买咖啡。爸爸明天喝果汁。||老师买牛奶。请喝牛奶。朋友每天买果汁。
4	食物 · 第4级	nǐ míng tiān zuò jī dàn qǐng mǎi mǐ fàn péng yǒu bù mǎi qīng cài||péng yǒu xǐ huān bāo zi qǐng mǎi miàn tiáo tā míng tiān mǎi jiǎo zi||mā mā míng tiān chī miàn tiáo mā mā hěn xǐ huān jiǎo zi mā mā xiǎng mǎi jī dàn ma	你明天做鸡蛋。请买米饭。朋友不买青菜。||朋友喜欢包子。请买面条。他明天买饺子。||妈妈明天吃面条。妈妈很喜欢饺子。妈妈想买鸡蛋吗？
4	工作 · 第4级	lǎo shī míng tiān kàn gōng sī wǒ měi tiān zhǔn bèi míng piàn tā hěn xǐ huān gōng sī||lǎo shī měi tiān kàn bàn gōng shì tā men hěn xǐ huān gōng sī péng yǒu bù zhǔn bèi diàn nǎo||mā mā bù jì de gōng sī wǒ zhǔn bèi huì yì wǒ míng tiān zhǔn bèi diàn nǎo	老师明天看公司。我每天准备名片。她很喜欢公司。||老师每天看办公室。他们很喜欢公司。朋友不准备电脑。||妈妈不记得公司。我准备会议。我明天准备电脑。
4	学习 · 第4级	tā men míng tiān fù xí gù shì shū nǐ bù xiǎng kàn hàn zì péng yǒu hěn xǐ huān hàn zì||qǐng dú yǔ fǎ tā míng tiān dú gù shì shū péng yǒu bù xué xí zuò yè||tā men míng tiān kàn zhōng wén wǒ men měi tiān xué xí gù shì shū tā yǐ jīng liàn xí kè běn le	他们明天复习故事书。你不想看汉字。朋友很喜欢汉字。||请读语法。他明天读故事书。朋友不学习作业。||他们明天看中文。我们每天学习故事书。他已经练习课本了。
4	学习 · 第4级	tā men míng tiān kàn zhōng wén tā měi tiān jì de gù shì shū nǐ kàn gù shì shū||nǐ bù xiǎng kàn hàn zì tā yǐ jīng xué xí yǔ fǎ le qǐng kàn kè běn||qǐng dú fā yīn péng yǒu bù xiǎng liàn xí gù shì shū wǒ men xiǎng dú zuò yè ma	他们明天看中文。她每天记得故事书。你看故事书。||你不想看汉字。他已经学习语法了。请看课本。||请读发音。朋友不想练习故事书。我们想读作业吗？
4	旅行 · 第4级	bà bà bù xiǎng kàn fēi jī bà bà zhǎo bīn guǎn wǒ bù zhǎo bīn guǎn||mā mā cháng cháng kàn huǒ chē péng yǒu bù xǐ huān fēi jī péng yǒu hěn xǐ huān fēi jī||tā men cháng cháng kàn hǎi biān qǐng kàn dì tú nǐ bù zhǎo hǎi biān	爸爸不想看飞机。爸爸找宾馆。我不找宾馆。||妈妈常常看火车。朋友不喜欢飞机。朋友很喜欢飞机。||他们常常看海边。请看地图。你不找海边。
4	食物 · 第4级	mā mā míng tiān chī miàn tiáo péng yǒu bù xǐ huān jī dàn mā mā xiǎng mǎi jī dàn ma||nǐ měi tiān xǐ huān jiǎo zi tā bù xiǎng zuò miàn tiáo tā men míng tiān mǎi zhōng guó cài||tā bù xiǎng zuò mǐ fàn tā yǐ jīng zuò bāo zi le wǒ xiǎng zuò mǐ fàn ma	妈妈明天吃面条。朋友不喜欢鸡蛋。妈妈想买鸡蛋吗？||你每天喜欢饺子。他不想做面条。他们明天买中国菜。||他不想做米饭。她已经做包子了。我想做米饭吗？
4	工作 · 第4级	bà bà yǐ jīng zhǔn bèi huì yì le qǐng kàn wèn tí mā mā cháng cháng kàn huì yì||wǒ men cháng cháng kàn diàn nǎo wǒ men míng tiān kàn tóng shì qǐng kàn huì yì||mā mā cháng cháng kàn míng piàn lǎo shī míng tiān kàn diàn nǎo bà bà yǐ jīng zhǔn bèi jì huà le	爸爸已经准备会议了。请看问题。妈妈常常看会议。||我们常常看电脑。我们明天看同事。请看会议。||妈妈常常看名片。老师明天看电脑。爸爸已经准备计划了。
4	食物 · 第4级	lǎo shī mǎi miàn tiáo qǐng mǎi mǐ fàn tā xiǎng zuò bāo zi ma||tā yǐ jīng zuò bāo zi le bà bà míng tiān zuò zhōng guó cài wǒ xiǎng zuò mǐ fàn ma||tā bù xiǎng zuò mǐ fàn mā mā hěn xǐ huān jiǎo zi péng yǒu bù mǎi qīng cài	老师买面条。请买米饭。她想做包子吗？||她已经做包子了。爸爸明天做中国菜。我想做米饭吗？||他不想做米饭。妈妈很喜欢饺子。朋友不买青菜。
4	工作 · 第4级	wǒ míng tiān zhǔn bèi míng piàn lǎo shī měi tiān jì de bàn gōng shì tā men hěn xǐ huān gōng sī||mā mā cháng cháng kàn huì yì péng yǒu bù zhǔn bèi diàn nǎo péng yǒu měi tiān zhǎo diàn nǎo||qǐng kàn wèn tí wǒ men měi tiān zhǔn bèi gōng sī lǎo shī míng tiān kàn diàn nǎo	我明天准备名片。老师每天记得办公室。他们很喜欢公司。||妈妈常常看会议。朋友不准备电脑。朋友每天找电脑。||请看问题。我们每天准备公司。老师明天看电脑。
4	食物 · 第4级	tā bù xiǎng zuò miàn tiáo mā mā xiǎng mǎi jī dàn ma bà bà míng tiān zuò zhōng guó cài||nǐ míng tiān zuò jī dàn qǐng mǎi mǐ fàn lǎo shī mǎi miàn tiáo||péng yǒu bù xǐ huān jī dàn mā mā bù xiǎng mǎi jī dàn tā míng tiān mǎi jiǎo zi	他不想做面条。妈妈想买鸡蛋吗？爸爸明天做中国菜。||你明天做鸡蛋。请买米饭。老师买面条。||朋友不喜欢鸡蛋。妈妈不想买鸡蛋。他明天买饺子。
4	旅行 · 第4级	péng yǒu hěn xǐ huān fēi jī tā men cháng cháng kàn dì tú bà bà kàn huǒ chē||péng yǒu měi tiān xǐ huān fēi jī bà bà zhǎo bīn guǎn nǐ bù zhǎo hǎi biān||qǐng kàn hǎi biān péng yǒu bù xǐ huān fēi jī tā yǐ jīng kàn xíng lǐ le	朋友很喜欢飞机。他们常常看地图。爸爸看火车。||朋友每天喜欢飞机。爸爸找宾馆。你不找海边。||请看海边。朋友不喜欢飞机。他已经看行李了。
4	饮料 · 第4级	péng yǒu měi tiān mǎi guǒ zhī wǒ men cháng cháng hē niú nǎi qǐng hē kā fēi||bà bà cháng cháng mǎi niú nǎi qǐng hē niú nǎi bà bà míng tiān hē guǒ zhī||lǎo shī míng tiān mǎi niú nǎi lǎo shī mǎi niú nǎi qǐng mǎi niú nǎi	朋友每天买果汁。我们常常喝牛奶。请喝咖啡。||爸爸常常买牛奶。请喝牛奶。爸爸明天喝果汁。||老师明天买牛奶。老师买牛奶。请买牛奶。
4	食物 · 第4级	péng yǒu bù xǐ huān jī dàn tā men míng tiān mǎi zhōng guó cài tā bù xiǎng zuò miàn tiáo||mā mā míng tiān chī miàn tiáo wǒ xiǎng zuò mǐ fàn ma qǐng mǎi mǐ fàn||mā mā xiǎng mǎi jī dàn ma péng yǒu xǐ huān bāo zi tā yǐ jīng zuò bāo zi le	朋友不喜欢鸡蛋。他们明天买中国菜。他不想做面条。||妈妈明天吃面条。我想做米饭吗？请买米饭。||妈妈想买鸡蛋吗？朋友喜欢包子。她已经做包子了。
4	旅行 · 第4级	wǒ bù zhǎo bīn guǎn qǐng kàn hǎi biān tā men cháng cháng kàn hǎi biān||péng yǒu měi tiān xǐ huān fēi jī qǐng kàn bīn guǎn tā yǐ jīng kàn xíng lǐ le||tā men cháng cháng kàn dì tú bà bà zhǎo bīn guǎn péng yǒu hěn xǐ huān fēi jī	我不找宾馆。请看海边。他们常常看海边。||朋友每天喜欢飞机。请看宾馆。他已经看行李了。||他们常常看地图。爸爸找宾馆。朋友很喜欢飞机。
4	食物 · 第4级	tā yǐ jīng zuò bāo zi le tā bù xiǎng zuò mǐ fàn mā mā míng tiān chī miàn tiáo||wǒ men hěn xǐ huān jiǎo zi lǎo shī mǎi miàn tiáo tā bù xiǎng zuò miàn tiáo||wǒ xiǎng zuò mǐ fàn ma péng yǒu xǐ huān bāo zi tā men míng tiān mǎi zhōng guó cài	她已经做包子了。他不想做米饭。妈妈明天吃面条。||我们很喜欢饺子。老师买面条。他不想做面条。||我想做米饭吗？朋友喜欢包子。他们明天买中国菜。
4	旅行 · 第4级	péng yǒu měi tiān xǐ huān fēi jī bà bà cháng cháng kàn cháng chéng qǐng kàn hǎi biān||tā men cháng cháng kàn hǎi biān péng yǒu bù xǐ huān fēi jī bà bà zhǎo bīn guǎn||qǐng kàn dì tú tā yǐ jīng kàn xíng lǐ le nǐ bù zhǎo hǎi biān	朋友每天喜欢飞机。爸爸常常看长城。请看海边。||他们常常看海边。朋友不喜欢飞机。爸爸找宾馆。||请看地图。他已经看行李了。你不找海边。
4	食物 · 第4级	wǒ men cháng cháng chī miàn tiáo tā míng tiān mǎi jiǎo zi nǐ měi tiān xǐ huān jiǎo zi||bà bà míng tiān zuò zhōng guó cài wǒ xiǎng zuò mǐ fàn ma péng yǒu bù xǐ huān jī dàn||mā mā hěn xǐ huān jiǎo zi péng yǒu xǐ huān bāo zi mā mā bù xiǎng mǎi jī dàn	我们常常吃面条。他明天买饺子。你每天喜欢饺子。||爸爸明天做中国菜。我想做米饭吗？朋友不喜欢鸡蛋。||妈妈很喜欢饺子。朋友喜欢包子。妈妈不想买鸡蛋。
4	工作 · 第4级	lǎo shī měi tiān jì de bàn gōng shì péng yǒu bù zhǔn bèi diàn nǎo bà bà yǐ jīng zhǔn bèi huì yì le||péng yǒu hěn xǐ huān gōng sī mā mā cháng cháng kàn míng piàn wǒ zhǔn bèi huì yì||wǒ men míng tiān kàn tóng shì bà bà zhǎo wèn tí bà bà bù kàn bàn gōng shì	老师每天记得办公室。朋友不准备电脑。爸爸已经准备会议了。||朋友很喜欢公司。妈妈常常看名片。我准备会议。||我们明天看同事。爸爸找问题。爸爸不看办公室。
4	食物 · 第4级	mā mā bù xiǎng mǎi jī dàn tā xiǎng zuò bāo zi ma péng yǒu měi tiān zuò jī dàn||mā mā měi tiān xǐ huān shuǐ guǒ tā míng tiān mǎi jiǎo zi mā mā xiǎng mǎi jī dàn ma||nǐ míng tiān zuò jī dàn nǐ měi tiān xǐ huān jiǎo zi wǒ men hěn xǐ huān jiǎo zi	妈妈不想买鸡蛋。她想做包子吗？朋友每天做鸡蛋。||妈妈每天喜欢水果。他明天买饺子。妈妈想买鸡蛋吗？||你明天做鸡蛋。你每天喜欢饺子。我们很喜欢饺子。
4	食物 · 第4级	péng yǒu bù xǐ huān jī dàn tā bù xiǎng zuò miàn tiáo mā mā xiǎng mǎi jī dàn ma||bà bà míng tiān zuò zhōng guó cài tā men hěn xǐ huān shuǐ guǒ lǎo shī mǎi miàn tiáo||tā xiǎng zuò bāo zi ma wǒ men hěn xǐ huān jiǎo zi péng yǒu xǐ huān bāo zi	朋友不喜欢鸡蛋。他不想做面条。妈妈想买鸡蛋吗？||爸爸明天做中国菜。他们很喜欢水果。老师买面条。||她想做包子吗？我们很喜欢饺子。朋友喜欢包子。
4	学习 · 第4级	nǐ yǐ jīng fù xí zuò yè le mā mā xiǎng fù xí gù shì shū ma wǒ bù xiǎng fù xí hàn zì||bà bà měi tiān fù xí gù shì shū péng yǒu hěn xǐ huān hàn zì tā yǐ jīng liàn xí yǔ fǎ le||wǒ men xiǎng liàn xí gù shì shū ma lǎo shī míng tiān kàn yǔ fǎ wǒ měi tiān liàn xí gù shì shū	你已经复习作业了。妈妈想复习故事书吗？我不想复习汉字。||爸爸每天复习故事书。朋友很喜欢汉字。她已经练习语法了。||我们想练习故事书吗？老师明天看语法。我每天练习故事书。
4	食物 · 第4级	mā mā míng tiān chī miàn tiáo mā mā bù xiǎng mǎi jī dàn qǐng mǎi mǐ fàn||lǎo shī měi tiān zuò shuǐ guǒ tā yǐ jīng zuò bāo zi le péng yǒu bù mǎi qīng cài||tā xiǎng zuò bāo zi ma lǎo shī mǎi miàn tiáo mā mā měi tiān xǐ huān shuǐ guǒ	妈妈明天吃面条。妈妈不想买鸡蛋。请买米饭。||老师每天做水果。她已经做包子了。朋友不买青菜。||她想做包子吗？老师买面条。妈妈每天喜欢水果。
4	学习 · 第4级	bà bà měi tiān fù xí gù shì shū mā mā yǐ jīng kàn gù shì shū le mā mā bù liàn xí gù shì shū||lǎo shī hěn xǐ huān fā yīn qǐng dú yǔ fǎ nǐ yǐ jīng xué xí fā yīn le||tā xiǎng kàn zuò yè ma bà bà bù xué xí gù shì shū qǐng kàn fā yīn	爸爸每天复习故事书。妈妈已经看故事书了。妈妈不练习故事书。||老师很喜欢发音。请读语法。你已经学习发音了。||他想看作业吗？爸爸不学习故事书。请看发音。
4	学习 · 第4级	lǎo shī míng tiān kàn yǔ fǎ wǒ měi tiān liàn xí gù shì shū qǐng dú fā yīn||nǐ yǐ jīng xué xí hàn zì le tā měi tiān jì de gù shì shū qǐng kàn fā yīn||lǎo shī hěn xǐ huān fā yīn qǐng kàn yīng yǔ nǐ míng tiān liàn xí hàn zì	老师明天看语法。我每天练习故事书。请读发音。||你已经学习汉字了。她每天记得故事书。请看发音。||老师很喜欢发音。请看英语。你明天练习汉字。
4	旅行 · 第4级	tā yǐ jīng kàn xíng lǐ le bà bà kàn huǒ chē péng yǒu hěn xǐ huān fēi jī||péng yǒu měi tiān xǐ huān fēi jī péng yǒu bù xǐ huān fēi jī bà bà bù xiǎng kàn fēi jī||qǐng kàn dì tú tā men cháng cháng kàn dì tú bà bà zhǎo bīn guǎn	他已经看行李了。爸爸看火车。朋友很喜欢飞机。||朋友每天喜欢飞机。朋友不喜欢飞机。爸爸不想看飞机。||请看地图。他们常常看地图。爸爸找宾馆。
4	饮料 · 第4级	qǐng mǎi kā fēi péng yǒu měi tiān mǎi guǒ zhī lǎo shī míng tiān mǎi niú nǎi||qǐng hē niú nǎi bà bà cháng cháng mǎi niú nǎi lǎo shī mǎi niú nǎi||wǒ men cháng cháng hē niú nǎi bà bà míng tiān hē guǒ zhī qǐng hē kā fēi	请买咖啡。朋友每天买果汁。老师明天买牛奶。||请喝牛奶。爸爸常常买牛奶。老师买牛奶。||我们常常喝牛奶。爸爸明天喝果汁。请喝咖啡。
4	学习 · 第4级	péng yǒu hěn xǐ huān hàn zì tā míng tiān xué xí zuò yè mā mā měi tiān xué xí shù xué||nǐ bù xiǎng kàn hàn zì nǐ yǐ jīng fù xí kè běn le nǐ xiǎng dú hàn zì ma||qǐng dú fā yīn nǐ kàn gù shì shū mā mā míng tiān dú zhōng wén	朋友很喜欢汉字。她明天学习作业。妈妈每天学习数学。||你不想看汉字。你已经复习课本了。你想读汉字吗？||请读发音。你看故事书。妈妈明天读中文。
4	工作 · 第4级	wǒ zhǔn bèi huì yì wǒ men měi tiān zhǔn bèi gōng sī bà bà yǐ jīng zhǔn bèi jì huà le||lǎo shī míng tiān kàn wèn tí lǎo shī měi tiān kàn bàn gōng shì tā men hěn xǐ huān gōng sī||wǒ men měi tiān kàn tóng shì tā hěn xǐ huān gōng sī mā mā cháng cháng kàn huì yì	我准备会议。我们每天准备公司。爸爸已经准备计划了。||老师明天看问题。老师每天看办公室。他们很喜欢公司。||我们每天看同事。她很喜欢公司。妈妈常常看会议。
5	学习 · 第5级	tā men xiǎng xué xí zhōng wén ma mā mā hěn xǐ huān shù xué xué shēng míng tiān xué xí yǔ fǎ||tā míng tiān liàn xí gù shì shū tā bù xiǎng fù xí gù shì shū tā men xiǎng xué xí shù xué ma||wǒ men bù kàn zhōng wén xué shēng xiǎng xué xí yīng yǔ ma péng yǒu bù xiǎng liàn xí zhōng wén	他们想学习中文吗？妈妈很喜欢数学。学生明天学习语法。||她明天练习故事书。她不想复习故事书。他们想学习数学吗？||我们不看中文。学生想学习英语吗？朋友不想练习中文。
5	旅行 · 第5级	tā men yǐ jīng zhǎo fēi jī le nǐ míng tiān zhǎo dì tú tā zhǎo hǎi biān||tā men yǐ jīng zhǎo dì tú le wǒ míng tiān zhǎo bīn guǎn tā měi tiān xǐ huān huǒ chē||péng yǒu bù kàn cháng chéng mā mā hěn xǐ huān huǒ chē wǒ měi tiān kàn cháng chéng	他们已经找飞机了。你明天找地图。他找海边。||他们已经找地图了。我明天找宾馆。他每天喜欢火车。||朋友不看长城。妈妈很喜欢火车。我每天看长城。
5	食物 · 第5级	wǒ men bù chī bāo zi bà bà mǎi qīng cài tā míng tiān mǎi shuǐ guǒ||mā mā xǐ huān jiǎo zi tā men míng tiān zuò qīng cài mā mā yǐ jīng mǎi shuǐ guǒ le||tā měi tiān chī bāo zi bà bà cháng cháng xǐ huān miàn tiáo lǎo shī yǐ jīng mǎi jī dàn le	我们不吃包子。爸爸买青菜。她明天买水果。||妈妈喜欢饺子。他们明天做青菜。妈妈已经买水果了。||他每天吃包子。爸爸常常喜欢面条。老师已经买鸡蛋了。
5	饮料 · 第5级	wǒ mǎi guǒ zhī wǒ měi tiān xǐ huān guǒ zhī lǎo shī bù xǐ huān kā fēi||péng yǒu bù hē guǒ zhī wǒ cháng cháng mǎi kā fēi xué shēng měi tiān xǐ huān kā fēi||wǒ men bù xǐ huān guǒ zhī tā míng tiān mǎi guǒ zhī tā cháng cháng hē kā fēi	我买果汁。我每天喜欢果汁。老师不喜欢咖啡。||朋友不喝果汁。我常常买咖啡。学生每天喜欢咖啡。||我们不喜欢果汁。她明天买果汁。她常常喝咖啡。
5	食物 · 第5级	mā mā bù xǐ huān shuǐ guǒ wǒ men cháng cháng xǐ huān mǐ fàn nǐ měi tiān mǎi zhōng guó cài||tā míng tiān mǎi shuǐ guǒ lǎo shī yǐ jīng mǎi jī dàn le wǒ chī mǐ fàn||mā mā xǐ huān jiǎo zi tā měi tiān chī bāo zi mā mā yǐ jīng mǎi shuǐ guǒ le	妈妈不喜欢水果。我们常常喜欢米饭。你每天买中国菜。||她明天买水果。老师已经买鸡蛋了。我吃米饭。||妈妈喜欢饺子。他每天吃包子。妈妈已经买水果了。
5	饮料 · 第5级	tā men hěn xǐ huān guǒ zhī lǎo shī bù xǐ huān kā fēi tā míng tiān mǎi guǒ zhī||péng yǒu bù hē guǒ zhī wǒ cháng cháng mǎi kā fēi xué shēng měi tiān xǐ huān kā fēi||tā cháng cháng hē kā fēi wǒ mǎi guǒ zhī wǒ měi tiān xǐ huān guǒ zhī	他们很喜欢果汁。老师不喜欢咖啡。她明天买果汁。||朋友不喝果汁。我常常买咖啡。学生每天喜欢咖啡。||她常常喝咖啡。我买果汁。我每天喜欢果汁。
5	学习 · 第5级	tā men cháng cháng fù xí kè běn xué shēng bù xiǎng liàn xí shù xué bà bà míng tiān liàn xí shù xué||mā mā xiǎng dú gù shì shū ma xué shēng míng tiān kàn gù shì shū tā bù xiǎng xué xí gù shì shū||xué shēng xiǎng xué xí yīng yǔ ma wǒ men fù xí gù shì shū mā mā bù xiǎng fù xí zhōng wén	他们常常复习课本。学生不想练习数学。爸爸明天练习数学。||妈妈想读故事书吗？学生明天看故事书。他不想学习故事书。||学生想学习英语吗？我们复习故事书。妈妈不想复习中文。
5	饮料 · 第5级	lǎo shī bù xǐ huān kā fēi tā cháng cháng hē kā fēi tā men hěn xǐ huān guǒ zhī||wǒ cháng cháng mǎi kā fēi wǒ men bù xǐ huān guǒ zhī tā míng tiān mǎi guǒ zhī||péng yǒu bù hē guǒ zhī wǒ mǎi guǒ zhī wǒ měi tiān xǐ huān guǒ zhī	老师不喜欢咖啡。她常常喝咖啡。他们很喜欢果汁。||我常常买咖啡。我们不喜欢果汁。她明天买果汁。||朋友不喝果汁。我买果汁。我每天喜欢果汁。
5	饮料 · 第5级	wǒ men bù xǐ huān guǒ zhī tā cháng cháng hē kā fēi tā míng tiān mǎi guǒ zhī||péng yǒu bù hē guǒ zhī wǒ men hěn xǐ huān guǒ zhī tā men cháng cháng xǐ huān niú nǎi||tā men hěn xǐ huān guǒ zhī wǒ mǎi guǒ zhī xué shēng měi tiān xǐ huān kā fēi	我们不喜欢果汁。她常常喝咖啡。她明天买果汁。||朋友不喝果汁。我们很喜欢果汁。他们常常喜欢牛奶。||他们很喜欢果汁。我买果汁。学生每天喜欢咖啡。
5	旅行 · 第5级	wǒ men cháng cháng xǐ huān hǎi biān péng yǒu bù kàn cháng chéng tā zhǎo hǎi biān||mā mā hěn xǐ huān huǒ chē wǒ měi tiān kàn cháng chéng nǐ míng tiān zhǎo dì tú||wǒ men yǐ jīng kàn cháng chéng le wǒ zhǎo dì tú tā men měi tiān xǐ huān cháng chéng	我们常常喜欢海边。朋友不看长城。他找海边。||妈妈很喜欢火车。我每天看长城。你明天找地图。||我们已经看长城了。我找地图。他们每天喜欢长城。
5	工作 · 第5级	mā mā xiǎng zhǔn bèi míng piàn ma nǐ yǐ jīng zhǔn bèi diàn nǎo le tā jì de gōng sī||tā men cháng cháng xǐ huān míng piàn tā yǐ jīng zhǔn bèi wèn tí le wǒ xǐ huān gōng sī||wǒ yǐ jīng zhǔn bèi míng piàn le xué shēng měi tiān xǐ huān huì yì wǒ men bù zhǔn bèi jì huà	妈妈想准备名片吗？你已经准备电脑了。他记得公司。||他们常常喜欢名片。她已经准备问题了。我喜欢公司。||我已经准备名片了。学生每天喜欢会议。我们不准备计划。
5	学习 · 第5级	péng yǒu bù xiǎng liàn xí zhōng wén tā men hěn xǐ huān shù xué tā měi tiān kàn zhōng wén||tā xiǎng xué xí gù shì shū ma tā měi tiān fù xí shù xué wǒ men fù xí gù shì shū||bà bà míng tiān fù xí shù xué wǒ men bù kàn zhōng wén lǎo shī hěn xǐ huān yǔ fǎ	朋友不想练习中文。他们很喜欢数学。她每天看中文。||他想学习故事书吗？他每天复习数学。我们复习故事书。||爸爸明天复习数学。我们不看中文。老师很喜欢语法。
5	饮料 · 第5级	lǎo shī bù xǐ huān kā fēi wǒ cháng cháng mǎi kā fēi xué shēng měi tiān xǐ huān kā fēi||wǒ mǎi guǒ zhī wǒ men hěn xǐ huān guǒ zhī wǒ men bù xǐ huān guǒ zhī||péng yǒu bù hē guǒ zhī wǒ měi tiān xǐ huān guǒ zhī tā men hěn xǐ huān guǒ zhī	老师不喜欢咖啡。我常常买咖啡。学生每天喜欢咖啡。||我买果汁。我们很喜欢果汁。我们不喜欢果汁。||朋友不喝果汁。我每天喜欢果汁。他们很喜欢果汁。
5	学习 · 第5级	tā xiǎng xué xí gù shì shū ma bà bà hěn xǐ huān shù xué wǒ men cháng cháng fù xí yǔ fǎ||lǎo shī bù dú yīng yǔ péng yǒu cháng cháng liàn xí kè běn tā měi tiān fù xí shù xué||xué shēng bù xiǎng liàn xí shù xué mā mā hěn xǐ huān shù xué wǒ men bù kàn zhōng wén	他想学习故事书吗？爸爸很喜欢数学。我们常常复习语法。||老师不读英语。朋友常常练习课本。他每天复习数学。||学生不想练习数学。妈妈很喜欢数学。我们不看中文。
5	饮料 · 第5级	tā men hěn xǐ huān guǒ zhī tā cháng cháng hē kā fēi wǒ men bù xǐ huān guǒ zhī||wǒ měi tiān xǐ huān guǒ zhī tā men cháng cháng xǐ huān niú nǎi péng yǒu bù hē guǒ zhī||lǎo shī bù xǐ huān kā fēi tā míng tiān mǎi guǒ zhī wǒ cháng cháng mǎi kā fēi	他们很喜欢果汁。她常常喝咖啡。我们不喜欢果汁。||我每天喜欢果汁。他们常常喜欢牛奶。朋友不喝果汁。||老师不喜欢咖啡。她明天买果汁。我常常买咖啡。
5	食物 · 第5级	bà bà mǎi qīng cài bà bà bù zuò zhōng guó cài lǎo shī yǐ jīng mǎi jī dàn le||nǐ bù xǐ huān jiǎo zi wǒ men cháng cháng xǐ huān mǐ fàn tā měi tiān chī bāo zi||wǒ men bù chī bāo zi bà bà hěn xǐ huān shuǐ guǒ mā mā yǐ jīng mǎi shuǐ guǒ le	爸爸买青菜。爸爸不做中国菜。老师已经买鸡蛋了。||你不喜欢饺子。我们常常喜欢米饭。他每天吃包子。||我们不吃包子。爸爸很喜欢水果。妈妈已经买水果了。
5	学习 · 第5级	tā hěn xǐ huān gù shì shū xué shēng míng tiān fù xí yǔ fǎ tā bù xiǎng fù xí gù shì shū||bà bà měi tiān kàn shù xué bà bà míng tiān liàn xí shù xué bà bà hěn xǐ huān shù xué||xué shēng xiǎng liàn xí shù xué ma xué shēng bù xiǎng liàn xí fā yīn lǎo shī yǐ jīng kàn fā yīn le	他很喜欢故事书。学生明天复习语法。她不想复习故事书。||爸爸每天看数学。爸爸明天练习数学。爸爸很喜欢数学。||学生想练习数学吗？学生不想练习发音。老师已经看发音了。
5	旅行 · 第5级	wǒ men cháng cháng xǐ huān hǎi biān mā mā hěn xǐ huān huǒ chē tā men yǐ jīng zhǎo dì tú le||tā zhǎo hǎi biān nǐ míng tiān zhǎo dì tú tā men yǐ jīng zhǎo fēi jī le||wǒ míng tiān zhǎo bīn guǎn péng yǒu bù kàn cháng chéng wǒ men yǐ jīng kàn cháng chéng le	我们常常喜欢海边。妈妈很喜欢火车。他们已经找地图了。||他找海边。你明天找地图。他们已经找飞机了。||我明天找宾馆。朋友不看长城。我们已经看长城了。
5	学习 · 第5级	xué shēng bù xiǎng liàn xí shù xué wǒ men fù xí gù shì shū nǐ hěn xǐ huān gù shì shū||bà bà měi tiān kàn shù xué tā bù xiǎng fù xí gù shì shū tā hěn xǐ huān gù shì shū||bà bà hěn xǐ huān shù xué tā cháng cháng dú yǔ fǎ xué shēng míng tiān xué xí yǔ fǎ	学生不想练习数学。我们复习故事书。你很喜欢故事书。||爸爸每天看数学。她不想复习故事书。他很喜欢故事书。||爸爸很喜欢数学。他常常读语法。学生明天学习语法。
5	饮料 · 第5级	xué shēng měi tiān xǐ huān kā fēi wǒ men hěn xǐ huān guǒ zhī péng yǒu bù hē guǒ zhī||lǎo shī bù xǐ huān kā fēi wǒ mǎi guǒ zhī tā men hěn xǐ huān guǒ zhī||wǒ měi tiān xǐ huān guǒ zhī wǒ men bù xǐ huān guǒ zhī wǒ cháng cháng mǎi kā fēi	学生每天喜欢咖啡。我们很喜欢果汁。朋友不喝果汁。||老师不喜欢咖啡。我买果汁。他们很喜欢果汁。||我每天喜欢果汁。我们不喜欢果汁。我常常买咖啡。
5	食物 · 第5级	mā mā xǐ huān jiǎo zi lǎo shī yǐ jīng mǎi jī dàn le bà bà cháng cháng xǐ huān miàn tiáo||wǒ men cháng cháng zuò mǐ fàn mā mā bù xǐ huān shuǐ guǒ mā mā yǐ jīng mǎi shuǐ guǒ le||tā men míng tiān zuò qīng cài wǒ chī mǐ fàn wǒ men bù chī bāo zi	妈妈喜欢饺子。老师已经买鸡蛋了。爸爸常常喜欢面条。||我们常常做米饭。妈妈不喜欢水果。妈妈已经买水果了。||他们明天做青菜。我吃米饭。我们不吃包子。
5	工作 · 第5级	lǎo shī měi tiān jì de tóng shì nǐ yǐ jīng zhǔn bèi diàn nǎo le mā mā xiǎng kàn bàn gōng shì ma||tā yǐ jīng zhǔn bèi wèn tí le nǐ měi tiān xǐ huān bàn gōng shì tā cháng cháng kàn wèn tí||péng yǒu yǐ jīng zhǎo wèn tí le wǒ míng tiān zhǎo míng piàn tā zhǎo diàn nǎo	老师每天记得同事。你已经准备电脑了。妈妈想看办公室吗？||她已经准备问题了。你每天喜欢办公室。她常常看问题。||朋友已经找问题了。我明天找名片。他找电脑。
5	饮料 · 第5级	wǒ men bù xǐ huān guǒ zhī tā men hěn xǐ huān guǒ zhī wǒ měi tiān xǐ huān guǒ zhī||wǒ men hěn xǐ huān guǒ zhī wǒ cháng cháng mǎi kā fēi xué shēng měi tiān xǐ huān kā fēi||tā cháng cháng hē kā fēi péng yǒu bù hē guǒ zhī tā míng tiān mǎi guǒ zhī	我们不喜欢果汁。他们很喜欢果汁。我每天喜欢果汁。||我们很喜欢果汁。我常常买咖啡。学生每天喜欢咖啡。||她常常喝咖啡。朋友不喝果汁。她明天买果汁。
5	食物 · 第5级	bà bà cháng cháng xǐ huān miàn tiáo wǒ men bù chī bāo zi tā men míng tiān zuò qīng cài||tā hěn xǐ huān jiǎo zi wǒ chī mǐ fàn lǎo shī yǐ jīng mǎi jī dàn le||mā mā bù xǐ huān shuǐ guǒ mā mā xǐ huān jiǎo zi nǐ měi tiān mǎi zhōng guó cài	爸爸常常喜欢面条。我们不吃包子。他们明天做青菜。||他很喜欢饺子。我吃米饭。老师已经买鸡蛋了。||妈妈不喜欢水果。妈妈喜欢饺子。你每天买中国菜。
5	食物 · 第5级	mā mā yǐ jīng mǎi shuǐ guǒ le bà bà bù zuò zhōng guó cài bà bà cháng cháng xǐ huān miàn tiáo||tā hěn xǐ huān jiǎo zi lǎo shī yǐ jīng mǎi jī dàn le nǐ bù xǐ huān jiǎo zi||wǒ men bù chī bāo zi lǎo shī hěn xǐ huān miàn tiáo tā míng tiān mǎi shuǐ guǒ	妈妈已经买水果了。爸爸不做中国菜。爸爸常常喜欢面条。||他很喜欢饺子。老师已经买鸡蛋了。你不喜欢饺子。||我们不吃包子。老师很喜欢面条。她明天买水果。
5	饮料 · 第5级	péng yǒu bù hē guǒ zhī tā míng tiān mǎi guǒ zhī tā men hěn xǐ huān guǒ zhī||xué shēng měi tiān xǐ huān kā fēi tā men cháng cháng xǐ huān niú nǎi wǒ men bù xǐ huān guǒ zhī||wǒ měi tiān xǐ huān guǒ zhī lǎo shī bù xǐ huān kā fēi wǒ men hěn xǐ huān guǒ zhī	朋友不喝果汁。她明天买果汁。他们很喜欢果汁。||学生每天喜欢咖啡。他们常常喜欢牛奶。我们不喜欢果汁。||我每天喜欢果汁。老师不喜欢咖啡。我们很喜欢果汁。
5	食物 · 第5级	mā mā yǐ jīng mǎi shuǐ guǒ le bà bà hěn xǐ huān shuǐ guǒ tā míng tiān mǎi shuǐ guǒ||lǎo shī yǐ jīng mǎi jī dàn le bà bà cháng cháng xǐ huān miàn tiáo wǒ chī mǐ fàn||lǎo shī hěn xǐ huān miàn tiáo mā mā xǐ huān jiǎo zi tā men míng tiān zuò qīng cài	妈妈已经买水果了。爸爸很喜欢水果。她明天买水果。||老师已经买鸡蛋了。爸爸常常喜欢面条。我吃米饭。||老师很喜欢面条。妈妈喜欢饺子。他们明天做青菜。
5	饮料 · 第5级	wǒ měi tiān xǐ huān guǒ zhī tā cháng cháng hē kā fēi wǒ mǎi guǒ zhī||tā men hěn xǐ huān guǒ zhī péng yǒu bù hē guǒ zhī tā men cháng cháng xǐ huān niú nǎi||tā míng tiān mǎi guǒ zhī xué shēng měi tiān xǐ huān kā fēi wǒ men bù xǐ huān guǒ zhī	我每天喜欢果汁。她常常喝咖啡。我买果汁。||他们很喜欢果汁。朋友不喝果汁。他们常常喜欢牛奶。||她明天买果汁。学生每天喜欢咖啡。我们不喜欢果汁。
5	学习 · 第5级	xué shēng měi tiān liàn xí yǔ fǎ mā mā hěn xǐ huān shù xué mā mā xiǎng dú gù shì shū ma||bà bà hěn xǐ huān shù xué tā men xiǎng liàn xí zhōng wén ma tā měi tiān kàn zhōng wén||tā men xiǎng xué xí shù xué ma tā cháng cháng kàn yǔ fǎ mā mā bù xiǎng fù xí zhōng wén	学生每天练习语法。妈妈很喜欢数学。妈妈想读故事书吗？||爸爸很喜欢数学。他们想练习中文吗？她每天看中文。||他们想学习数学吗？她常常看语法。妈妈不想复习中文。
5	学习 · 第5级	tā cháng cháng dú yǔ fǎ tā bù xiǎng fù xí gù shì shū bà bà liàn xí gù shì shū||xué shēng měi tiān liàn xí yǔ fǎ tā men xiǎng xué xí shù xué ma tā míng tiān liàn xí gù shì shū||tā míng tiān xué xí gù shì shū lǎo shī hěn xǐ huān yǔ fǎ tā men cháng cháng liàn xí yīng yǔ	他常常读语法。她不想复习故事书。爸爸练习故事书。||学生每天练习语法。他们想学习数学吗？她明天练习故事书。||他明天学习故事书。老师很喜欢语法。他们常常练习英语。
5	饮料 · 第5级	wǒ mǎi guǒ zhī xué shēng měi tiān xǐ huān kā fēi péng yǒu bù hē guǒ zhī||tā cháng cháng hē kā fēi wǒ men hěn xǐ huān guǒ zhī lǎo shī bù xǐ huān kā fēi||wǒ men bù xǐ huān guǒ zhī wǒ měi tiān xǐ huān guǒ zhī tā míng tiān mǎi guǒ zhī	我买果汁。学生每天喜欢咖啡。朋友不喝果汁。||她常常喝咖啡。我们很喜欢果汁。老师不喜欢咖啡。||我们不喜欢果汁。我每天喜欢果汁。她明天买果汁。
5	饮料 · 第5级	tā men hěn xǐ huān guǒ zhī tā men cháng cháng xǐ huān niú nǎi xué shēng měi tiān xǐ huān kā fēi||wǒ měi tiān xǐ huān guǒ zhī wǒ cháng cháng mǎi kā fēi wǒ men hěn xǐ huān guǒ zhī||péng yǒu bù hē guǒ zhī wǒ mǎi guǒ zhī tā cháng cháng hē kā fēi	他们很喜欢果汁。他们常常喜欢牛奶。学生每天喜欢咖啡。||我每天喜欢果汁。我常常买咖啡。我们很喜欢果汁。||朋友不喝果汁。我买果汁。她常常喝咖啡。
6	学习 · 第6级	péng yǒu měi tiān dú shēng cí bà bà bù xiǎng kàn shù xué xué shēng bù xué xí yǔ fǎ||lǎo shī xué xí yǔ fǎ tā cháng cháng liàn xí yǔ fǎ mā mā xiǎng kàn shù xué ma||xué shēng míng tiān kàn shù xué tā hěn xǐ huān shù xué bà bà xiǎng kàn zhōng wén ma	朋友每天读生词。爸爸不想看数学。学生不学习语法。||老师学习语法。他常常练习语法。妈妈想看数学吗？||学生明天看数学。她很喜欢数学。爸爸想看中文吗？
6	工作 · 第6级	tā hěn xǐ huān bàn gōng shì lǎo shī měi tiān zhǔn bèi huì yì mā mā bù zhǎo jì huà||péng yǒu xiǎng zhǎo wèn tí ma wǒ cháng cháng jì de diàn nǎo wǒ bù jì de bàn gōng shì||tā men zhǔn bèi jì huà xué shēng bù xiǎng kàn gōng sī wǒ yǐ jīng zhǎo diàn nǎo le	他很喜欢办公室。老师每天准备会议。妈妈不找计划。||朋友想找问题吗？我常常记得电脑。我不记得办公室。||他们准备计划。学生不想看公司。我已经找电脑了。
6	工作 · 第6级	nǐ cháng cháng jì de wèn tí xué shēng xiǎng kàn gōng sī ma lǎo shī měi tiān zhǔn bèi huì yì||wǒ kàn bàn gōng shì wǒ xiǎng zhǔn bèi diàn nǎo ma mā mā bù xiǎng kàn tóng shì||wǒ hěn xǐ huān bàn gōng shì wǒ cháng cháng jì de diàn nǎo tā bù zhǎo míng piàn	你常常记得问题。学生想看公司吗？老师每天准备会议。||我看办公室。我想准备电脑吗？妈妈不想看同事。||我很喜欢办公室。我常常记得电脑。他不找名片。
6	食物 · 第6级	wǒ men xiǎng zuò jiǎo zi ma wǒ hěn xǐ huān shuǐ guǒ bà bà bù xiǎng mǎi shuǐ guǒ||lǎo shī hěn xǐ huān bāo zi wǒ men cháng cháng chī qīng cài mā mā bù zuò qīng cài||xué shēng hěn xǐ huān mǐ fàn wǒ men xiǎng mǎi jiǎo zi ma tā yǐ jīng chī mǐ fàn le	我们想做饺子吗？我很喜欢水果。爸爸不想买水果。||老师很喜欢包子。我们常常吃青菜。妈妈不做青菜。||学生很喜欢米饭。我们想买饺子吗？她已经吃米饭了。
6	学习 · 第6级	xué shēng hěn xǐ huān fā yīn lǎo shī měi tiān kàn shēng cí tā xiǎng fù xí zhōng wén ma||tā men kàn zhōng wén lǎo shī bù xiǎng kàn yīng yǔ xué shēng míng tiān kàn yīng yǔ||mā mā hěn xǐ huān zhōng wén nǐ bù xiǎng dú gù shì shū lǎo shī dú zuò yè	学生很喜欢发音。老师每天看生词。她想复习中文吗？||他们看中文。老师不想看英语。学生明天看英语。||妈妈很喜欢中文。你不想读故事书。老师读作业。
6	食物 · 第6级	xué shēng hěn xǐ huān mǐ fàn wǒ men cháng cháng chī jī dàn wǒ men xiǎng mǎi jiǎo zi ma||wǒ men cháng cháng mǎi qīng cài tā men měi tiān xǐ huān zhōng guó cài tā yǐ jīng mǎi qīng cài le||lǎo shī měi tiān mǎi jiǎo zi wǒ hěn xǐ huān shuǐ guǒ wǒ men xiǎng zuò jiǎo zi ma	学生很喜欢米饭。我们常常吃鸡蛋。我们想买饺子吗？||我们常常买青菜。他们每天喜欢中国菜。他已经买青菜了。||老师每天买饺子。我很喜欢水果。我们想做饺子吗？
6	旅行 · 第6级	xué shēng bù xiǎng kàn bīn guǎn tā bù xǐ huān huǒ chē xué shēng hěn xǐ huān xíng lǐ||bà bà xiǎng zhǎo xíng lǐ ma lǎo shī míng tiān kàn fēi jī wǒ men bù xiǎng zhǎo dì tú||tā men hěn xǐ huān cháng chéng péng yǒu bù xiǎng zhǎo hǎi biān mā mā míng tiān zhǎo xíng lǐ	学生不想看宾馆。他不喜欢火车。学生很喜欢行李。||爸爸想找行李吗？老师明天看飞机。我们不想找地图。||他们很喜欢长城。朋友不想找海边。妈妈明天找行李。
6	学习 · 第6级	tā měi tiān dú shù xué tā xué xí gù shì shū bà bà bù xiǎng kàn shù xué||nǐ bù fù xí shù xué xué shēng xiǎng kàn fā yīn ma nǐ bù xiǎng dú gù shì shū||qǐng fù xí yīng yǔ tā men měi tiān jì de shù xué xué shēng míng tiān kàn shù xué	他每天读数学。她学习故事书。爸爸不想看数学。||你不复习数学。学生想看发音吗？你不想读故事书。||请复习英语。他们每天记得数学。学生明天看数学。
6	学习 · 第6级	qǐng fù xí yǔ fǎ tā cháng cháng liàn xí yǔ fǎ péng yǒu měi tiān dú shēng cí||nǐ míng tiān xué xí zhōng wén lǎo shī dú zuò yè qǐng fù xí fā yīn||tā men cháng cháng dú hàn zì tā xué xí gù shì shū mā mā bù xiǎng dú shù xué	请复习语法。他常常练习语法。朋友每天读生词。||你明天学习中文。老师读作业。请复习发音。||他们常常读汉字。她学习故事书。妈妈不想读数学。
6	食物 · 第6级	tā yǐ jīng mǎi qīng cài le tā men míng tiān zuò shuǐ guǒ wǒ men xiǎng zuò jiǎo zi ma||wǒ men cháng cháng mǎi qīng cài lǎo shī míng tiān zuò bāo zi wǒ men xiǎng mǎi jiǎo zi ma||tā hěn xǐ huān shuǐ guǒ tā men měi tiān xǐ huān zhōng guó cài wǒ men cháng cháng chī jī dàn	他已经买青菜了。他们明天做水果。我们想做饺子吗？||我们常常买青菜。老师明天做包子。我们想买饺子吗？||他很喜欢水果。他们每天喜欢中国菜。我们常常吃鸡蛋。
6	食物 · 第6级	lǎo shī měi tiān mǎi jiǎo zi tā men míng tiān zuò shuǐ guǒ tā yǐ jīng mǎi qīng cài le||péng yǒu chī miàn tiáo wǒ hěn xǐ huān shuǐ guǒ tā men cháng cháng zuò miàn tiáo||tā men bù xǐ huān qīng cài tā men měi tiān xǐ huān zhōng guó cài bà bà míng tiān chī jī dàn	老师每天买饺子。他们明天做水果。他已经买青菜了。||朋友吃面条。我很喜欢水果。他们常常做面条。||他们不喜欢青菜。他们每天喜欢中国菜。爸爸明天吃鸡蛋。
6	学习 · 第6级	nǐ cháng cháng xué xí kè běn qǐng fù xí kè běn xué shēng hěn xǐ huān shù xué||lǎo shī xué xí yǔ fǎ mā mā xiǎng kàn shù xué ma tā hěn xǐ huān shù xué||tā xiǎng fù xí zhōng wén ma mā mā fù xí shù xué bà bà bù xiǎng kàn shù xué	你常常学习课本。请复习课本。学生很喜欢数学。||老师学习语法。妈妈想看数学吗？她很喜欢数学。||她想复习中文吗？妈妈复习数学。爸爸不想看数学。
6	工作 · 第6级	bà bà xiǎng zhǎo huì yì ma mā mā bù zhǔn bèi gōng sī wǒ yǐ jīng zhǎo diàn nǎo le||bà bà xiǎng zhǎo diàn nǎo ma tā men bù xiǎng zhǎo diàn nǎo xué shēng míng tiān kàn míng piàn||wǒ kàn bàn gōng shì mā mā bù zhǎo jì huà wǒ xiǎng zhǔn bèi diàn nǎo ma	爸爸想找会议吗？妈妈不准备公司。我已经找电脑了。||爸爸想找电脑吗？他们不想找电脑。学生明天看名片。||我看办公室。妈妈不找计划。我想准备电脑吗？
6	旅行 · 第6级	péng yǒu bù xiǎng zhǎo hǎi biān bà bà xiǎng zhǎo xíng lǐ ma mā mā míng tiān zhǎo xíng lǐ||tā bù xǐ huān huǒ chē bà bà hěn xǐ huān cháng chéng wǒ men cháng cháng kàn xíng lǐ||péng yǒu míng tiān zhǎo fēi jī péng yǒu cháng cháng kàn fēi jī xué shēng měi tiān kàn xíng lǐ	朋友不想找海边。爸爸想找行李吗？妈妈明天找行李。||他不喜欢火车。爸爸很喜欢长城。我们常常看行李。||朋友明天找飞机。朋友常常看飞机。学生每天看行李。
6	学习 · 第6级	tā hěn xǐ huān shù xué wǒ men yǐ jīng xué xí gù shì shū le tā men kàn zhōng wén||tā men xiǎng dú zhōng wén ma tā bù xiǎng xué xí shù xué xué shēng bù xué xí yǔ fǎ||qǐng liàn xí kè běn xué shēng hěn xǐ huān shù xué lǎo shī xué xí yǔ fǎ	她很喜欢数学。我们已经学习故事书了。他们看中文。||他们想读中文吗？她不想学习数学。学生不学习语法。||请练习课本。学生很喜欢数学。老师学习语法。
6	旅行 · 第6级	péng yǒu bù xiǎng zhǎo hǎi biān péng yǒu cháng cháng kàn fēi jī mā mā míng tiān zhǎo xíng lǐ||xué shēng bù xiǎng kàn bīn guǎn péng yǒu míng tiān zhǎo fēi jī bà bà hěn xǐ huān cháng chéng||wǒ men bù xiǎng zhǎo dì tú xué shēng měi tiān kàn xíng lǐ lǎo shī míng tiān kàn fēi jī	朋友不想找海边。朋友常常看飞机。妈妈明天找行李。||学生不想看宾馆。朋友明天找飞机。爸爸很喜欢长城。||我们不想找地图。学生每天看行李。老师明天看飞机。
6	食物 · 第6级	wǒ men cháng cháng chī jī dàn tā yǐ jīng chī mǐ fàn le bà bà bù xiǎng mǎi shuǐ guǒ||tā měi tiān zuò qīng cài tā men yǐ jīng zuò qīng cài le wǒ men bù xiǎng zuò jiǎo zi||wǒ hěn xǐ huān shuǐ guǒ wǒ men xiǎng zuò jiǎo zi ma tā men yǐ jīng zuò zhōng guó cài le	我们常常吃鸡蛋。她已经吃米饭了。爸爸不想买水果。||她每天做青菜。他们已经做青菜了。我们不想做饺子。||我很喜欢水果。我们想做饺子吗？他们已经做中国菜了。
6	饮料 · 第6级	lǎo shī bù xiǎng mǎi kā fēi tā cháng cháng xǐ huān kā fēi bà bà měi tiān hē rè chá||péng yǒu bù xiǎng hē guǒ zhī xué shēng hěn xǐ huān niú nǎi lǎo shī xiǎng hē niú nǎi ma||lǎo shī xiǎng hē kā fēi ma péng yǒu bù xiǎng mǎi guǒ zhī wǒ yǐ jīng mǎi guǒ zhī le	老师不想买咖啡。她常常喜欢咖啡。爸爸每天喝热茶。||朋友不想喝果汁。学生很喜欢牛奶。老师想喝牛奶吗？||老师想喝咖啡吗？朋友不想买果汁。我已经买果汁了。
6	旅行 · 第6级	tā bù xǐ huān huǒ chē péng yǒu bù xiǎng zhǎo hǎi biān péng yǒu míng tiān zhǎo fēi jī||bà bà xiǎng kàn huǒ chē ma bà bà hěn xǐ huān cháng chéng mā mā míng tiān zhǎo xíng lǐ||xué shēng měi tiān kàn xíng lǐ lǎo shī míng tiān kàn fēi jī xué shēng bù xiǎng kàn bīn guǎn	他不喜欢火车。朋友不想找海边。朋友明天找飞机。||爸爸想看火车吗？爸爸很喜欢长城。妈妈明天找行李。||学生每天看行李。老师明天看飞机。学生不想看宾馆。
6	旅行 · 第6级	péng yǒu bù xiǎng zhǎo hǎi biān wǒ men cháng cháng kàn xíng lǐ xué shēng měi tiān kàn xíng lǐ||péng yǒu míng tiān zhǎo fēi jī bà bà hěn xǐ huān cháng chéng wǒ men xǐ huān huǒ chē||bà bà xiǎng kàn huǒ chē ma wǒ men bù zhǎo fēi jī tā men hěn xǐ huān cháng chéng	朋友不想找海边。我们常常看行李。学生每天看行李。||朋友明天找飞机。爸爸很喜欢长城。我们喜欢火车。||爸爸想看火车吗？我们不找飞机。他们很喜欢长城。
6	学习 · 第6级	wǒ men yǐ jīng xué xí gù shì shū le mā mā fù xí shù xué tā cháng cháng liàn xí yǔ fǎ||xué shēng xiǎng kàn fā yīn ma mā mā bù xiǎng dú shù xué qǐng xué xí yǔ fǎ||qǐng liàn xí kè běn tā men měi tiān jì de shù xué xué shēng bù liàn xí shù xué	我们已经学习故事书了。妈妈复习数学。他常常练习语法。||学生想看发音吗？妈妈不想读数学。请学习语法。||请练习课本。他们每天记得数学。学生不练习数学。
6	学习 · 第6级	xué shēng hěn xǐ huān fā yīn qǐng xué xí fā yīn bà bà xiǎng kàn zhōng wén ma||wǒ men yǐ jīng xué xí gù shì shū le lǎo shī xué xí yǔ fǎ tā men měi tiān jì de shù xué||lǎo shī bù xiǎng kàn fā yīn xué shēng míng tiān kàn yīng yǔ wǒ men bù xué xí zhōng wén	学生很喜欢发音。请学习发音。爸爸想看中文吗？||我们已经学习故事书了。老师学习语法。他们每天记得数学。||老师不想看发音。学生明天看英语。我们不学习中文。
6	旅行 · 第6级	mā mā bù xiǎng kàn cháng chéng xué shēng měi tiān kàn xíng lǐ péng yǒu míng tiān zhǎo fēi jī||wǒ men bù xiǎng zhǎo dì tú wǒ men cháng cháng kàn xíng lǐ bà bà hěn xǐ huān cháng chéng||wǒ men bù zhǎo fēi jī péng yǒu bù xiǎng zhǎo hǎi biān tā men hěn xǐ huān cháng chéng	妈妈不想看长城。学生每天看行李。朋友明天找飞机。||我们不想找地图。我们常常看行李。爸爸很喜欢长城。||我们不找飞机。朋友不想找海边。他们很喜欢长城。
6	旅行 · 第6级	péng yǒu míng tiān zhǎo fēi jī wǒ men xǐ huān huǒ chē wǒ men cháng cháng kàn xíng lǐ||nǐ cháng cháng xǐ huān xíng lǐ xué shēng měi tiān kàn xíng lǐ xué shēng bù xiǎng kàn bīn guǎn||bà bà xiǎng kàn huǒ chē ma mā mā bù xiǎng kàn cháng chéng wǒ men bù zhǎo fēi jī	朋友明天找飞机。我们喜欢火车。我们常常看行李。||你常常喜欢行李。学生每天看行李。学生不想看宾馆。||爸爸想看火车吗？妈妈不想看长城。我们不找飞机。
6	学习 · 第6级	qǐng xué xí kè běn nǐ míng tiān xué xí zhōng wén lǎo shī kàn yīng yǔ||wǒ bù xué xí shù xué lǎo shī xué xí yǔ fǎ qǐng xué xí yīng yǔ||xué shēng hěn xǐ huān fā yīn tā jì de gù shì shū qǐng fù xí kè běn	请学习课本。你明天学习中文。老师看英语。||我不学习数学。老师学习语法。请学习英语。||学生很喜欢发音。他记得故事书。请复习课本。
6	工作 · 第6级	péng yǒu xiǎng zhǎo wèn tí ma lǎo shī měi tiān zhǔn bèi huì yì xué shēng bù xiǎng kàn gōng sī||lǎo shī kàn gōng sī bà bà xiǎng zhǎo huì yì ma wǒ bù jì de bàn gōng shì||wǒ xiǎng zhǔn bèi diàn nǎo ma mā mā bù zhǎo jì huà nǐ cháng cháng jì de wèn tí	朋友想找问题吗？老师每天准备会议。学生不想看公司。||老师看公司。爸爸想找会议吗？我不记得办公室。||我想准备电脑吗？妈妈不找计划。你常常记得问题。
6	食物 · 第6级	tā men yǐ jīng mǎi zhōng guó cài le bà bà xiǎng zuò jī dàn ma tā měi tiān zuò qīng cài||lǎo shī míng tiān zuò bāo zi wǒ men bù xiǎng zuò jiǎo zi wǒ měi tiān chī jī dàn||tā men cháng cháng zuò miàn tiáo mā mā xǐ huān shuǐ guǒ lǎo shī hěn xǐ huān bāo zi	他们已经买中国菜了。爸爸想做鸡蛋吗？她每天做青菜。||老师明天做包子。我们不想做饺子。我每天吃鸡蛋。||他们常常做面条。妈妈喜欢水果。老师很喜欢包子。
6	学习 · 第6级	xué shēng míng tiān kàn shù xué bà bà bù xiǎng kàn shù xué bà bà xiǎng kàn zhōng wén ma||qǐng liàn xí kè běn lǎo shī bù xiǎng kàn fā yīn wǒ bù xué xí shù xué||tā měi tiān dú shù xué xué shēng hěn xǐ huān shù xué qǐng xué xí kè běn	学生明天看数学。爸爸不想看数学。爸爸想看中文吗？||请练习课本。老师不想看发音。我不学习数学。||他每天读数学。学生很喜欢数学。请学习课本。
6	工作 · 第6级	tā xiǎng zhǔn bèi huì yì ma xué shēng bù xiǎng kàn gōng sī mā mā bù zhǔn bèi gōng sī||xué shēng xiǎng kàn gōng sī ma wǒ kàn bàn gōng shì wǒ cháng cháng jì de diàn nǎo||xué shēng míng tiān kàn míng piàn lǎo shī kàn gōng sī wǒ xiǎng zhǔn bèi diàn nǎo ma	他想准备会议吗？学生不想看公司。妈妈不准备公司。||学生想看公司吗？我看办公室。我常常记得电脑。||学生明天看名片。老师看公司。我想准备电脑吗？
6	旅行 · 第6级	bà bà xiǎng zhǎo xíng lǐ ma tā bù xǐ huān huǒ chē péng yǒu bù xiǎng zhǎo hǎi biān||mā mā bù xiǎng kàn cháng chéng lǎo shī míng tiān kàn fēi jī xué shēng měi tiān kàn xíng lǐ||tā men hěn xǐ huān cháng chéng mā mā míng tiān zhǎo xíng lǐ bà bà xiǎng kàn huǒ chē ma	爸爸想找行李吗？他不喜欢火车。朋友不想找海边。||妈妈不想看长城。老师明天看飞机。学生每天看行李。||他们很喜欢长城。妈妈明天找行李。爸爸想看火车吗？
6	旅行 · 第6级	nǐ cháng cháng xǐ huān xíng lǐ wǒ men bù zhǎo fēi jī lǎo shī míng tiān kàn fēi jī||xué shēng měi tiān kàn xíng lǐ bà bà hěn xǐ huān cháng chéng wǒ men xǐ huān huǒ chē||wǒ men bù xiǎng zhǎo dì tú péng yǒu míng tiān zhǎo fēi jī tā bù xǐ huān huǒ chē	你常常喜欢行李。我们不找飞机。老师明天看飞机。||学生每天看行李。爸爸很喜欢长城。我们喜欢火车。||我们不想找地图。朋友明天找飞机。他不喜欢火车。
6	食物 · 第6级	bà bà míng tiān chī jī dàn wǒ hěn xǐ huān shuǐ guǒ tā men yǐ jīng zuò qīng cài le||wǒ men cháng cháng chī jī dàn tā men yǐ jīng zuò zhōng guó cài le tā men měi tiān xǐ huān zhōng guó cài||tā men cháng cháng zuò miàn tiáo mā mā bù zuò qīng cài tā men míng tiān zuò shuǐ guǒ	爸爸明天吃鸡蛋。我很喜欢水果。他们已经做青菜了。||我们常常吃鸡蛋。他们已经做中国菜了。他们每天喜欢中国菜。||他们常常做面条。妈妈不做青菜。他们明天做水果。
7	食物 · 第7级	tā bù xiǎng mǎi jiǎo zi péng yǒu měi tiān chī zhōng guó cài qǐng mǎi qīng cài||qǐng mǎi bāo zi wǒ cháng cháng mǎi bāo zi tā yǐ jīng chī jī dàn le||lǎo shī yǐ jīng zuò miàn tiáo le tā hěn xǐ huān qīng cài qǐng zuò bāo zi||lǎo shī yǐ jīng zuò mǐ fàn le nǐ bù xiǎng zuò jī dàn bà bà měi tiān chī shuǐ guǒ	他不想买饺子。朋友每天吃中国菜。请买青菜。||请买包子。我常常买包子。他已经吃鸡蛋了。||老师已经做面条了。他很喜欢青菜。请做包子。||老师已经做米饭了。你不想做鸡蛋。爸爸每天吃水果。
7	工作 · 第7级	xué shēng hěn xǐ huān tóng shì tā cháng cháng kàn jì huà péng yǒu yǐ jīng zhǔn bèi bàn gōng shì le||xué shēng bù xiǎng kàn diàn nǎo xué shēng yǐ jīng kàn bàn gōng shì le wǒ men měi tiān zhǎo bàn gōng shì||qǐng kàn gōng sī mā mā zhǔn bèi gōng sī wǒ cháng cháng jì de huì yì||nǐ yǐ jīng zhǔn bèi gōng sī le nǐ bù xiǎng zhǔn bèi wèn tí lǎo shī hěn xǐ huān míng piàn	学生很喜欢同事。他常常看计划。朋友已经准备办公室了。||学生不想看电脑。学生已经看办公室了。我们每天找办公室。||请看公司。妈妈准备公司。我常常记得会议。||你已经准备公司了。你不想准备问题。老师很喜欢名片。
7	食物 · 第7级	tā bù xiǎng mǎi jiǎo zi wǒ men cháng cháng chī zhōng guó cài péng yǒu hěn xǐ huān zhōng guó cài||qǐng mǎi qīng cài péng yǒu cháng cháng xǐ huān qīng cài tā yǐ jīng chī jī dàn le||péng yǒu cháng cháng mǎi jī dàn péng yǒu měi tiān chī zhōng guó cài lǎo shī yǐ jīng zuò mǐ fàn le||tā hěn xǐ huān qīng cài wǒ míng tiān chī bāo zi bà bà měi tiān chī shuǐ guǒ	他不想买饺子。我们常常吃中国菜。朋友很喜欢中国菜。||请买青菜。朋友常常喜欢青菜。他已经吃鸡蛋了。||朋友常常买鸡蛋。朋友每天吃中国菜。老师已经做米饭了。||她很喜欢青菜。我明天吃包子。爸爸每天吃水果。
7	学习 · 第7级	bà bà bù fù xí zhōng wén lǎo shī xiǎng liàn xí hàn zì ma wǒ yǐ jīng xué xí zhōng wén le||mā mā cháng cháng dú gù shì shū lǎo shī xiǎng fù xí zuò yè ma tā bù kàn shù xué||xué shēng bù fù xí kè běn lǎo shī míng tiān fù xí hàn zì wǒ cháng cháng dú zuò yè||xué shēng měi tiān liàn xí hàn zì qǐng kàn hàn zì péng yǒu yǐ jīng fù xí shù xué le	爸爸不复习中文。老师想练习汉字吗？我已经学习中文了。||妈妈常常读故事书。老师想复习作业吗？她不看数学。||学生不复习课本。老师明天复习汉字。我常常读作业。||学生每天练习汉字。请看汉字。朋友已经复习数学了。
7	工作 · 第7级	mā mā míng tiān zhǔn bèi bàn gōng shì wǒ cháng cháng jì de huì yì xué shēng xǐ huān bàn gōng shì||nǐ yǐ jīng zhǔn bèi gōng sī le bà bà xiǎng kàn tóng shì ma lǎo shī bù zhǔn bèi huì yì||tā cháng cháng kàn jì huà lǎo shī hěn xǐ huān jì huà wǒ men měi tiān zhǎo bàn gōng shì||mā mā xiǎng zhǔn bèi jì huà ma tā men bù xiǎng zhǎo huì yì wǒ men cháng cháng zhǔn bèi diàn nǎo	妈妈明天准备办公室。我常常记得会议。学生喜欢办公室。||你已经准备公司了。爸爸想看同事吗？老师不准备会议。||他常常看计划。老师很喜欢计划。我们每天找办公室。||妈妈想准备计划吗？他们不想找会议。我们常常准备电脑。
7	食物 · 第7级	lǎo shī yǐ jīng zuò mǐ fàn le mā mā hěn xǐ huān zhōng guó cài tā bù xiǎng mǎi jiǎo zi||bà bà měi tiān chī shuǐ guǒ tā men zuò zhōng guó cài qǐng mǎi bāo zi||tā hěn xǐ huān qīng cài lǎo shī yǐ jīng zuò shuǐ guǒ le wǒ míng tiān chī bāo zi||nǐ bù xiǎng zuò jī dàn péng yǒu hěn xǐ huān zhōng guó cài péng yǒu xiǎng mǎi zhōng guó cài ma	老师已经做米饭了。妈妈很喜欢中国菜。他不想买饺子。||爸爸每天吃水果。他们做中国菜。请买包子。||她很喜欢青菜。老师已经做水果了。我明天吃包子。||你不想做鸡蛋。朋友很喜欢中国菜。朋友想买中国菜吗？
7	工作 · 第7级	wǒ men cháng cháng xǐ huān jì huà xué shēng yǐ jīng kàn huì yì le mā mā zhǎo jì huà||bà bà xiǎng kàn tóng shì ma péng yǒu yǐ jīng zhǔn bèi bàn gōng shì le tā men bù xiǎng zhǎo huì yì||tā men cháng cháng xǐ huān gōng sī xué shēng hěn xǐ huān tóng shì wǒ yǐ jīng zhǎo jì huà le||wǒ men měi tiān zhǎo bàn gōng shì lǎo shī bù zhǔn bèi huì yì tā cháng cháng kàn jì huà	我们常常喜欢计划。学生已经看会议了。妈妈找计划。||爸爸想看同事吗？朋友已经准备办公室了。他们不想找会议。||他们常常喜欢公司。学生很喜欢同事。我已经找计划了。||我们每天找办公室。老师不准备会议。他常常看计划。
7	工作 · 第7级	wǒ men cháng cháng xǐ huān jì huà qǐng kàn gōng sī xué shēng bù xiǎng kàn diàn nǎo||lǎo shī hěn xǐ huān jì huà mā mā zhǔn bèi gōng sī wǒ men měi tiān zhǎo bàn gōng shì||tā men cháng cháng xǐ huān gōng sī xué shēng yǐ jīng kàn huì yì le lǎo shī bù zhǔn bèi huì yì||mā mā xiǎng zhǔn bèi jì huà ma mā mā zhǎo jì huà lǎo shī cháng cháng kàn bàn gōng shì	我们常常喜欢计划。请看公司。学生不想看电脑。||老师很喜欢计划。妈妈准备公司。我们每天找办公室。||他们常常喜欢公司。学生已经看会议了。老师不准备会议。||妈妈想准备计划吗？妈妈找计划。老师常常看办公室。
7	食物 · 第7级	wǒ míng tiān chī bāo zi tā bù chī jī dàn péng yǒu hěn xǐ huān zhōng guó cài||péng yǒu xiǎng chī mǐ fàn ma wǒ men bù xiǎng zuò qīng cài qǐng zuò mǐ fàn||lǎo shī yǐ jīng zuò miàn tiáo le péng yǒu xiǎng mǎi zhōng guó cài ma mā mā hěn xǐ huān zhōng guó cài||mā mā yǐ jīng chī bāo zi le tā hěn xǐ huān qīng cài wǒ men bù xiǎng zuò zhōng guó cài	我明天吃包子。她不吃鸡蛋。朋友很喜欢中国菜。||朋友想吃米饭吗？我们不想做青菜。请做米饭。||老师已经做面条了。朋友想买中国菜吗？妈妈很喜欢中国菜。||妈妈已经吃包子了。他很喜欢青菜。我们不想做中国菜。
7	食物 · 第7级	wǒ míng tiān chī bāo zi mā mā yǐ jīng chī bāo zi le tā bù xiǎng mǎi jiǎo zi||wǒ men bù xǐ huān zhōng guó cài qǐng zuò miàn tiáo tā hěn xǐ huān qīng cài||lǎo shī yǐ jīng zuò miàn tiáo le mā mā cháng cháng xǐ huān jī dàn qǐng zuò mǐ fàn||qǐng zuò bāo zi nǐ bù xiǎng zuò jī dàn tā men xiǎng zuò zhōng guó cài ma	我明天吃包子。妈妈已经吃包子了。他不想买饺子。||我们不喜欢中国菜。请做面条。她很喜欢青菜。||老师已经做面条了。妈妈常常喜欢鸡蛋。请做米饭。||请做包子。你不想做鸡蛋。他们想做中国菜吗？
7	工作 · 第7级	tā men míng tiān zhǔn bèi tóng shì xué shēng yǐ jīng kàn bàn gōng shì le nǐ bù xiǎng zhǔn bèi wèn tí||lǎo shī cháng cháng kàn bàn gōng shì qǐng kàn gōng sī xué shēng hěn xǐ huān tóng shì||wǒ yǐ jīng zhǎo jì huà le lǎo shī hěn xǐ huān jì huà tā men cháng cháng xǐ huān gōng sī||wǒ men cháng cháng xǐ huān jì huà xué shēng bù xiǎng kàn diàn nǎo mā mā xiǎng zhǔn bèi jì huà ma	他们明天准备同事。学生已经看办公室了。你不想准备问题。||老师常常看办公室。请看公司。学生很喜欢同事。||我已经找计划了。老师很喜欢计划。他们常常喜欢公司。||我们常常喜欢计划。学生不想看电脑。妈妈想准备计划吗？
7	学习 · 第7级	tā men hěn xǐ huān zhōng wén tā bù kàn shù xué wǒ yǐ jīng liàn xí gù shì shū le||qǐng kàn hàn zì tā men měi tiān fù xí shēng cí xué shēng yǐ jīng liàn xí fā yīn le||tā men měi tiān jì de shēng cí mā mā cháng cháng liàn xí zuò yè péng yǒu hěn xǐ huān zhōng wén||lǎo shī xiǎng liàn xí hàn zì ma bà bà cháng cháng xué xí zuò yè xué shēng měi tiān liàn xí hàn zì	他们很喜欢中文。她不看数学。我已经练习故事书了。||请看汉字。他们每天复习生词。学生已经练习发音了。||他们每天记得生词。妈妈常常练习作业。朋友很喜欢中文。||老师想练习汉字吗？爸爸常常学习作业。学生每天练习汉字。
7	工作 · 第7级	péng yǒu yǐ jīng zhǔn bèi bàn gōng shì le tā men bù xiǎng zhǎo huì yì xué shēng hěn xǐ huān tóng shì||lǎo shī míng tiān zhǎo bàn gōng shì qǐng kàn gōng sī xué shēng xǐ huān bàn gōng shì||xué shēng bù xiǎng kàn diàn nǎo lǎo shī hěn xǐ huān míng piàn mā mā xiǎng zhǔn bèi jì huà ma||xué shēng yǐ jīng kàn bàn gōng shì le wǒ men cháng cháng xǐ huān jì huà mā mā zhǔn bèi gōng sī	朋友已经准备办公室了。他们不想找会议。学生很喜欢同事。||老师明天找办公室。请看公司。学生喜欢办公室。||学生不想看电脑。老师很喜欢名片。妈妈想准备计划吗？||学生已经看办公室了。我们常常喜欢计划。妈妈准备公司。
7	工作 · 第7级	wǒ cháng cháng jì de huì yì qǐng kàn gōng sī xué shēng yǐ jīng kàn bàn gōng shì le||nǐ bù xiǎng zhǔn bèi wèn tí lǎo shī míng tiān zhǎo bàn gōng shì wǒ men cháng cháng zhǔn bèi diàn nǎo||xué shēng xǐ huān bàn gōng shì nǐ yǐ jīng zhǔn bèi gōng sī le bà bà xiǎng kàn tóng shì ma||lǎo shī cháng cháng kàn bàn gōng shì wǒ men měi tiān zhǔn bèi bàn gōng shì xué shēng yǐ jīng kàn huì yì le	我常常记得会议。请看公司。学生已经看办公室了。||你不想准备问题。老师明天找办公室。我们常常准备电脑。||学生喜欢办公室。你已经准备公司了。爸爸想看同事吗？||老师常常看办公室。我们每天准备办公室。学生已经看会议了。
7	食物 · 第7级	tā hěn xǐ huān qīng cài tā men xiǎng zuò zhōng guó cài ma péng yǒu cháng cháng xǐ huān qīng cài||péng yǒu xiǎng mǎi zhōng guó cài ma bà bà měi tiān chī shuǐ guǒ mā mā yǐ jīng chī bāo zi le||péng yǒu xiǎng chī mǐ fàn ma qǐng mǎi qīng cài lǎo shī yǐ jīng zuò miàn tiáo le||péng yǒu měi tiān chī zhōng guó cài mā mā cháng cháng xǐ huān jī dàn lǎo shī yǐ jīng zuò shuǐ guǒ le	他很喜欢青菜。他们想做中国菜吗？朋友常常喜欢青菜。||朋友想买中国菜吗？爸爸每天吃水果。妈妈已经吃包子了。||朋友想吃米饭吗？请买青菜。老师已经做面条了。||朋友每天吃中国菜。妈妈常常喜欢鸡蛋。老师已经做水果了。
7	工作 · 第7级	lǎo shī míng tiān zhǎo bàn gōng shì wǒ cháng cháng jì de huì yì mā mā xiǎng zhǔn bèi jì huà ma||mā mā míng tiān zhǔn bèi bàn gōng shì xué shēng yǐ jīng kàn huì yì le wǒ men cháng cháng zhǔn bèi diàn nǎo||xué shēng xǐ huān bàn gōng shì xué shēng yǐ jīng kàn bàn gōng shì le péng yǒu měi tiān zhǔn bèi tóng shì||nǐ bù xiǎng zhǔn bèi wèn tí xué shēng měi tiān jì de jì huà lǎo shī hěn xǐ huān jì huà	老师明天找办公室。我常常记得会议。妈妈想准备计划吗？||妈妈明天准备办公室。学生已经看会议了。我们常常准备电脑。||学生喜欢办公室。学生已经看办公室了。朋友每天准备同事。||你不想准备问题。学生每天记得计划。老师很喜欢计划。
7	食物 · 第7级	wǒ men bù xiǎng zuò zhōng guó cài péng yǒu hěn xǐ huān zhōng guó cài tā men zuò zhōng guó cài||wǒ men bù xiǎng zuò qīng cài péng yǒu xiǎng chī mǐ fàn ma bà bà zuò qīng cài||wǒ míng tiān chī bāo zi bà bà měi tiān chī shuǐ guǒ lǎo shī yǐ jīng zuò miàn tiáo le||tā bù xiǎng mǎi jiǎo zi mā mā yǐ jīng chī bāo zi le qǐng zuò bāo zi	我们不想做中国菜。朋友很喜欢中国菜。他们做中国菜。||我们不想做青菜。朋友想吃米饭吗？爸爸做青菜。||我明天吃包子。爸爸每天吃水果。老师已经做面条了。||他不想买饺子。妈妈已经吃包子了。请做包子。
7	学习 · 第7级	tā bù dú shù xué bà bà cháng cháng xué xí zuò yè péng yǒu hěn xǐ huān zhōng wén||wǒ cháng cháng jì de yīng yǔ péng yǒu bù liàn xí zhōng wén wǒ bù xiǎng kàn gù shì shū||péng yǒu xiǎng liàn xí shēng cí ma tā xué xí shù xué tā men měi tiān fù xí shēng cí||tā men hěn xǐ huān zhōng wén xué shēng yǐ jīng liàn xí fā yīn le mā mā cháng cháng xué xí hàn zì	她不读数学。爸爸常常学习作业。朋友很喜欢中文。||我常常记得英语。朋友不练习中文。我不想看故事书。||朋友想练习生词吗？她学习数学。他们每天复习生词。||他们很喜欢中文。学生已经练习发音了。妈妈常常学习汉字。
7	工作 · 第7级	qǐng kàn gōng sī tā men míng tiān zhǔn bèi tóng shì xué shēng hěn xǐ huān tóng shì||tā men bù xiǎng zhǎo huì yì wǒ men měi tiān zhǎo bàn gōng shì wǒ cháng cháng jì de huì yì||nǐ yǐ jīng zhǔn bèi gōng sī le lǎo shī hěn xǐ huān míng piàn tā cháng cháng kàn jì huà||mā mā míng tiān zhǔn bèi bàn gōng shì péng yǒu yǐ jīng zhǔn bèi bàn gōng shì le xué shēng měi tiān jì de jì huà	请看公司。他们明天准备同事。学生很喜欢同事。||他们不想找会议。我们每天找办公室。我常常记得会议。||你已经准备公司了。老师很喜欢名片。他常常看计划。||妈妈明天准备办公室。朋友已经准备办公室了。学生每天记得计划。
7	食物 · 第7级	wǒ men cháng cháng chī zhōng guó cài xué shēng yǐ jīng mǎi mǐ fàn le nǐ měi tiān chī qīng cài||nǐ bù xiǎng zuò jī dàn tā bù chī jī dàn péng yǒu měi tiān chī zhōng guó cài||tā men zuò zhōng guó cài qǐng zuò bāo zi péng yǒu cháng cháng xǐ huān qīng cài||péng yǒu hěn xǐ huān zhōng guó cài lǎo shī yǐ jīng zuò mǐ fàn le qǐng zuò miàn tiáo	我们常常吃中国菜。学生已经买米饭了。你每天吃青菜。||你不想做鸡蛋。她不吃鸡蛋。朋友每天吃中国菜。||他们做中国菜。请做包子。朋友常常喜欢青菜。||朋友很喜欢中国菜。老师已经做米饭了。请做面条。
7	工作 · 第7级	wǒ men cháng cháng zhǔn bèi diàn nǎo xué shēng měi tiān jì de jì huà mā mā zhǔn bèi gōng sī||wǒ men cháng cháng xǐ huān jì huà nǐ yǐ jīng zhǔn bèi gōng sī le wǒ men měi tiān zhǔn bèi bàn gōng shì||mā mā zhǎo jì huà tā men cháng cháng xǐ huān gōng sī lǎo shī míng tiān zhǎo bàn gōng shì||wǒ yǐ jīng zhǎo jì huà le tā men míng tiān zhǔn bèi tóng shì xué shēng bù xiǎng kàn diàn nǎo	我们常常准备电脑。学生每天记得计划。妈妈准备公司。||我们常常喜欢计划。你已经准备公司了。我们每天准备办公室。||妈妈找计划。他们常常喜欢公司。老师明天找办公室。||我已经找计划了。他们明天准备同事。学生不想看电脑。
7	食物 · 第7级	lǎo shī yǐ jīng zuò shuǐ guǒ le qǐng mǎi bāo zi péng yǒu cháng cháng xǐ huān qīng cài||tā bù xiǎng mǎi jiǎo zi péng yǒu hěn xǐ huān zhōng guó cài qǐng mǎi qīng cài||péng yǒu mǎi zhōng guó cài mā mā yǐ jīng chī bāo zi le wǒ cháng cháng mǎi bāo zi||wǒ men bù xǐ huān zhōng guó cài tā yǐ jīng chī jī dàn le wǒ míng tiān chī bāo zi	老师已经做水果了。请买包子。朋友常常喜欢青菜。||他不想买饺子。朋友很喜欢中国菜。请买青菜。||朋友买中国菜。妈妈已经吃包子了。我常常买包子。||我们不喜欢中国菜。他已经吃鸡蛋了。我明天吃包子。
7	学习 · 第7级	xué shēng bù xiǎng dú yǔ fǎ qǐng kàn zuò yè tā xué xí shù xué||wǒ cháng cháng jì de yīng yǔ xué shēng míng tiān fù xí shēng cí lǎo shī yǐ jīng kàn shù xué le||tā men měi tiān fù xí shēng cí tā cháng cháng kàn hàn zì péng yǒu xiǎng liàn xí shēng cí ma||tā yǐ jīng liàn xí zhōng wén le qǐng dú zuò yè mā mā bù xiǎng xué xí shēng cí	学生不想读语法。请看作业。她学习数学。||我常常记得英语。学生明天复习生词。老师已经看数学了。||他们每天复习生词。他常常看汉字。朋友想练习生词吗？||她已经练习中文了。请读作业。妈妈不想学习生词。
7	学习 · 第7级	bà bà cháng cháng xué xí zuò yè xué shēng míng tiān fù xí shēng cí tā men bù xiǎng kàn zhōng wén||tā men cháng cháng kàn gù shì shū wǒ bù xiǎng kàn gù shì shū tā xué xí shù xué||tā yǐ jīng liàn xí zhōng wén le mā mā cháng cháng liàn xí zuò yè péng yǒu xiǎng liàn xí shēng cí ma||qǐng kàn zuò yè wǒ men míng tiān liàn xí shēng cí mā mā cháng cháng dú gù shì shū	爸爸常常学习作业。学生明天复习生词。他们不想看中文。||他们常常看故事书。我不想看故事书。她学习数学。||她已经练习中文了。妈妈常常练习作业。朋友想练习生词吗？||请看作业。我们明天练习生词。妈妈常常读故事书。
7	学习 · 第7级	péng yǒu xiǎng liàn xí shēng cí ma bà bà cháng cháng xué xí zuò yè xué shēng yǐ jīng liàn xí fā yīn le||péng yǒu hěn xǐ huān zhōng wén péng yǒu míng tiān xué xí shēng cí mā mā cháng cháng liàn xí zuò yè||xué shēng měi tiān dú fā yīn qǐng kàn zuò yè wǒ yǐ jīng fù xí gù shì shū le||wǒ cháng cháng jì de yīng yǔ xué shēng bù xiǎng dú yǔ fǎ xué shēng yǐ jīng dú fā yīn le	朋友想练习生词吗？爸爸常常学习作业。学生已经练习发音了。||朋友很喜欢中文。朋友明天学习生词。妈妈常常练习作业。||学生每天读发音。请看作业。我已经复习故事书了。||我常常记得英语。学生不想读语法。学生已经读发音了。
7	食物 · 第7级	péng yǒu cháng cháng xǐ huān qīng cài wǒ men bù xiǎng zuò qīng cài qǐng zuò bāo zi||qǐng mǎi qīng cài tā yǐ jīng chī jī dàn le péng yǒu xiǎng mǎi zhōng guó cài ma||nǐ bù xiǎng zuò jī dàn tā hěn xǐ huān qīng cài wǒ cháng cháng mǎi bāo zi||tā men xiǎng zuò zhōng guó cài ma mā mā cháng cháng xǐ huān jī dàn lǎo shī yǐ jīng zuò mǐ fàn le	朋友常常喜欢青菜。我们不想做青菜。请做包子。||请买青菜。他已经吃鸡蛋了。朋友想买中国菜吗？||你不想做鸡蛋。他很喜欢青菜。我常常买包子。||他们想做中国菜吗？妈妈常常喜欢鸡蛋。老师已经做米饭了。
7	食物 · 第7级	tā yǐ jīng chī jī dàn le qǐng zuò miàn tiáo bà bà měi tiān chī shuǐ guǒ||tā hěn xǐ huān qīng cài qǐng zuò bāo zi mā mā cháng cháng xǐ huān jī dàn||nǐ měi tiān chī qīng cài péng yǒu xiǎng mǎi zhōng guó cài ma wǒ men bù xiǎng zuò zhōng guó cài||péng yǒu míng tiān chī zhōng guó cài lǎo shī yǐ jīng zuò mǐ fàn le péng yǒu cháng cháng xǐ huān qīng cài	他已经吃鸡蛋了。请做面条。爸爸每天吃水果。||他很喜欢青菜。请做包子。妈妈常常喜欢鸡蛋。||你每天吃青菜。朋友想买中国菜吗？我们不想做中国菜。||朋友明天吃中国菜。老师已经做米饭了。朋友常常喜欢青菜。
7	工作 · 第7级	tā men míng tiān zhǔn bèi tóng shì xué shēng bù xiǎng kàn diàn nǎo péng yǒu měi tiān zhǔn bèi tóng shì||xué shēng xǐ huān bàn gōng shì bà bà xiǎng kàn tóng shì ma lǎo shī hěn xǐ huān jì huà||lǎo shī hěn xǐ huān míng piàn mā mā zhǎo jì huà wǒ men cháng cháng zhǔn bèi diàn nǎo||mā mā míng tiān zhǔn bèi bàn gōng shì tā cháng cháng kàn jì huà nǐ bù xiǎng zhǔn bèi wèn tí	他们明天准备同事。学生不想看电脑。朋友每天准备同事。||学生喜欢办公室。爸爸想看同事吗？老师很喜欢计划。||老师很喜欢名片。妈妈找计划。我们常常准备电脑。||妈妈明天准备办公室。他常常看计划。你不想准备问题。
7	工作 · 第7级	qǐng kàn gōng sī lǎo shī hěn xǐ huān jì huà wǒ men cháng cháng xǐ huān jì huà||xué shēng xǐ huān bàn gōng shì lǎo shī hěn xǐ huān míng piàn lǎo shī cháng cháng kàn bàn gōng shì||tā cháng cháng kàn jì huà tā men míng tiān zhǔn bèi tóng shì wǒ men měi tiān zhǔn bèi bàn gōng shì||xué shēng hěn xǐ huān tóng shì péng yǒu měi tiān zhǔn bèi tóng shì mā mā zhǎo jì huà	请看公司。老师很喜欢计划。我们常常喜欢计划。||学生喜欢办公室。老师很喜欢名片。老师常常看办公室。||他常常看计划。他们明天准备同事。我们每天准备办公室。||学生很喜欢同事。朋友每天准备同事。妈妈找计划。
7	食物 · 第7级	tā bù chī jī dàn xué shēng yǐ jīng mǎi mǐ fàn le wǒ men bù xiǎng zuò zhōng guó cài||tā yǐ jīng chī jī dàn le wǒ cháng cháng mǎi bāo zi wǒ men bù xǐ huān zhōng guó cài||péng yǒu xiǎng mǎi zhōng guó cài ma wǒ míng tiān chī bāo zi péng yǒu mǎi zhōng guó cài||wǒ men cháng cháng chī zhōng guó cài lǎo shī yǐ jīng zuò miàn tiáo le tā men zuò zhōng guó cài	她不吃鸡蛋。学生已经买米饭了。我们不想做中国菜。||他已经吃鸡蛋了。我常常买包子。我们不喜欢中国菜。||朋友想买中国菜吗？我明天吃包子。朋友买中国菜。||我们常常吃中国菜。老师已经做面条了。他们做中国菜。
7	工作 · 第7级	xué shēng měi tiān jì de jì huà tā cháng cháng kàn jì huà xué shēng yǐ jīng kàn huì yì le||lǎo shī hěn xǐ huān míng piàn wǒ men cháng cháng xǐ huān jì huà wǒ yǐ jīng zhǎo jì huà le||wǒ men cháng cháng zhǔn bèi diàn nǎo péng yǒu měi tiān zhǔn bèi tóng shì tā men bù xiǎng zhǎo huì yì||xué shēng bù xiǎng kàn diàn nǎo tā men míng tiān zhǔn bèi tóng shì mā mā zhǔn bèi gōng sī	学生每天记得计划。他常常看计划。学生已经看会议了。||老师很喜欢名片。我们常常喜欢计划。我已经找计划了。||我们常常准备电脑。朋友每天准备同事。他们不想找会议。||学生不想看电脑。他们明天准备同事。妈妈准备公司。
7	工作 · 第7级	qǐng kàn gōng sī wǒ men měi tiān zhǎo bàn gōng shì nǐ yǐ jīng zhǔn bèi gōng sī le||tā men cháng cháng xǐ huān gōng sī mā mā zhǎo jì huà péng yǒu měi tiān zhǔn bèi tóng shì||xué shēng měi tiān jì de jì huà xué shēng yǐ jīng kàn huì yì le mā mā míng tiān zhǔn bèi bàn gōng shì||lǎo shī hěn xǐ huān jì huà bà bà xiǎng kàn tóng shì ma wǒ men cháng cháng zhǔn bèi diàn nǎo	请看公司。我们每天找办公室。你已经准备公司了。||他们常常喜欢公司。妈妈找计划。朋友每天准备同事。||学生每天记得计划。学生已经看会议了。妈妈明天准备办公室。||老师很喜欢计划。爸爸想看同事吗？我们常常准备电脑。
8	学习 · 第8级	wǒ cháng cháng jì de zuò yè tā bù kàn shēng cí nǐ míng tiān dú shù xué||péng yǒu hěn xǐ huān shēng cí wǒ men xiǎng kàn shēng cí ma péng yǒu cháng cháng dú shēng cí||tā hěn xǐ huān zhōng wén tā men cháng cháng jì de gù shì shū mā mā bù fù xí shēng cí||xué shēng dú gù shì shū lǎo shī yǐ jīng liàn xí zuò yè le lǎo shī bù jì de shēng cí	我常常记得作业。他不看生词。你明天读数学。||朋友很喜欢生词。我们想看生词吗？朋友常常读生词。||他很喜欢中文。他们常常记得故事书。妈妈不复习生词。||学生读故事书。老师已经练习作业了。老师不记得生词。
8	旅行 · 第8级	wǒ bù xiǎng kàn huǒ chē bà bà měi tiān zhǎo cháng chéng mā mā xǐ huān cháng chéng||bà bà cháng cháng zhǎo hǎi biān qǐng kàn xíng lǐ tā hěn xǐ huān cháng chéng||tā měi tiān kàn chē zhàn bà bà cháng cháng zhǎo dì tú qǐng kàn fēi jī||tā men bù zhǎo xíng lǐ tā kàn cháng chéng wǒ men míng tiān zhǎo chē zhàn	我不想看火车。爸爸每天找长城。妈妈喜欢长城。||爸爸常常找海边。请看行李。她很喜欢长城。||他每天看车站。爸爸常常找地图。请看飞机。||他们不找行李。他看长城。我们明天找车站。
8	工作 · 第8级	mā mā xiǎng zhǎo gōng sī ma tā men míng tiān zhǎo tóng shì wǒ men cháng cháng zhǎo diàn nǎo||wǒ men cháng cháng xǐ huān bàn gōng shì wǒ men xǐ huān tóng shì wǒ bù xǐ huān tóng shì||lǎo shī yǐ jīng zhǎo bàn gōng shì le tā bù xiǎng zhǎo míng piàn xué shēng hěn xǐ huān jì huà||tā bù jì de tóng shì péng yǒu zhǎo gōng sī wǒ men xiǎng zhǎo jì huà ma	妈妈想找公司吗？他们明天找同事。我们常常找电脑。||我们常常喜欢办公室。我们喜欢同事。我不喜欢同事。||老师已经找办公室了。他不想找名片。学生很喜欢计划。||他不记得同事。朋友找公司。我们想找计划吗？
8	工作 · 第8级	tā bù zhǔn bèi bàn gōng shì wǒ zhǎo míng piàn tā men míng tiān zhǎo tóng shì||tā míng tiān zhǎo jì huà péng yǒu bù xiǎng zhǎo jì huà lǎo shī zhǔn bèi wèn tí||tā hěn xǐ huān tóng shì bà bà yǐ jīng zhǔn bèi tóng shì le lǎo shī bù zhǎo diàn nǎo||lǎo shī měi tiān zhǎo míng piàn qǐng kàn jì huà xué shēng hěn xǐ huān jì huà	他不准备办公室。我找名片。他们明天找同事。||她明天找计划。朋友不想找计划。老师准备问题。||他很喜欢同事。爸爸已经准备同事了。老师不找电脑。||老师每天找名片。请看计划。学生很喜欢计划。
8	学习 · 第8级	lǎo shī yǐ jīng liàn xí shēng cí le qǐng liàn xí zuò yè xué shēng dú gù shì shū||tā men cháng cháng jì de gù shì shū nǐ xiǎng dú shù xué ma wǒ dú zhōng wén||nǐ bù xiǎng dú zhōng wén lǎo shī cháng cháng kàn kè běn tā hěn xǐ huān zhōng wén||wǒ měi tiān liàn xí shēng cí péng yǒu liàn xí shù xué tā men xiǎng dú shēng cí ma	老师已经练习生词了。请练习作业。学生读故事书。||他们常常记得故事书。你想读数学吗？我读中文。||你不想读中文。老师常常看课本。他很喜欢中文。||我每天练习生词。朋友练习数学。他们想读生词吗？
8	食物 · 第8级	lǎo shī cháng cháng mǎi mǐ fàn tā hěn xǐ huān zhōng guó cài tā xiǎng chī miàn tiáo ma||xué shēng hěn xǐ huān bāo zi wǒ xiǎng zuò qīng cài ma lǎo shī míng tiān chī mǐ fàn||nǐ yǐ jīng chī qīng cài le tā bù xiǎng mǎi zhōng guó cài wǒ měi tiān chī jiǎo zi||tā bù xiǎng chī mǐ fàn tā chī bāo zi qǐng mǎi jī dàn	老师常常买米饭。他很喜欢中国菜。他想吃面条吗？||学生很喜欢包子。我想做青菜吗？老师明天吃米饭。||你已经吃青菜了。她不想买中国菜。我每天吃饺子。||她不想吃米饭。他吃包子。请买鸡蛋。
8	旅行 · 第8级	wǒ měi tiān zhǎo huǒ chē wǒ bù xiǎng kàn huǒ chē mā mā xǐ huān cháng chéng||lǎo shī xǐ huān fēi jī qǐng kàn xíng lǐ lǎo shī xiǎng kàn fēi jī ma||wǒ xiǎng zhǎo bīn guǎn ma qǐng kàn fēi jī wǒ men měi tiān xǐ huān chē zhàn||tā hěn xǐ huān cháng chéng tā měi tiān kàn chē zhàn wǒ men míng tiān zhǎo chē zhàn	我每天找火车。我不想看火车。妈妈喜欢长城。||老师喜欢飞机。请看行李。老师想看飞机吗？||我想找宾馆吗？请看飞机。我们每天喜欢车站。||她很喜欢长城。他每天看车站。我们明天找车站。
8	食物 · 第8级	péng yǒu zuò shuǐ guǒ xué shēng hěn xǐ huān bāo zi mā mā cháng cháng chī shuǐ guǒ||wǒ cháng cháng xǐ huān bāo zi tā xiǎng chī miàn tiáo ma tā yǐ jīng chī jiǎo zi le||tā hěn xǐ huān zhōng guó cài tā xiǎng mǎi shuǐ guǒ ma xué shēng xǐ huān miàn tiáo||bà bà bù xiǎng zuò shuǐ guǒ tā cháng cháng zuò zhōng guó cài wǒ míng tiān chī qīng cài	朋友做水果。学生很喜欢包子。妈妈常常吃水果。||我常常喜欢包子。他想吃面条吗？她已经吃饺子了。||她很喜欢中国菜。她想买水果吗？学生喜欢面条。||爸爸不想做水果。他常常做中国菜。我明天吃青菜。
8	旅行 · 第8级	wǒ men cháng cháng zhǎo cháng chéng wǒ xiǎng zhǎo bīn guǎn ma lǎo shī bù kàn huǒ chē||tā men bù zhǎo xíng lǐ wǒ men míng tiān zhǎo chē zhàn wǒ bù xiǎng kàn huǒ chē||lǎo shī xǐ huān fēi jī qǐng kàn fēi jī xué shēng bù kàn xíng lǐ||tā měi tiān kàn chē zhàn tā bù xiǎng zhǎo xíng lǐ bà bà cháng cháng zhǎo dì tú	我们常常找长城。我想找宾馆吗？老师不看火车。||他们不找行李。我们明天找车站。我不想看火车。||老师喜欢飞机。请看飞机。学生不看行李。||他每天看车站。他不想找行李。爸爸常常找地图。
8	食物 · 第8级	nǐ yǐ jīng chī qīng cài le lǎo shī cháng cháng mǎi miàn tiáo tā xiǎng chī miàn tiáo ma||wǒ cháng cháng xǐ huān bāo zi tā bù xiǎng chī mǐ fàn xué shēng xǐ huān mǐ fàn||bà bà xiǎng chī jī dàn ma tā bù xiǎng chī miàn tiáo wǒ men cháng cháng xǐ huān zhōng guó cài||lǎo shī cháng cháng chī mǐ fàn tā chī bāo zi xué shēng hěn xǐ huān bāo zi	你已经吃青菜了。老师常常买面条。他想吃面条吗？||我常常喜欢包子。她不想吃米饭。学生喜欢米饭。||爸爸想吃鸡蛋吗？她不想吃面条。我们常常喜欢中国菜。||老师常常吃米饭。他吃包子。学生很喜欢包子。
8	工作 · 第8级	wǒ zhǎo míng piàn xué shēng bù xǐ huān jì huà tā míng tiān zhǎo jì huà||wǒ men xiǎng zhǎo jì huà ma lǎo shī bù zhǎo huì yì lǎo shī měi tiān zhǎo míng piàn||mā mā xiǎng zhǎo gōng sī ma mā mā bù xiǎng zhǎo gōng sī tā hěn xǐ huān tóng shì||xué shēng xiǎng kàn jì huà ma péng yǒu zhǎo gōng sī wǒ men cháng cháng xǐ huān bàn gōng shì	我找名片。学生不喜欢计划。她明天找计划。||我们想找计划吗？老师不找会议。老师每天找名片。||妈妈想找公司吗？妈妈不想找公司。他很喜欢同事。||学生想看计划吗？朋友找公司。我们常常喜欢办公室。
8	旅行 · 第8级	wǒ měi tiān zhǎo huǒ chē tā hěn xǐ huān cháng chéng xué shēng bù kàn xíng lǐ||qǐng kàn fēi jī xué shēng hěn xǐ huān fēi jī tā kàn cháng chéng||tā men bù zhǎo xíng lǐ mā mā xǐ huān cháng chéng wǒ men měi tiān xǐ huān chē zhàn||wǒ bù xiǎng kàn huǒ chē wǒ xiǎng zhǎo bīn guǎn ma wǒ men míng tiān zhǎo chē zhàn	我每天找火车。她很喜欢长城。学生不看行李。||请看飞机。学生很喜欢飞机。他看长城。||他们不找行李。妈妈喜欢长城。我们每天喜欢车站。||我不想看火车。我想找宾馆吗？我们明天找车站。
8	学习 · 第8级	wǒ bù xiǎng fù xí shēng cí péng yǒu yǐ jīng fù xí shēng cí le lǎo shī cháng cháng kàn kè běn||tā men cháng cháng jì de gù shì shū lǎo shī yǐ jīng liàn xí shēng cí le lǎo shī bù jì de shēng cí||qǐng liàn xí hàn zì xué shēng dú gù shì shū bà bà cháng cháng xué xí gù shì shū||lǎo shī yǐ jīng liàn xí zuò yè le qǐng fù xí zuò yè tā hěn xǐ huān zhōng wén	我不想复习生词。朋友已经复习生词了。老师常常看课本。||他们常常记得故事书。老师已经练习生词了。老师不记得生词。||请练习汉字。学生读故事书。爸爸常常学习故事书。||老师已经练习作业了。请复习作业。他很喜欢中文。
8	工作 · 第8级	wǒ men xǐ huān tóng shì tā hěn xǐ huān tóng shì lǎo shī cháng cháng kàn gōng sī||wǒ xiǎng zhǎo míng piàn ma tā bù xiǎng zhǎo míng piàn xué shēng hěn xǐ huān jì huà||nǐ bù zhǎo gōng sī mā mā bù xiǎng zhǎo gōng sī qǐng kàn jì huà||wǒ bù xiǎng zhǎo wèn tí nǐ cháng cháng zhǔn bèi míng piàn bà bà bù zhǔn bèi tóng shì	我们喜欢同事。他很喜欢同事。老师常常看公司。||我想找名片吗？他不想找名片。学生很喜欢计划。||你不找公司。妈妈不想找公司。请看计划。||我不想找问题。你常常准备名片。爸爸不准备同事。
8	工作 · 第8级	wǒ bù xiǎng zhǎo wèn tí qǐng kàn jì huà nǐ cháng cháng zhǔn bèi míng piàn||wǒ men xǐ huān tóng shì wǒ men xiǎng zhǎo jì huà ma nǐ bù zhǎo gōng sī||xué shēng xiǎng kàn jì huà ma tā bù jì de tóng shì tā men míng tiān zhǎo tóng shì||lǎo shī yǐ jīng zhǎo bàn gōng shì le lǎo shī zhǔn bèi wèn tí bà bà bù zhǔn bèi tóng shì	我不想找问题。请看计划。你常常准备名片。||我们喜欢同事。我们想找计划吗？你不找公司。||学生想看计划吗？他不记得同事。他们明天找同事。||老师已经找办公室了。老师准备问题。爸爸不准备同事。
8	工作 · 第8级	tā jì de bàn gōng shì tā hěn xǐ huān tóng shì xué shēng bù xǐ huān jì huà||wǒ men cháng cháng zhǎo diàn nǎo xué shēng bù jì de diàn nǎo wǒ men xiǎng zhǎo jì huà ma||péng yǒu zhǎo gōng sī lǎo shī cháng cháng kàn gōng sī bà bà bù zhǔn bèi tóng shì||wǒ hěn xǐ huān tóng shì wǒ xiǎng zhǎo míng piàn ma wǒ bù xǐ huān tóng shì	他记得办公室。她很喜欢同事。学生不喜欢计划。||我们常常找电脑。学生不记得电脑。我们想找计划吗？||朋友找公司。老师常常看公司。爸爸不准备同事。||我很喜欢同事。我想找名片吗？我不喜欢同事。
8	旅行 · 第8级	wǒ xiǎng zhǎo bīn guǎn ma bà bà měi tiān zhǎo cháng chéng lǎo shī xǐ huān fēi jī||lǎo shī bù kàn huǒ chē wǒ bù xiǎng kàn huǒ chē qǐng kàn xíng lǐ||xué shēng bù kàn xíng lǐ lǎo shī xiǎng kàn fēi jī ma tā měi tiān kàn chē zhàn||wǒ men měi tiān xǐ huān chē zhàn bà bà cháng cháng zhǎo hǎi biān xué shēng hěn xǐ huān fēi jī	我想找宾馆吗？爸爸每天找长城。老师喜欢飞机。||老师不看火车。我不想看火车。请看行李。||学生不看行李。老师想看飞机吗？他每天看车站。||我们每天喜欢车站。爸爸常常找海边。学生很喜欢飞机。
8	学习 · 第8级	péng yǒu cháng cháng kàn shēng cí qǐng liàn xí hàn zì lǎo shī yǐ jīng liàn xí zuò yè le||péng yǒu liàn xí shù xué nǐ xiǎng dú shù xué ma péng yǒu hěn xǐ huān shēng cí||lǎo shī yǐ jīng liàn xí shēng cí le lǎo shī bù jì de shēng cí nǐ bù xiǎng dú zhōng wén||wǒ cháng cháng jì de zuò yè tā men bù xiǎng dú shēng cí tā bù jì de shù xué	朋友常常看生词。请练习汉字。老师已经练习作业了。||朋友练习数学。你想读数学吗？朋友很喜欢生词。||老师已经练习生词了。老师不记得生词。你不想读中文。||我常常记得作业。他们不想读生词。他不记得数学。
8	旅行 · 第8级	wǒ měi tiān zhǎo huǒ chē xué shēng hěn xǐ huān fēi jī wǒ xiǎng zhǎo bīn guǎn ma||bà bà měi tiān zhǎo cháng chéng wǒ bù xiǎng zhǎo bīn guǎn tā hěn xǐ huān cháng chéng||wǒ men míng tiān zhǎo chē zhàn qǐng kàn fēi jī wǒ bù xiǎng kàn huǒ chē||tā kàn cháng chéng tā měi tiān kàn chē zhàn tā men bù zhǎo xíng lǐ	我每天找火车。学生很喜欢飞机。我想找宾馆吗？||爸爸每天找长城。我不想找宾馆。她很喜欢长城。||我们明天找车站。请看飞机。我不想看火车。||他看长城。他每天看车站。他们不找行李。
8	工作 · 第8级	xué shēng xiǎng kàn jì huà ma tā jì de bàn gōng shì nǐ bù zhǎo gōng sī||qǐng kàn jì huà bà bà yǐ jīng zhǔn bèi tóng shì le tā hěn xǐ huān tóng shì||lǎo shī měi tiān zhǎo míng piàn tā xiǎng zhǔn bèi gōng sī ma nǐ bù xiǎng zhǔn bèi jì huà||xué shēng bù jì de míng piàn tā men míng tiān zhǎo tóng shì mā mā bù xiǎng zhǎo gōng sī	学生想看计划吗？他记得办公室。你不找公司。||请看计划。爸爸已经准备同事了。她很喜欢同事。||老师每天找名片。他想准备公司吗？你不想准备计划。||学生不记得名片。他们明天找同事。妈妈不想找公司。
8	食物 · 第8级	tā chī bāo zi tā cháng cháng zuò zhōng guó cài tā yǐ jīng chī jiǎo zi le||tā xiǎng mǎi shuǐ guǒ ma nǐ yǐ jīng chī qīng cài le wǒ cháng cháng xǐ huān bāo zi||lǎo shī cháng cháng mǎi mǐ fàn tā bù xiǎng chī miàn tiáo xué shēng hěn xǐ huān bāo zi||wǒ měi tiān chī jiǎo zi péng yǒu zuò shuǐ guǒ mā mā cháng cháng chī shuǐ guǒ	他吃包子。他常常做中国菜。她已经吃饺子了。||她想买水果吗？你已经吃青菜了。我常常喜欢包子。||老师常常买米饭。她不想吃面条。学生很喜欢包子。||我每天吃饺子。朋友做水果。妈妈常常吃水果。
8	食物 · 第8级	wǒ míng tiān chī qīng cài lǎo shī cháng cháng chī mǐ fàn nǐ yǐ jīng chī qīng cài le||mā mā cháng cháng chī shuǐ guǒ xué shēng xǐ huān mǐ fàn xué shēng hěn xǐ huān bāo zi||tā bù xiǎng mǎi zhōng guó cài tā xiǎng chī miàn tiáo ma wǒ měi tiān chī jiǎo zi||tā yǐ jīng chī jiǎo zi le lǎo shī cháng cháng mǎi miàn tiáo tā hěn xǐ huān zhōng guó cài	我明天吃青菜。老师常常吃米饭。你已经吃青菜了。||妈妈常常吃水果。学生喜欢米饭。学生很喜欢包子。||她不想买中国菜。他想吃面条吗？我每天吃饺子。||她已经吃饺子了。老师常常买面条。她很喜欢中国菜。
8	旅行 · 第8级	wǒ men cháng cháng zhǎo cháng chéng qǐng kàn fēi jī xué shēng bù kàn xíng lǐ||wǒ bù xiǎng kàn huǒ chē bà bà cháng cháng zhǎo hǎi biān tā kàn cháng chéng||tā bù xǐ huān cháng chéng wǒ men míng tiān zhǎo chē zhàn wǒ měi tiān zhǎo huǒ chē||wǒ xiǎng zhǎo bīn guǎn ma tā bù xiǎng zhǎo xíng lǐ lǎo shī xǐ huān fēi jī	我们常常找长城。请看飞机。学生不看行李。||我不想看火车。爸爸常常找海边。他看长城。||她不喜欢长城。我们明天找车站。我每天找火车。||我想找宾馆吗？他不想找行李。老师喜欢飞机。
8	学习 · 第8级	mā mā bù fù xí shēng cí qǐng fù xí zuò yè wǒ dú zhōng wén||lǎo shī yǐ jīng liàn xí shēng cí le tā men kàn shēng cí lǎo shī cháng cháng kàn kè běn||péng yǒu hěn xǐ huān shēng cí lǎo shī cháng cháng fù xí gù shì shū tā men bù xiǎng dú shēng cí||qǐng liàn xí zuò yè lǎo shī yǐ jīng liàn xí zuò yè le nǐ bù xiǎng dú zhōng wén	妈妈不复习生词。请复习作业。我读中文。||老师已经练习生词了。他们看生词。老师常常看课本。||朋友很喜欢生词。老师常常复习故事书。他们不想读生词。||请练习作业。老师已经练习作业了。你不想读中文。
8	食物 · 第8级	tā yǐ jīng chī jiǎo zi le lǎo shī cháng cháng mǎi mǐ fàn tā hěn xǐ huān zhōng guó cài||tā bù xiǎng chī mǐ fàn mā mā cháng cháng chī shuǐ guǒ qǐng mǎi jī dàn||xué shēng hěn xǐ huān bāo zi xué shēng xǐ huān mǐ fàn bà bà xiǎng chī jī dàn ma||lǎo shī míng tiān chī mǐ fàn tā xiǎng mǎi shuǐ guǒ ma lǎo shī cháng cháng chī mǐ fàn	她已经吃饺子了。老师常常买米饭。他很喜欢中国菜。||她不想吃米饭。妈妈常常吃水果。请买鸡蛋。||学生很喜欢包子。学生喜欢米饭。爸爸想吃鸡蛋吗？||老师明天吃米饭。她想买水果吗？老师常常吃米饭。
8	旅行 · 第8级	wǒ měi tiān zhǎo huǒ chē qǐng kàn fēi jī wǒ men cháng cháng zhǎo cháng chéng||lǎo shī bù kàn huǒ chē tā kàn cháng chéng xué shēng hěn xǐ huān fēi jī||wǒ men měi tiān xǐ huān chē zhàn tā bù xiǎng zhǎo xíng lǐ tā hěn xǐ huān cháng chéng||wǒ xiǎng zhǎo bīn guǎn ma tā men bù zhǎo xíng lǐ mā mā xǐ huān cháng chéng	我每天找火车。请看飞机。我们常常找长城。||老师不看火车。他看长城。学生很喜欢飞机。||我们每天喜欢车站。他不想找行李。她很喜欢长城。||我想找宾馆吗？他们不找行李。妈妈喜欢长城。
8	学习 · 第8级	tā hěn xǐ huān zhōng wén qǐng fù xí zuò yè lǎo shī cháng cháng dú kè běn||bà bà bù liàn xí shēng cí tā men bù xiǎng dú shēng cí tā men kàn shēng cí||tā men cháng cháng jì de gù shì shū xué shēng dú gù shì shū nǐ bù xiǎng dú zhōng wén||qǐng liàn xí zuò yè wǒ men bù xiǎng kàn shēng cí péng yǒu liàn xí shù xué	他很喜欢中文。请复习作业。老师常常读课本。||爸爸不练习生词。他们不想读生词。他们看生词。||他们常常记得故事书。学生读故事书。你不想读中文。||请练习作业。我们不想看生词。朋友练习数学。
8	旅行 · 第8级	lǎo shī xiǎng kàn fēi jī ma bà bà cháng cháng zhǎo dì tú wǒ men měi tiān xǐ huān chē zhàn||lǎo shī xǐ huān fēi jī bà bà cháng cháng zhǎo hǎi biān tā bù xiǎng zhǎo xíng lǐ||tā kàn cháng chéng xué shēng hěn xǐ huān fēi jī wǒ bù xiǎng kàn huǒ chē||lǎo shī bù kàn huǒ chē tā hěn xǐ huān cháng chéng qǐng kàn xíng lǐ	老师想看飞机吗？爸爸常常找地图。我们每天喜欢车站。||老师喜欢飞机。爸爸常常找海边。他不想找行李。||他看长城。学生很喜欢飞机。我不想看火车。||老师不看火车。她很喜欢长城。请看行李。
8	旅行 · 第8级	bà bà měi tiān zhǎo cháng chéng bà bà cháng cháng zhǎo hǎi biān xué shēng hěn xǐ huān fēi jī||xué shēng bù kàn xíng lǐ qǐng kàn xíng lǐ tā kàn cháng chéng||lǎo shī xiǎng kàn fēi jī ma wǒ men míng tiān zhǎo chē zhàn tā men bù zhǎo xíng lǐ||qǐng kàn fēi jī lǎo shī bù kàn huǒ chē wǒ bù xiǎng kàn huǒ chē	爸爸每天找长城。爸爸常常找海边。学生很喜欢飞机。||学生不看行李。请看行李。他看长城。||老师想看飞机吗？我们明天找车站。他们不找行李。||请看飞机。老师不看火车。我不想看火车。
8	学习 · 第8级	nǐ cháng cháng jì de hàn zì bà bà bù liàn xí shēng cí nǐ xiǎng dú shù xué ma||péng yǒu hěn xǐ huān shēng cí qǐng xué xí zuò yè péng yǒu cháng cháng kàn shēng cí||qǐng xué xí hàn zì wǒ bù xiǎng fù xí shēng cí mā mā bù fù xí shēng cí||qǐng liàn xí zuò yè tā hěn xǐ huān zhōng wén lǎo shī cháng cháng kàn kè běn	你常常记得汉字。爸爸不练习生词。你想读数学吗？||朋友很喜欢生词。请学习作业。朋友常常看生词。||请学习汉字。我不想复习生词。妈妈不复习生词。||请练习作业。他很喜欢中文。老师常常看课本。
8	旅行 · 第8级	wǒ měi tiān zhǎo huǒ chē lǎo shī xiǎng kàn fēi jī ma mā mā xǐ huān cháng chéng||wǒ men cháng cháng zhǎo cháng chéng tā kàn cháng chéng tā bù xiǎng zhǎo xíng lǐ||wǒ men měi tiān xǐ huān chē zhàn wǒ men míng tiān zhǎo chē zhàn bà bà cháng cháng zhǎo hǎi biān||tā men bù zhǎo xíng lǐ qǐng kàn fēi jī bà bà měi tiān zhǎo cháng chéng	我每天找火车。老师想看飞机吗？妈妈喜欢长城。||我们常常找长城。他看长城。他不想找行李。||我们每天喜欢车站。我们明天找车站。爸爸常常找海边。||他们不找行李。请看飞机。爸爸每天找长城。
8	学习 · 第8级	mā mā liàn xí zhōng wén lǎo shī yǐ jīng liàn xí zuò yè le mā mā bù fù xí shēng cí||nǐ xiǎng dú shù xué ma wǒ bù xiǎng liàn xí shēng cí péng yǒu cháng cháng kàn shēng cí||wǒ men xiǎng kàn shēng cí ma tā bù kàn shēng cí péng yǒu yǐ jīng fù xí shēng cí le||wǒ bù xiǎng fù xí shēng cí qǐng liàn xí zuò yè nǐ míng tiān dú shù xué	妈妈练习中文。老师已经练习作业了。妈妈不复习生词。||你想读数学吗？我不想练习生词。朋友常常看生词。||我们想看生词吗？他不看生词。朋友已经复习生词了。||我不想复习生词。请练习作业。你明天读数学。
9	食物 · 第9级	tā míng tiān chī jiǎo zi nǐ cháng cháng zuò jiǎo zi lǎo shī měi tiān zuò zhōng guó cài||xué shēng yǐ jīng mǎi bāo zi le qǐng mǎi jiǎo zi tā bù xiǎng chī bāo zi||qǐng zuò jiǎo zi xué shēng bù zuò shuǐ guǒ tā cháng cháng zuò qīng cài||qǐng zuò qīng cài wǒ men chī shuǐ guǒ lǎo shī měi tiān xǐ huān qīng cài	她明天吃饺子。你常常做饺子。老师每天做中国菜。||学生已经买包子了。请买饺子。她不想吃包子。||请做饺子。学生不做水果。他常常做青菜。||请做青菜。我们吃水果。老师每天喜欢青菜。
9	食物 · 第9级	bà bà yǐ jīng chī shuǐ guǒ le qǐng zuò jī dàn tā cháng cháng zuò qīng cài||lǎo shī měi tiān zuò zhōng guó cài tā xiǎng zuò shuǐ guǒ ma nǐ cháng cháng zuò jī dàn||xué shēng mǎi shuǐ guǒ tā bù xiǎng chī qīng cài xué shēng bù mǎi jī dàn||qǐng zuò jiǎo zi tā míng tiān chī shuǐ guǒ wǒ xiǎng chī qīng cài ma	爸爸已经吃水果了。请做鸡蛋。他常常做青菜。||老师每天做中国菜。她想做水果吗？你常常做鸡蛋。||学生买水果。她不想吃青菜。学生不买鸡蛋。||请做饺子。她明天吃水果。我想吃青菜吗？
9	工作 · 第9级	qǐng zhǔn bèi huì yì tā cháng cháng kàn tóng shì lǎo shī yǐ jīng zhǎo huì yì le||xué shēng bù xiǎng zhǔn bèi míng piàn xué shēng cháng cháng xǐ huān wèn tí xué shēng kàn tóng shì||qǐng zhǔn bèi diàn nǎo nǐ zhǔn bèi bàn gōng shì wǒ men bù xiǎng zhǔn bèi tóng shì||wǒ bù zhǎo bàn gōng shì wǒ men xiǎng zhǎo bàn gōng shì ma xué shēng bù xiǎng zhǔn bèi huì yì	请准备会议。她常常看同事。老师已经找会议了。||学生不想准备名片。学生常常喜欢问题。学生看同事。||请准备电脑。你准备办公室。我们不想准备同事。||我不找办公室。我们想找办公室吗？学生不想准备会议。
9	旅行 · 第9级	tā míng tiān zhǎo cháng chéng tā bù zhǎo huǒ chē wǒ bù xiǎng zhǎo fēi jī||wǒ míng tiān kàn chē zhàn tā cháng cháng xǐ huān fēi jī mā mā zhǎo xíng lǐ||wǒ míng tiān zhǎo huǒ chē wǒ men bù zhǎo cháng chéng xué shēng kàn dì tú||lǎo shī míng tiān zhǎo hǎi biān nǐ yǐ jīng zhǎo huǒ chē le wǒ men hěn xǐ huān chē zhàn	他明天找长城。他不找火车。我不想找飞机。||我明天看车站。他常常喜欢飞机。妈妈找行李。||我明天找火车。我们不找长城。学生看地图。||老师明天找海边。你已经找火车了。我们很喜欢车站。
9	旅行 · 第9级	mā mā zhǎo xíng lǐ tā cháng cháng xǐ huān fēi jī xué shēng míng tiān kàn cháng chéng||mā mā xiǎng zhǎo cháng chéng ma tā míng tiān zhǎo cháng chéng lǎo shī hěn xǐ huān huǒ chē||wǒ men bù zhǎo cháng chéng lǎo shī míng tiān zhǎo hǎi biān xué shēng kàn hǎi biān||xué shēng kàn dì tú wǒ men hěn xǐ huān chē zhàn wǒ míng tiān kàn chē zhàn	妈妈找行李。他常常喜欢飞机。学生明天看长城。||妈妈想找长城吗？他明天找长城。老师很喜欢火车。||我们不找长城。老师明天找海边。学生看海边。||学生看地图。我们很喜欢车站。我明天看车站。
9	工作 · 第9级	tā cháng cháng jì de bàn gōng shì xué shēng bù xiǎng zhǔn bèi huì yì wǒ bù zhǎo bàn gōng shì||xué shēng bù xiǎng zhǔn bèi gōng sī tā men cháng cháng zhǔn bèi gōng sī nǐ měi tiān zhǎo tóng shì||nǐ cháng cháng zhǎo huì yì lǎo shī yǐ jīng zhǎo huì yì le qǐng zhǔn bèi míng piàn||xué shēng cháng cháng xǐ huān wèn tí nǐ jì de tóng shì lǎo shī bù xiǎng zhǎo bàn gōng shì	她常常记得办公室。学生不想准备会议。我不找办公室。||学生不想准备公司。他们常常准备公司。你每天找同事。||你常常找会议。老师已经找会议了。请准备名片。||学生常常喜欢问题。你记得同事。老师不想找办公室。
9	工作 · 第9级	nǐ měi tiān zhǎo tóng shì xué shēng bù xiǎng zhǔn bèi huì yì lǎo shī yǐ jīng zhǎo huì yì le||bà bà zhǔn bèi tóng shì péng yǒu cháng cháng jì de tóng shì xué shēng bù xiǎng zhǔn bèi míng piàn||lǎo shī cháng cháng jì de gōng sī wǒ men bù xiǎng zhǔn bèi tóng shì xué shēng kàn tóng shì||wǒ xiǎng zhǔn bèi bàn gōng shì ma xué shēng míng tiān zhǔn bèi huì yì tā cháng cháng jì de bàn gōng shì	你每天找同事。学生不想准备会议。老师已经找会议了。||爸爸准备同事。朋友常常记得同事。学生不想准备名片。||老师常常记得公司。我们不想准备同事。学生看同事。||我想准备办公室吗？学生明天准备会议。她常常记得办公室。
9	工作 · 第9级	tā cháng cháng kàn tóng shì xué shēng míng tiān zhǔn bèi huì yì qǐng zhǔn bèi míng piàn||wǒ men cháng cháng zhǎo gōng sī qǐng zhǔn bèi huì yì bà bà zhǔn bèi tóng shì||péng yǒu cháng cháng jì de tóng shì nǐ měi tiān zhǎo tóng shì nǐ zhǔn bèi bàn gōng shì||tā cháng cháng jì de bàn gōng shì lǎo shī yǐ jīng zhǎo huì yì le xué shēng bù xiǎng zhǔn bèi míng piàn	她常常看同事。学生明天准备会议。请准备名片。||我们常常找公司。请准备会议。爸爸准备同事。||朋友常常记得同事。你每天找同事。你准备办公室。||她常常记得办公室。老师已经找会议了。学生不想准备名片。
9	学习 · 第9级	qǐng xué xí gù shì shū lǎo shī cháng cháng xué xí yǔ fǎ nǐ jì de shù xué||qǐng dú gù shì shū xué shēng cháng cháng fù xí shēng cí tā yǐ jīng xué xí shēng cí le||xué shēng bù dú shēng cí nǐ hěn xǐ huān shēng cí xué shēng jì de yīng yǔ||tā hěn xǐ huān shēng cí nǐ cháng cháng fù xí shù xué nǐ dú shēng cí	请学习故事书。老师常常学习语法。你记得数学。||请读故事书。学生常常复习生词。他已经学习生词了。||学生不读生词。你很喜欢生词。学生记得英语。||他很喜欢生词。你常常复习数学。你读生词。
9	食物 · 第9级	lǎo shī měi tiān xǐ huān qīng cài tā xiǎng zuò shuǐ guǒ ma nǐ cháng cháng zuò jī dàn||qǐng zuò qīng cài lǎo shī hěn xǐ huān qīng cài xué shēng bù xiǎng mǎi qīng cài||wǒ xiǎng chī bāo zi ma nǐ cháng cháng zuò jiǎo zi lǎo shī yǐ jīng chī miàn tiáo le||lǎo shī cháng cháng zuò shuǐ guǒ tā bù xiǎng chī qīng cài qǐng zuò jiǎo zi	老师每天喜欢青菜。她想做水果吗？你常常做鸡蛋。||请做青菜。老师很喜欢青菜。学生不想买青菜。||我想吃包子吗？你常常做饺子。老师已经吃面条了。||老师常常做水果。她不想吃青菜。请做饺子。
9	工作 · 第9级	xué shēng bù xiǎng zhǔn bèi huì yì qǐng kàn bàn gōng shì nǐ cháng cháng zhǔn bèi jì huà||wǒ bù zhǎo bàn gōng shì lǎo shī bù xiǎng zhǎo bàn gōng shì nǐ cháng cháng zhǎo huì yì||lǎo shī yǐ jīng zhǎo huì yì le xué shēng bù xiǎng zhǔn bèi gōng sī wǒ men cháng cháng zhǎo gōng sī||qǐng zhǔn bèi míng piàn xué shēng bù xiǎng zhǔn bèi míng piàn nǐ měi tiān zhǎo tóng shì	学生不想准备会议。请看办公室。你常常准备计划。||我不找办公室。老师不想找办公室。你常常找会议。||老师已经找会议了。学生不想准备公司。我们常常找公司。||请准备名片。学生不想准备名片。你每天找同事。
9	工作 · 第9级	xué shēng míng tiān zhǔn bèi huì yì péng yǒu cháng cháng jì de tóng shì lǎo shī yǐ jīng zhǎo huì yì le||qǐng zhǔn bèi wèn tí nǐ měi tiān zhǎo tóng shì wǒ men bù xiǎng zhǔn bèi tóng shì||qǐng zhǔn bèi míng piàn wǒ men xiǎng zhǎo bàn gōng shì ma nǐ cháng cháng zhǔn bèi jì huà||nǐ zhǔn bèi bàn gōng shì péng yǒu bù zhǎo tóng shì xué shēng cháng cháng xǐ huān wèn tí	学生明天准备会议。朋友常常记得同事。老师已经找会议了。||请准备问题。你每天找同事。我们不想准备同事。||请准备名片。我们想找办公室吗？你常常准备计划。||你准备办公室。朋友不找同事。学生常常喜欢问题。
9	旅行 · 第9级	tā cháng cháng zhǎo huǒ chē péng yǒu hěn xǐ huān chē zhàn mā mā yǐ jīng zhǎo cháng chéng le||mā mā zhǎo xíng lǐ tā bù zhǎo huǒ chē lǎo shī míng tiān kàn huǒ chē||wǒ bù xiǎng zhǎo fēi jī xué shēng míng tiān kàn cháng chéng wǒ men bù zhǎo cháng chéng||mā mā xiǎng zhǎo cháng chéng ma wǒ míng tiān kàn chē zhàn wǒ men hěn xǐ huān chē zhàn	她常常找火车。朋友很喜欢车站。妈妈已经找长城了。||妈妈找行李。他不找火车。老师明天看火车。||我不想找飞机。学生明天看长城。我们不找长城。||妈妈想找长城吗？我明天看车站。我们很喜欢车站。
9	工作 · 第9级	qǐng zhǔn bèi míng piàn nǐ cháng cháng zhǔn bèi jì huà nǐ jì de tóng shì||wǒ men xiǎng zhǎo bàn gōng shì ma xué shēng bù xiǎng zhǔn bèi gōng sī wǒ bù zhǎo bàn gōng shì||wǒ men bù xiǎng zhǔn bèi tóng shì qǐng zhǔn bèi wèn tí lǎo shī yǐ jīng zhǎo huì yì le||bà bà zhǔn bèi tóng shì wǒ men cháng cháng zhǎo gōng sī péng yǒu bù zhǎo tóng shì	请准备名片。你常常准备计划。你记得同事。||我们想找办公室吗？学生不想准备公司。我不找办公室。||我们不想准备同事。请准备问题。老师已经找会议了。||爸爸准备同事。我们常常找公司。朋友不找同事。
9	旅行 · 第9级	nǐ xiǎng zhǎo fēi jī ma lǎo shī cháng cháng xǐ huān dì tú mā mā zhǎo xíng lǐ||wǒ bù xiǎng zhǎo fēi jī wǒ men hěn xǐ huān chē zhàn tā cháng cháng xǐ huān fēi jī||nǐ yǐ jīng zhǎo huǒ chē le péng yǒu hěn xǐ huān chē zhàn mā mā xiǎng zhǎo cháng chéng ma||wǒ men bù zhǎo cháng chéng mā mā yǐ jīng zhǎo cháng chéng le xué shēng míng tiān kàn cháng chéng	你想找飞机吗？老师常常喜欢地图。妈妈找行李。||我不想找飞机。我们很喜欢车站。他常常喜欢飞机。||你已经找火车了。朋友很喜欢车站。妈妈想找长城吗？||我们不找长城。妈妈已经找长城了。学生明天看长城。
9	食物 · 第9级	péng yǒu bù xiǎng chī zhōng guó cài wǒ men chī shuǐ guǒ nǐ cháng cháng zuò jī dàn||qǐng mǎi jiǎo zi xué shēng bù mǎi jī dàn tā cháng cháng zuò qīng cài||xué shēng bù zuò shuǐ guǒ lǎo shī hěn xǐ huān qīng cài lǎo shī měi tiān zuò zhōng guó cài||tā xiǎng zuò shuǐ guǒ ma tā míng tiān chī jiǎo zi lǎo shī měi tiān xǐ huān qīng cài	朋友不想吃中国菜。我们吃水果。你常常做鸡蛋。||请买饺子。学生不买鸡蛋。他常常做青菜。||学生不做水果。老师很喜欢青菜。老师每天做中国菜。||她想做水果吗？她明天吃饺子。老师每天喜欢青菜。
9	食物 · 第9级	qǐng zuò jiǎo zi tā míng tiān chī jiǎo zi xué shēng bù zuò shuǐ guǒ||péng yǒu bù xiǎng chī zhōng guó cài xué shēng bù mǎi jī dàn tā míng tiān chī shuǐ guǒ||tā bù xiǎng chī qīng cài wǒ cháng cháng mǎi shuǐ guǒ xué shēng xiǎng mǎi qīng cài ma||wǒ bù chī zhōng guó cài bà bà yǐ jīng chī shuǐ guǒ le tā bù xiǎng chī bāo zi	请做饺子。她明天吃饺子。学生不做水果。||朋友不想吃中国菜。学生不买鸡蛋。她明天吃水果。||她不想吃青菜。我常常买水果。学生想买青菜吗？||我不吃中国菜。爸爸已经吃水果了。她不想吃包子。
9	学习 · 第9级	xué shēng jì de yǔ fǎ tā yǐ jīng xué xí shēng cí le qǐng xué xí gù shì shū||bà bà cháng cháng liàn xí shù xué nǐ jì de shù xué lǎo shī yǐ jīng dú zhōng wén le||xué shēng cháng cháng fù xí zuò yè nǐ hěn xǐ huān shēng cí tā fù xí zhōng wén||tā men liàn xí shēng cí qǐng kàn gù shì shū bà bà cháng cháng jì de shēng cí	学生记得语法。他已经学习生词了。请学习故事书。||爸爸常常练习数学。你记得数学。老师已经读中文了。||学生常常复习作业。你很喜欢生词。他复习中文。||他们练习生词。请看故事书。爸爸常常记得生词。
9	食物 · 第9级	wǒ men chī shuǐ guǒ péng yǒu bù chī jiǎo zi xué shēng xiǎng mǎi qīng cài ma||tā xiǎng zuò shuǐ guǒ ma xué shēng bù zuò shuǐ guǒ lǎo shī měi tiān zuò zhōng guó cài||tā míng tiān chī shuǐ guǒ bà bà yǐ jīng chī shuǐ guǒ le qǐng zuò qīng cài||xué shēng mǎi shuǐ guǒ xué shēng bù mǎi jī dàn nǐ yǐ jīng chī zhōng guó cài le	我们吃水果。朋友不吃饺子。学生想买青菜吗？||她想做水果吗？学生不做水果。老师每天做中国菜。||她明天吃水果。爸爸已经吃水果了。请做青菜。||学生买水果。学生不买鸡蛋。你已经吃中国菜了。
9	旅行 · 第9级	xué shēng kàn dì tú tā cháng cháng xǐ huān fēi jī tā bù zhǎo chē zhàn||xué shēng míng tiān kàn cháng chéng tā cháng cháng zhǎo huǒ chē xué shēng kàn hǎi biān||wǒ míng tiān kàn chē zhàn mā mā zhǎo xíng lǐ péng yǒu hěn xǐ huān chē zhàn||nǐ yǐ jīng zhǎo huǒ chē le wǒ men hěn xǐ huān chē zhàn mā mā xiǎng zhǎo cháng chéng ma	学生看地图。他常常喜欢飞机。她不找车站。||学生明天看长城。她常常找火车。学生看海边。||我明天看车站。妈妈找行李。朋友很喜欢车站。||你已经找火车了。我们很喜欢车站。妈妈想找长城吗？
9	旅行 · 第9级	wǒ men hěn xǐ huān chē zhàn wǒ bù xiǎng zhǎo fēi jī mā mā zhǎo xíng lǐ||péng yǒu hěn xǐ huān chē zhàn lǎo shī míng tiān zhǎo hǎi biān xué shēng kàn hǎi biān||nǐ yǐ jīng zhǎo huǒ chē le wǒ míng tiān kàn chē zhàn tā cháng cháng xǐ huān fēi jī||xué shēng cháng cháng xǐ huān bīn guǎn nǐ xiǎng zhǎo fēi jī ma wǒ men bù zhǎo cháng chéng	我们很喜欢车站。我不想找飞机。妈妈找行李。||朋友很喜欢车站。老师明天找海边。学生看海边。||你已经找火车了。我明天看车站。他常常喜欢飞机。||学生常常喜欢宾馆。你想找飞机吗？我们不找长城。
9	食物 · 第9级	xué shēng xiǎng mǎi qīng cài ma xué shēng yǐ jīng mǎi bāo zi le qǐng zuò jiǎo zi||lǎo shī cháng cháng chī bāo zi tā xiǎng zuò shuǐ guǒ ma tā bù xiǎng chī qīng cài||lǎo shī hěn xǐ huān qīng cài xué shēng mǎi shuǐ guǒ nǐ yǐ jīng chī zhōng guó cài le||xué shēng bù xiǎng mǎi qīng cài bà bà yǐ jīng chī shuǐ guǒ le lǎo shī měi tiān xǐ huān qīng cài	学生想买青菜吗？学生已经买包子了。请做饺子。||老师常常吃包子。她想做水果吗？她不想吃青菜。||老师很喜欢青菜。学生买水果。你已经吃中国菜了。||学生不想买青菜。爸爸已经吃水果了。老师每天喜欢青菜。
9	学习 · 第9级	qǐng dú gù shì shū nǐ hěn xǐ huān shēng cí lǎo shī bù xiǎng xué xí zhōng wén||qǐng kàn gù shì shū nǐ dú shēng cí wǒ cháng cháng liàn xí gù shì shū||xué shēng jì de yǔ fǎ tā yǐ jīng xué xí shēng cí le qǐng xué xí gù shì shū||xué shēng bù dú zuò yè qǐng liàn xí gù shì shū lǎo shī yǐ jīng dú zhōng wén le	请读故事书。你很喜欢生词。老师不想学习中文。||请看故事书。你读生词。我常常练习故事书。||学生记得语法。他已经学习生词了。请学习故事书。||学生不读作业。请练习故事书。老师已经读中文了。
9	学习 · 第9级	xué shēng jì de yǔ fǎ xué shēng cháng cháng fù xí shēng cí nǐ hěn xǐ huān shēng cí||tā men cháng cháng liàn xí zhōng wén qǐng fù xí gù shì shū nǐ jì de shù xué||xué shēng jì de yīng yǔ nǐ cháng cháng fù xí shù xué tā yǐ jīng xué xí shēng cí le||nǐ dú shù xué lǎo shī míng tiān liàn xí zhōng wén xué shēng bù dú zuò yè	学生记得语法。学生常常复习生词。你很喜欢生词。||他们常常练习中文。请复习故事书。你记得数学。||学生记得英语。你常常复习数学。他已经学习生词了。||你读数学。老师明天练习中文。学生不读作业。
9	工作 · 第9级	tā cháng cháng jì de bàn gōng shì lǎo shī bù xiǎng zhǎo bàn gōng shì wǒ xiǎng zhǔn bèi bàn gōng shì ma||qǐng zhǔn bèi diàn nǎo lǎo shī cháng cháng jì de gōng sī xué shēng kàn tóng shì||lǎo shī yǐ jīng zhǎo huì yì le nǐ zhǔn bèi bàn gōng shì xué shēng bù xiǎng zhǔn bèi gōng sī||wǒ men bù xiǎng zhǔn bèi tóng shì péng yǒu cháng cháng jì de tóng shì péng yǒu bù zhǎo tóng shì	她常常记得办公室。老师不想找办公室。我想准备办公室吗？||请准备电脑。老师常常记得公司。学生看同事。||老师已经找会议了。你准备办公室。学生不想准备公司。||我们不想准备同事。朋友常常记得同事。朋友不找同事。
9	食物 · 第9级	tā míng tiān chī shuǐ guǒ lǎo shī měi tiān xǐ huān qīng cài lǎo shī cháng cháng chī bāo zi||xué shēng yǐ jīng mǎi bāo zi le lǎo shī cháng cháng zuò shuǐ guǒ wǒ men chī shuǐ guǒ||tā míng tiān chī jiǎo zi tā bù xiǎng chī qīng cài nǐ cháng cháng zuò jī dàn||nǐ cháng cháng zuò jiǎo zi lǎo shī yǐ jīng chī miàn tiáo le qǐng mǎi jiǎo zi	她明天吃水果。老师每天喜欢青菜。老师常常吃包子。||学生已经买包子了。老师常常做水果。我们吃水果。||她明天吃饺子。她不想吃青菜。你常常做鸡蛋。||你常常做饺子。老师已经吃面条了。请买饺子。
9	食物 · 第9级	lǎo shī cháng cháng chī bāo zi qǐng zuò jī dàn wǒ men chī shuǐ guǒ||xué shēng bù mǎi jī dàn nǐ yǐ jīng chī zhōng guó cài le péng yǒu bù xiǎng chī jiǎo zi||tā míng tiān chī shuǐ guǒ xué shēng xiǎng mǎi qīng cài ma péng yǒu bù xiǎng chī zhōng guó cài||lǎo shī měi tiān zuò zhōng guó cài nǐ cháng cháng zuò jī dàn lǎo shī hěn xǐ huān qīng cài	老师常常吃包子。请做鸡蛋。我们吃水果。||学生不买鸡蛋。你已经吃中国菜了。朋友不想吃饺子。||她明天吃水果。学生想买青菜吗？朋友不想吃中国菜。||老师每天做中国菜。你常常做鸡蛋。老师很喜欢青菜。
9	工作 · 第9级	xué shēng bù xiǎng zhǔn bèi huì yì qǐng zhǔn bèi míng piàn tā cháng cháng kàn tóng shì||bà bà zhǔn bèi tóng shì qǐng zhǔn bèi diàn nǎo tā cháng cháng jì de bàn gōng shì||xué shēng míng tiān zhǔn bèi huì yì nǐ měi tiān zhǎo tóng shì wǒ men cháng cháng zhǎo gōng sī||lǎo shī yǐ jīng zhǎo huì yì le lǎo shī cháng cháng jì de gōng sī wǒ bù zhǎo bàn gōng shì	学生不想准备会议。请准备名片。她常常看同事。||爸爸准备同事。请准备电脑。她常常记得办公室。||学生明天准备会议。你每天找同事。我们常常找公司。||老师已经找会议了。老师常常记得公司。我不找办公室。
9	食物 · 第9级	wǒ men chī shuǐ guǒ lǎo shī hěn xǐ huān qīng cài péng yǒu bù xiǎng chī jiǎo zi||qǐng zuò jiǎo zi lǎo shī cháng cháng chī bāo zi xué shēng yǐ jīng mǎi bāo zi le||tā míng tiān chī jiǎo zi lǎo shī měi tiān xǐ huān qīng cài tā bù xiǎng chī bāo zi||xué shēng bù xiǎng mǎi qīng cài lǎo shī cháng cháng zuò shuǐ guǒ xué shēng bù zuò shuǐ guǒ	我们吃水果。老师很喜欢青菜。朋友不想吃饺子。||请做饺子。老师常常吃包子。学生已经买包子了。||她明天吃饺子。老师每天喜欢青菜。她不想吃包子。||学生不想买青菜。老师常常做水果。学生不做水果。
9	工作 · 第9级	péng yǒu cháng cháng jì de tóng shì lǎo shī bù xiǎng zhǎo bàn gōng shì wǒ xiǎng zhǔn bèi bàn gōng shì ma||nǐ cháng cháng zhǎo huì yì wǒ bù zhǎo bàn gōng shì qǐng zhǔn bèi diàn nǎo||xué shēng bù xiǎng zhǔn bèi huì yì xué shēng míng tiān zhǔn bèi huì yì nǐ měi tiān zhǎo tóng shì||qǐng zhǔn bèi huì yì nǐ jì de tóng shì xué shēng cháng cháng xǐ huān wèn tí	朋友常常记得同事。老师不想找办公室。我想准备办公室吗？||你常常找会议。我不找办公室。请准备电脑。||学生不想准备会议。学生明天准备会议。你每天找同事。||请准备会议。你记得同事。学生常常喜欢问题。
9	食物 · 第9级	tā míng tiān chī shuǐ guǒ lǎo shī hěn xǐ huān qīng cài xué shēng mǎi shuǐ guǒ||tā xiǎng zuò shuǐ guǒ ma qǐng zuò qīng cài tā cháng cháng zuò qīng cài||tā bù xiǎng chī bāo zi qǐng zuò jī dàn nǐ cháng cháng zuò jiǎo zi||nǐ cháng cháng zuò jī dàn xué shēng bù xiǎng mǎi qīng cài xué shēng bù mǎi jī dàn	她明天吃水果。老师很喜欢青菜。学生买水果。||她想做水果吗？请做青菜。他常常做青菜。||她不想吃包子。请做鸡蛋。你常常做饺子。||你常常做鸡蛋。学生不想买青菜。学生不买鸡蛋。
9	旅行 · 第9级	mā mā yǐ jīng zhǎo cháng chéng le lǎo shī míng tiān kàn huǒ chē mā mā zhǎo xíng lǐ||nǐ xiǎng zhǎo fēi jī ma tā bù zhǎo chē zhàn wǒ bù xiǎng zhǎo fēi jī||xué shēng míng tiān kàn cháng chéng wǒ men bù zhǎo cháng chéng xué shēng cháng cháng xǐ huān bīn guǎn||tā bù zhǎo huǒ chē xué shēng kàn hǎi biān wǒ míng tiān kàn chē zhàn	妈妈已经找长城了。老师明天看火车。妈妈找行李。||你想找飞机吗？她不找车站。我不想找飞机。||学生明天看长城。我们不找长城。学生常常喜欢宾馆。||他不找火车。学生看海边。我明天看车站。
10	旅行 · 第10级	xué shēng cháng cháng kàn chē zhàn lǎo shī kàn chē zhàn lǎo shī yǐ jīng zhǎo xíng lǐ le||wǒ xǐ huān chē zhàn wǒ men bù xiǎng zhǎo chē zhàn qǐng kàn cháng chéng||qǐng zhǎo huǒ chē tā cháng cháng zhǎo xíng lǐ lǎo shī zhǎo fēi jī||xué shēng cháng cháng zhǎo bīn guǎn qǐng zhǎo bīn guǎn tā men xiǎng kàn chē zhàn ma	学生常常看车站。老师看车站。老师已经找行李了。||我喜欢车站。我们不想找车站。请看长城。||请找火车。他常常找行李。老师找飞机。||学生常常找宾馆。请找宾馆。他们想看车站吗？
10	饮料 · 第10级	lǎo shī cháng cháng hē rè chá qǐng hē guǒ zhī xué shēng měi tiān xǐ huān rè chá||xué shēng hěn xǐ huān guǒ zhī qǐng mǎi guǒ zhī tā bù xiǎng mǎi rè chá||tā xiǎng hē rè chá ma xué shēng hē guǒ zhī xué shēng yǐ jīng hē guǒ zhī le||qǐng hē rè chá xué shēng xiǎng hē guǒ zhī ma xué shēng mǎi rè chá	老师常常喝热茶。请喝果汁。学生每天喜欢热茶。||学生很喜欢果汁。请买果汁。她不想买热茶。||她想喝热茶吗？学生喝果汁。学生已经喝果汁了。||请喝热茶。学生想喝果汁吗？学生买热茶。
10	旅行 · 第10级	tā yǐ jīng zhǎo chē zhàn le qǐng zhǎo chē zhàn tā bù xiǎng zhǎo cháng chéng||lǎo shī hěn xǐ huān chē zhàn tā xiǎng zhǎo chē zhàn ma nǐ bù xiǎng zhǎo huǒ chē||qǐng kàn cháng chéng wǒ cháng cháng zhǎo fēi jī wǒ men bù xiǎng zhǎo chē zhàn||xué shēng zhǎo chē zhàn tā cháng cháng zhǎo xíng lǐ xué shēng xiǎng zhǎo dì tú ma	他已经找车站了。请找车站。他不想找长城。||老师很喜欢车站。他想找车站吗？你不想找火车。||请看长城。我常常找飞机。我们不想找车站。||学生找车站。他常常找行李。学生想找地图吗？
10	旅行 · 第10级	wǒ men bù xiǎng zhǎo chē zhàn qǐng zhǎo huǒ chē xué shēng cháng cháng zhǎo chē zhàn||tā yǐ jīng kàn chē zhàn le xué shēng cháng cháng zhǎo bīn guǎn lǎo shī hěn xǐ huān chē zhàn||qǐng zhǎo bīn guǎn tā yǐ jīng zhǎo chē zhàn le wǒ xǐ huān chē zhàn||lǎo shī kàn chē zhàn qǐng kàn cháng chéng wǒ cháng cháng zhǎo fēi jī	我们不想找车站。请找火车。学生常常找车站。||他已经看车站了。学生常常找宾馆。老师很喜欢车站。||请找宾馆。他已经找车站了。我喜欢车站。||老师看车站。请看长城。我常常找飞机。
10	饮料 · 第10级	xué shēng hěn xǐ huān guǒ zhī xué shēng mǎi rè chá qǐng hē guǒ zhī||xué shēng měi tiān xǐ huān rè chá xué shēng yǐ jīng hē guǒ zhī le qǐng mǎi rè chá||lǎo shī cháng cháng hē rè chá qǐng hē rè chá tā bù xiǎng mǎi rè chá||tā xiǎng hē rè chá ma qǐng mǎi guǒ zhī xué shēng hē guǒ zhī	学生很喜欢果汁。学生买热茶。请喝果汁。||学生每天喜欢热茶。学生已经喝果汁了。请买热茶。||老师常常喝热茶。请喝热茶。她不想买热茶。||她想喝热茶吗？请买果汁。学生喝果汁。
10	旅行 · 第10级	wǒ xǐ huān chē zhàn tā yǐ jīng zhǎo chē zhàn le lǎo shī hěn xǐ huān chē zhàn||mā mā xiǎng zhǎo huǒ chē ma lǎo shī měi tiān zhǎo xíng lǐ qǐng zhǎo xíng lǐ||wǒ cháng cháng zhǎo fēi jī xué shēng xiǎng zhǎo dì tú ma qǐng zhǎo hǎi biān||tā bù xǐ huān chē zhàn tā xiǎng zhǎo chē zhàn ma lǎo shī yǐ jīng zhǎo xíng lǐ le	我喜欢车站。他已经找车站了。老师很喜欢车站。||妈妈想找火车吗？老师每天找行李。请找行李。||我常常找飞机。学生想找地图吗？请找海边。||她不喜欢车站。他想找车站吗？老师已经找行李了。
10	食物 · 第10级	xué shēng cháng cháng mǎi jiǎo zi qǐng zuò zhōng guó cài tā men bù xiǎng chī shuǐ guǒ||nǐ chī qīng cài lǎo shī cháng cháng chī jiǎo zi nǐ xiǎng chī jiǎo zi ma||wǒ cháng cháng xǐ huān shuǐ guǒ xué shēng měi tiān chī mǐ fàn lǎo shī xǐ huān zhōng guó cài||xué shēng zuò jiǎo zi wǒ xiǎng chī shuǐ guǒ ma qǐng chī mǐ fàn	学生常常买饺子。请做中国菜。他们不想吃水果。||你吃青菜。老师常常吃饺子。你想吃饺子吗？||我常常喜欢水果。学生每天吃米饭。老师喜欢中国菜。||学生做饺子。我想吃水果吗？请吃米饭。
10	旅行 · 第10级	wǒ cháng cháng zhǎo fēi jī qǐng zhǎo hǎi biān tā xiǎng zhǎo chē zhàn ma||lǎo shī kàn chē zhàn mā mā xiǎng zhǎo huǒ chē ma tā yǐ jīng zhǎo chē zhàn le||tā bù xǐ huān chē zhàn xué shēng cháng cháng xǐ huān chē zhàn lǎo shī zhǎo fēi jī||wǒ men bù xiǎng zhǎo chē zhàn qǐng kàn huǒ chē wǒ xǐ huān chē zhàn	我常常找飞机。请找海边。他想找车站吗？||老师看车站。妈妈想找火车吗？他已经找车站了。||她不喜欢车站。学生常常喜欢车站。老师找飞机。||我们不想找车站。请看火车。我喜欢车站。
10	饮料 · 第10级	xué shēng mǎi rè chá qǐng mǎi guǒ zhī xué shēng yǐ jīng hē guǒ zhī le||qǐng hē guǒ zhī tā bù xiǎng mǎi rè chá xué shēng hē guǒ zhī||xué shēng hěn xǐ huān guǒ zhī qǐng mǎi rè chá xué shēng měi tiān xǐ huān rè chá||lǎo shī cháng cháng hē rè chá tā xiǎng hē rè chá ma qǐng hē rè chá	学生买热茶。请买果汁。学生已经喝果汁了。||请喝果汁。她不想买热茶。学生喝果汁。||学生很喜欢果汁。请买热茶。学生每天喜欢热茶。||老师常常喝热茶。她想喝热茶吗？请喝热茶。
10	饮料 · 第10级	tā xiǎng hē rè chá ma xué shēng mǎi rè chá qǐng mǎi rè chá||xué shēng měi tiān xǐ huān rè chá tā bù xiǎng mǎi rè chá qǐng hē guǒ zhī||xué shēng hěn xǐ huān guǒ zhī xué shēng xiǎng hē guǒ zhī ma qǐng hē rè chá||xué shēng yǐ jīng hē guǒ zhī le xué shēng hē guǒ zhī qǐng mǎi guǒ zhī	她想喝热茶吗？学生买热茶。请买热茶。||学生每天喜欢热茶。她不想买热茶。请喝果汁。||学生很喜欢果汁。学生想喝果汁吗？请喝热茶。||学生已经喝果汁了。学生喝果汁。请买果汁。
10	食物 · 第10级	xué shēng cháng cháng xǐ huān jiǎo zi qǐng chī bāo zi lǎo shī xǐ huān qīng cài||lǎo shī chī zhōng guó cài nǐ xiǎng chī jiǎo zi ma xué shēng bù chī qīng cài||qǐng chī zhōng guó cài tā men bù xiǎng chī shuǐ guǒ lǎo shī xǐ huān zhōng guó cài||xué shēng chī jī dàn qǐng mǎi zhōng guó cài xué shēng bù mǎi zhōng guó cài	学生常常喜欢饺子。请吃包子。老师喜欢青菜。||老师吃中国菜。你想吃饺子吗？学生不吃青菜。||请吃中国菜。他们不想吃水果。老师喜欢中国菜。||学生吃鸡蛋。请买中国菜。学生不买中国菜。
10	旅行 · 第10级	qǐng zhǎo xíng lǐ lǎo shī yǐ jīng zhǎo xíng lǐ le lǎo shī hěn xǐ huān chē zhàn||nǐ bù xiǎng zhǎo huǒ chē wǒ cháng cháng zhǎo fēi jī xué shēng zhǎo cháng chéng||qǐng kàn cháng chéng wǒ xǐ huān chē zhàn tā bù xiǎng zhǎo cháng chéng||xué shēng cháng cháng kàn chē zhàn lǎo shī měi tiān zhǎo xíng lǐ qǐng zhǎo huǒ chē	请找行李。老师已经找行李了。老师很喜欢车站。||你不想找火车。我常常找飞机。学生找长城。||请看长城。我喜欢车站。他不想找长城。||学生常常看车站。老师每天找行李。请找火车。
10	饮料 · 第10级	tā xiǎng hē rè chá ma xué shēng mǎi rè chá qǐng mǎi guǒ zhī||qǐng hē guǒ zhī xué shēng měi tiān xǐ huān rè chá xué shēng hěn xǐ huān guǒ zhī||xué shēng hē guǒ zhī qǐng mǎi rè chá lǎo shī cháng cháng hē rè chá||xué shēng yǐ jīng hē guǒ zhī le qǐng hē rè chá xué shēng xiǎng hē guǒ zhī ma	她想喝热茶吗？学生买热茶。请买果汁。||请喝果汁。学生每天喜欢热茶。学生很喜欢果汁。||学生喝果汁。请买热茶。老师常常喝热茶。||学生已经喝果汁了。请喝热茶。学生想喝果汁吗？
10	饮料 · 第10级	xué shēng hěn xǐ huān guǒ zhī tā bù xiǎng mǎi rè chá tā xiǎng hē rè chá ma||xué shēng měi tiān xǐ huān rè chá qǐng hē guǒ zhī lǎo shī cháng cháng hē rè chá||qǐng mǎi rè chá xué shēng mǎi rè chá xué shēng yǐ jīng hē guǒ zhī le||xué shēng hē guǒ zhī qǐng hē rè chá xué shēng xiǎng hē guǒ zhī ma	学生很喜欢果汁。她不想买热茶。她想喝热茶吗？||学生每天喜欢热茶。请喝果汁。老师常常喝热茶。||请买热茶。学生买热茶。学生已经喝果汁了。||学生喝果汁。请喝热茶。学生想喝果汁吗？
10	旅行 · 第10级	lǎo shī zhǎo huǒ chē tā bù xiǎng zhǎo cháng chéng wǒ cháng cháng zhǎo fēi jī||wǒ xǐ huān chē zhàn qǐng zhǎo bīn guǎn tā xiǎng zhǎo chē zhàn ma||nǐ bù xiǎng zhǎo huǒ chē mā mā xiǎng zhǎo huǒ chē ma qǐng kàn cháng chéng||tā men xiǎng kàn chē zhàn ma lǎo shī měi tiān zhǎo xíng lǐ lǎo shī zhǎo fēi jī	老师找火车。他不想找长城。我常常找飞机。||我喜欢车站。请找宾馆。他想找车站吗？||你不想找火车。妈妈想找火车吗？请看长城。||他们想看车站吗？老师每天找行李。老师找飞机。
10	旅行 · 第10级	xué shēng cháng cháng xǐ huān chē zhàn tā bù xǐ huān chē zhàn qǐng zhǎo chē zhàn||mā mā xiǎng zhǎo huǒ chē ma qǐng kàn chē zhàn xué shēng cháng cháng kàn chē zhàn||tā cháng cháng zhǎo xíng lǐ tā yǐ jīng zhǎo chē zhàn le qǐng zhǎo dì tú||qǐng zhǎo cháng chéng lǎo shī zhǎo huǒ chē nǐ bù xiǎng zhǎo huǒ chē	学生常常喜欢车站。她不喜欢车站。请找车站。||妈妈想找火车吗？请看车站。学生常常看车站。||他常常找行李。他已经找车站了。请找地图。||请找长城。老师找火车。你不想找火车。
10	食物 · 第10级	wǒ xiǎng chī zhōng guó cài ma tā men bù xiǎng chī shuǐ guǒ xué shēng cháng cháng xǐ huān jiǎo zi||wǒ cháng cháng xǐ huān shuǐ guǒ lǎo shī chī zhōng guó cài qǐng chī bāo zi||xué shēng chī jī dàn xué shēng bù mǎi zhōng guó cài qǐng chī zhōng guó cài||qǐng zuò zhōng guó cài nǐ chī qīng cài xué shēng bù chī qīng cài	我想吃中国菜吗？他们不想吃水果。学生常常喜欢饺子。||我常常喜欢水果。老师吃中国菜。请吃包子。||学生吃鸡蛋。学生不买中国菜。请吃中国菜。||请做中国菜。你吃青菜。学生不吃青菜。
10	饮料 · 第10级	xué shēng měi tiān xǐ huān rè chá qǐng hē guǒ zhī xué shēng mǎi rè chá||tā xiǎng hē rè chá ma xué shēng yǐ jīng hē guǒ zhī le qǐng mǎi rè chá||tā bù xiǎng mǎi rè chá xué shēng hěn xǐ huān guǒ zhī xué shēng hē guǒ zhī||qǐng mǎi guǒ zhī lǎo shī cháng cháng hē rè chá xué shēng xiǎng hē guǒ zhī ma	学生每天喜欢热茶。请喝果汁。学生买热茶。||她想喝热茶吗？学生已经喝果汁了。请买热茶。||她不想买热茶。学生很喜欢果汁。学生喝果汁。||请买果汁。老师常常喝热茶。学生想喝果汁吗？
10	饮料 · 第10级	tā xiǎng hē rè chá ma tā bù xiǎng mǎi rè chá xué shēng mǎi rè chá||xué shēng yǐ jīng hē guǒ zhī le xué shēng hěn xǐ huān guǒ zhī qǐng mǎi guǒ zhī||xué shēng xiǎng hē guǒ zhī ma xué shēng hē guǒ zhī qǐng mǎi rè chá||lǎo shī cháng cháng hē rè chá xué shēng měi tiān xǐ huān rè chá qǐng hē guǒ zhī	她想喝热茶吗？她不想买热茶。学生买热茶。||学生已经喝果汁了。学生很喜欢果汁。请买果汁。||学生想喝果汁吗？学生喝果汁。请买热茶。||老师常常喝热茶。学生每天喜欢热茶。请喝果汁。
10	饮料 · 第10级	qǐng mǎi rè chá xué shēng mǎi rè chá lǎo shī cháng cháng hē rè chá||tā bù xiǎng mǎi rè chá qǐng mǎi guǒ zhī xué shēng měi tiān xǐ huān rè chá||xué shēng xiǎng hē guǒ zhī ma xué shēng hē guǒ zhī qǐng hē guǒ zhī||qǐng hē rè chá xué shēng yǐ jīng hē guǒ zhī le tā xiǎng hē rè chá ma	请买热茶。学生买热茶。老师常常喝热茶。||她不想买热茶。请买果汁。学生每天喜欢热茶。||学生想喝果汁吗？学生喝果汁。请喝果汁。||请喝热茶。学生已经喝果汁了。她想喝热茶吗？
10	旅行 · 第10级	qǐng kàn huǒ chē lǎo shī zhǎo huǒ chē tā yǐ jīng kàn chē zhàn le||wǒ cháng cháng zhǎo fēi jī tā bù xiǎng zhǎo cháng chéng qǐng zhǎo hǎi biān||xué shēng xiǎng zhǎo dì tú ma xué shēng cháng cháng zhǎo chē zhàn qǐng zhǎo dì tú||lǎo shī yǐ jīng zhǎo xíng lǐ le qǐng zhǎo fēi jī xué shēng bù kàn chē zhàn	请看火车。老师找火车。他已经看车站了。||我常常找飞机。他不想找长城。请找海边。||学生想找地图吗？学生常常找车站。请找地图。||老师已经找行李了。请找飞机。学生不看车站。
10	饮料 · 第10级	xué shēng mǎi rè chá qǐng hē rè chá tā xiǎng hē rè chá ma||qǐng hē guǒ zhī xué shēng xiǎng hē guǒ zhī ma xué shēng yǐ jīng hē guǒ zhī le||xué shēng hěn xǐ huān guǒ zhī tā bù xiǎng mǎi rè chá qǐng mǎi guǒ zhī||xué shēng měi tiān xǐ huān rè chá qǐng mǎi rè chá lǎo shī cháng cháng hē rè chá	学生买热茶。请喝热茶。她想喝热茶吗？||请喝果汁。学生想喝果汁吗？学生已经喝果汁了。||学生很喜欢果汁。她不想买热茶。请买果汁。||学生每天喜欢热茶。请买热茶。老师常常喝热茶。
10	饮料 · 第10级	xué shēng hē guǒ zhī tā xiǎng hē rè chá ma qǐng hē rè chá||lǎo shī cháng cháng hē rè chá qǐng mǎi guǒ zhī xué shēng měi tiān xǐ huān rè chá||xué shēng xiǎng hē guǒ zhī ma xué shēng yǐ jīng hē guǒ zhī le xué shēng hěn xǐ huān guǒ zhī||xué shēng mǎi rè chá qǐng hē guǒ zhī tā bù xiǎng mǎi rè chá	学生喝果汁。她想喝热茶吗？请喝热茶。||老师常常喝热茶。请买果汁。学生每天喜欢热茶。||学生想喝果汁吗？学生已经喝果汁了。学生很喜欢果汁。||学生买热茶。请喝果汁。她不想买热茶。
10	旅行 · 第10级	wǒ xǐ huān chē zhàn xué shēng xiǎng zhǎo dì tú ma qǐng kàn huǒ chē||qǐng zhǎo huǒ chē lǎo shī kàn chē zhàn tā xiǎng zhǎo chē zhàn ma||lǎo shī yǐ jīng zhǎo xíng lǐ le qǐng zhǎo fēi jī xué shēng cháng cháng kàn bīn guǎn||tā bù xiǎng zhǎo cháng chéng tā yǐ jīng zhǎo chē zhàn le lǎo shī měi tiān zhǎo xíng lǐ	我喜欢车站。学生想找地图吗？请看火车。||请找火车。老师看车站。他想找车站吗？||老师已经找行李了。请找飞机。学生常常看宾馆。||他不想找长城。他已经找车站了。老师每天找行李。
10	饮料 · 第10级	qǐng mǎi rè chá xué shēng měi tiān xǐ huān rè chá tā xiǎng hē rè chá ma||qǐng mǎi guǒ zhī xué shēng xiǎng hē guǒ zhī ma xué shēng hē guǒ zhī||xué shēng hěn xǐ huān guǒ zhī lǎo shī cháng cháng hē rè chá qǐng hē rè chá||xué shēng yǐ jīng hē guǒ zhī le xué shēng mǎi rè chá tā bù xiǎng mǎi rè chá	请买热茶。学生每天喜欢热茶。她想喝热茶吗？||请买果汁。学生想喝果汁吗？学生喝果汁。||学生很喜欢果汁。老师常常喝热茶。请喝热茶。||学生已经喝果汁了。学生买热茶。她不想买热茶。
10	旅行 · 第10级	wǒ cháng cháng zhǎo fēi jī lǎo shī měi tiān zhǎo xíng lǐ xué shēng xiǎng zhǎo dì tú ma||nǐ bù xiǎng zhǎo huǒ chē xué shēng cháng cháng kàn chē zhàn lǎo shī zhǎo fēi jī||tā men xiǎng kàn chē zhàn ma qǐng zhǎo fēi jī lǎo shī zhǎo huǒ chē||xué shēng cháng cháng xǐ huān chē zhàn mā mā xiǎng zhǎo huǒ chē ma xué shēng zhǎo cháng chéng	我常常找飞机。老师每天找行李。学生想找地图吗？||你不想找火车。学生常常看车站。老师找飞机。||他们想看车站吗？请找飞机。老师找火车。||学生常常喜欢车站。妈妈想找火车吗？学生找长城。
10	旅行 · 第10级	qǐng zhǎo cháng chéng xué shēng xiǎng zhǎo dì tú ma xué shēng cháng cháng kàn chē zhàn||qǐng zhǎo chē zhàn xué shēng cháng cháng xǐ huān chē zhàn xué shēng zhǎo cháng chéng||xué shēng cháng cháng zhǎo chē zhàn xué shēng zhǎo chē zhàn qǐng kàn cháng chéng||tā yǐ jīng zhǎo chē zhàn le wǒ xǐ huān chē zhàn qǐng zhǎo huǒ chē	请找长城。学生想找地图吗？学生常常看车站。||请找车站。学生常常喜欢车站。学生找长城。||学生常常找车站。学生找车站。请看长城。||他已经找车站了。我喜欢车站。请找火车。
10	饮料 · 第10级	tā bù xiǎng mǎi rè chá qǐng mǎi guǒ zhī xué shēng mǎi rè chá||qǐng mǎi rè chá tā xiǎng hē rè chá ma xué shēng hěn xǐ huān guǒ zhī||xué shēng hē guǒ zhī qǐng hē rè chá xué shēng yǐ jīng hē guǒ zhī le||qǐng hē guǒ zhī xué shēng měi tiān xǐ huān rè chá xué shēng xiǎng hē guǒ zhī ma	她不想买热茶。请买果汁。学生买热茶。||请买热茶。她想喝热茶吗？学生很喜欢果汁。||学生喝果汁。请喝热茶。学生已经喝果汁了。||请喝果汁。学生每天喜欢热茶。学生想喝果汁吗？
10	食物 · 第10级	lǎo shī cháng cháng mǎi zhōng guó cài qǐng chī miàn tiáo nǐ xiǎng chī jiǎo zi ma||xué shēng cháng cháng xǐ huān jiǎo zi nǐ chī qīng cài qǐng chī bāo zi||wǒ xiǎng chī shuǐ guǒ ma wǒ cháng cháng xǐ huān shuǐ guǒ qǐng mǎi shuǐ guǒ||qǐng zuò zhōng guó cài xué shēng chī jī dàn wǒ xiǎng chī zhōng guó cài ma	老师常常买中国菜。请吃面条。你想吃饺子吗？||学生常常喜欢饺子。你吃青菜。请吃包子。||我想吃水果吗？我常常喜欢水果。请买水果。||请做中国菜。学生吃鸡蛋。我想吃中国菜吗？
10	旅行 · 第10级	lǎo shī zhǎo huǒ chē qǐng zhǎo hǎi biān lǎo shī yǐ jīng zhǎo xíng lǐ le||tā xiǎng zhǎo chē zhàn ma tā bù xiǎng zhǎo cháng chéng xué shēng cháng cháng kàn chē zhàn||tā cháng cháng zhǎo xíng lǐ lǎo shī kàn chē zhàn qǐng kàn huǒ chē||qǐng zhǎo chē zhàn xué shēng bù kàn chē zhàn tā men xiǎng kàn chē zhàn ma	老师找火车。请找海边。老师已经找行李了。||他想找车站吗？他不想找长城。学生常常看车站。||他常常找行李。老师看车站。请看火车。||请找车站。学生不看车站。他们想看车站吗？
10	饮料 · 第10级	qǐng mǎi guǒ zhī tā bù xiǎng mǎi rè chá xué shēng yǐ jīng hē guǒ zhī le||xué shēng měi tiān xǐ huān rè chá xué shēng hěn xǐ huān guǒ zhī qǐng hē rè chá||xué shēng hē guǒ zhī qǐng mǎi rè chá lǎo shī cháng cháng hē rè chá||xué shēng xiǎng hē guǒ zhī ma qǐng hē guǒ zhī xué shēng mǎi rè chá	请买果汁。她不想买热茶。学生已经喝果汁了。||学生每天喜欢热茶。学生很喜欢果汁。请喝热茶。||学生喝果汁。请买热茶。老师常常喝热茶。||学生想喝果汁吗？请喝果汁。学生买热茶。
10	饮料 · 第10级	xué shēng yǐ jīng hē guǒ zhī le qǐng hē guǒ zhī xué shēng měi tiān xǐ huān rè chá||qǐng hē rè chá xué shēng hē guǒ zhī lǎo shī cháng cháng hē rè chá||xué shēng mǎi rè chá qǐng mǎi rè chá tā bù xiǎng mǎi rè chá||xué shēng hěn xǐ huān guǒ zhī qǐng mǎi guǒ zhī tā xiǎng hē rè chá ma	学生已经喝果汁了。请喝果汁。学生每天喜欢热茶。||请喝热茶。学生喝果汁。老师常常喝热茶。||学生买热茶。请买热茶。她不想买热茶。||学生很喜欢果汁。请买果汁。她想喝热茶吗？
