1	Food · level 1	He prepares warm soup because it is easier. I eat warm soup every week. Do I share the sweet dessert?||Do my parents eat three yellow lemons? Please buy three yellow lemons slowly. My father eats the sweet dessert because it is easier.||Please cook the whole chicken slowly. We rarely buy a healthy salad. He will cook a healthy salad tomorrow.
1	Daily · level 1	Do my parents need a quiet evening? My mother needs a healthy breakfast because it is easier. He needs a short walk on Thursday.||My parents need these warm clothes because it is easier. She needs a short walk in the morning. My sister will want a quiet evening tomorrow.||I will want the shopping list tomorrow. Do we want the shopping list? He never needs a healthy breakfast.
1	Travel · level 1	He will remember a window seat tomorrow. My sister plans the return ticket because it is easier. We plan a cheaper flight on Thursday.||My friends always miss a window seat together. Please miss another hotel slowly. He misses the return ticket.||I always miss a cheaper flight together. Please cancel the long road trip slowly. He plans the long road trip.
1	Food · level 1	Do my parents eat the whole chicken? Please buy three yellow lemons slowly. She prepares a healthy salad because it is easier.||He prepares warm soup because it is easier. They will buy a healthy salad tomorrow. We buy warm soup on Thursday.||Do I share the whole chicken? I buy the sweet dessert in the morning. He never buys three yellow lemons.
1	Travel · level 1	My sister cancels another hotel because it is easier. Please miss another hotel slowly. My mother plans a window seat every week.||Please book the whole journey slowly. They book a cheaper flight in the morning. She will miss a cheaper flight tomorrow.||My father cancels a window seat in the morning. We cancel the return ticket because it is easier. He misses the return ticket.
1	Travel · level 1	My sister books a window seat in the morning. The students book the long road trip because it is easier. My mother books a window seat every week.||Do I miss another hotel? I will book the long road trip tomorrow. My sister cancels another hotel because it is easier.||He misses the return ticket. My sister chooses a cheaper flight in the morning. Please choose the return ticket slowly.
1	Travel · level 1	My mother plans a window seat every week. Do we plan the whole journey? Please book a cheaper flight slowly.||Please miss our summer holiday slowly. We miss our summer holiday because it is easier. They will choose a window seat tomorrow.||My parents plan a cheaper flight because it is easier. He plans the whole journey. Do my parents book the long road trip?
1	Travel · level 1	We miss a window seat on Thursday. My sister books a window seat in the morning. Please miss the return ticket slowly.||We book the long road trip in the morning. He misses the return ticket. My friends will choose a cheaper flight tomorrow.||Do my parents book a cheaper flight? We miss the earlier train because it is easier. He plans the whole journey.
1	Food · level 1	He never buys three yellow lemons. My brother eats three yellow lemons because it is easier. Please eat these ripe cherries slowly.||Do my friends buy the whole chicken? My mother eats the whole chicken because it is easier. Please eat a healthy salad slowly.||I buy the sweet dessert in the morning. We eat the sweet dessert. They will buy warm soup tomorrow.
1	Food · level 1	Please buy three yellow lemons slowly. Do we cook the whole chicken? My father buys three yellow lemons because it is easier.||Do I share the whole chicken? We cook warm soup in the morning. My sister never buys warm soup.||We rarely buy a healthy salad. She buys these ripe cherries because it is easier. He will cook the sweet dessert tomorrow.
1	Travel · level 1	My sister cancels another hotel because it is easier. Please book the whole journey slowly. They book a window seat on Thursday.||Do my parents miss a window seat? I miss the long road trip because it is easier. My sister will plan a cheaper flight tomorrow.||We book the long road trip in the morning. Do I plan the earlier train? I never miss a cheaper flight.
1	Daily · level 1	Please finish the shopping list slowly. I will want the shopping list tomorrow. I want a quiet evening on Thursday.||Do my friends finish a short walk? He will need a short walk tomorrow. He wants the morning news because it is easier.||Do my parents need a quiet evening? We finish three thin slices of bread because it is easier. He never needs a healthy breakfast.
1	Food · level 1	Do my parents buy three yellow lemons? Please share a healthy salad slowly. They will buy a healthy salad tomorrow.||Please eat these ripe cherries slowly. They buy the sweet dessert. Do I share the whole chicken?||I always buy warm soup together. He never buys three yellow lemons. My friends buy warm soup in the morning.
1	Food · level 1	The students buy a healthy salad because it is easier. They eat the whole chicken. Please share the whole chicken slowly.||We eat the sweet dessert. I eat these ripe cherries because it is easier. I always buy warm soup together.||We rarely buy a healthy salad. Please order warm soup slowly. Do my parents buy three yellow lemons?
1	Food · level 1	Please order warm soup slowly. My sister cooks warm soup because it is easier. He eats three yellow lemons on Thursday.||Do I prepare a healthy salad? She buys these ripe cherries because it is easier. They will buy a healthy salad tomorrow.||He will cook the sweet dessert tomorrow. Please eat a large breakfast slowly. Do my parents buy the sweet dessert?
1	Daily · level 1	She finishes the shopping list because it is easier. Do my friends need the morning news? She needs a short walk in the morning.||Please finish a quiet evening slowly. I want a quiet evening on Thursday. My sister finishes a healthy breakfast because it is easier.||Do we need three thin slices of bread? He needs the shopping list on Thursday. He will need a short walk tomorrow.
1	Travel · level 1	I will book the long road trip tomorrow. He misses the return ticket. Please miss the return ticket slowly.||My parents plan the long road trip because it is easier. My mother plans a window seat every week. My father cancels a window seat.||Please book a cheaper flight slowly. I never miss a cheaper flight. My sister cancels another hotel because it is easier.
1	Travel · level 1	Please miss our summer holiday slowly. My sister plans the return ticket because it is easier. My parents miss a window seat in the morning.||My sister cancels another hotel because it is easier. Please book the long road trip slowly. I will plan a window seat tomorrow.||We plan a cheaper flight on Thursday. They book a cheaper flight in the morning. Do we plan the return ticket?
1	Travel · level 1	We rarely plan a window seat. My parents book a window seat because it is easier. Please choose the whole journey slowly.||Do we plan the return ticket? Please plan a cheaper flight slowly. We miss the earlier train because it is easier.||Do my parents book the long road trip? We book the long road trip in the morning. He books a cheaper flight on Thursday.
1	Travel · level 1	My father cancels a window seat in the morning. He plans the long road trip. We miss the earlier train because it is easier.||We rarely plan a window seat. Please plan the return ticket slowly. My sister plans the return ticket because it is easier.||My parents will book a cheaper flight tomorrow. Please cancel a cheaper flight slowly. Do my parents book the long road trip?
1	Food · level 1	Do my parents eat the whole chicken? They share warm soup because it is easier. I cook a healthy salad on Thursday.||I eat these ripe cherries because it is easier. He will cook the sweet dessert tomorrow. He never eats three yellow lemons.||He will cook a healthy salad tomorrow. He never buys three yellow lemons. Please buy the whole chicken slowly.
1	Food · level 1	I share the whole chicken because it is easier. My sister never buys warm soup. Please share a healthy salad slowly.||My friends order the whole chicken because it is easier. Please eat a healthy salad slowly. He never buys three yellow lemons.||Do my parents eat three yellow lemons? They will buy warm soup tomorrow. They buy the sweet dessert.
1	Food · level 1	The students buy a healthy salad because it is easier. We buy warm soup on Thursday. Please buy three yellow lemons slowly.||Do we buy these ripe cherries? Please order the whole chicken slowly. My mother eats the whole chicken because it is easier.||He will cook the sweet dessert tomorrow. We eat the sweet dessert. Do I share a healthy salad?
1	Food · level 1	Please buy three yellow lemons slowly. My sister cooks warm soup because it is easier. He never eats three yellow lemons.||My friends cook these ripe cherries because it is easier. My friends buy warm soup in the morning. Do I share a healthy salad?||Do my friends buy the whole chicken? Please buy a large breakfast slowly. I cook a healthy salad on Thursday.
1	Food · level 1	Do I share the sweet dessert? She buys these ripe cherries because it is easier. Please eat a large breakfast slowly.||I share the whole chicken because it is easier. Do my parents buy three yellow lemons? He never eats three yellow lemons.||Please cook the whole chicken slowly. They buy the sweet dessert. We rarely buy a healthy salad.
1	Travel · level 1	Do we plan the return ticket? They book a window seat on Thursday. He plans the whole journey.||We never choose a window seat. My parents plan a cheaper flight because it is easier. Please miss the long road trip slowly.||Please choose a cheaper flight slowly. Do I miss another hotel? We miss our summer holiday because it is easier.
1	Travel · level 1	My parents miss a window seat in the morning. The students book the long road trip because it is easier. Please book a cheaper flight slowly.||Please cancel a cheaper flight slowly. We miss the earlier train because it is easier. He books the whole journey.||Do I plan the earlier train? He plans the whole journey. My friends always miss a window seat together.
1	Daily · level 1	My parents need these warm clothes because it is easier. Do we want a quiet evening? Please finish a quiet evening slowly.||Please finish the shopping list slowly. He never needs a healthy breakfast. Do we need three thin slices of bread?||My parents want the shopping list because it is easier. He needs a short walk on Thursday. They want a short walk in the morning.
1	Travel · level 1	I miss the long road trip because it is easier. Please book the long road trip slowly. He misses the return ticket.||Do we plan the return ticket? We miss the earlier train because it is easier. My parents will book a cheaper flight tomorrow.||Please miss the earlier train slowly. My parents miss a window seat in the morning. My friends will choose a cheaper flight tomorrow.
1	Food · level 1	Please order the whole chicken slowly. Do I share the sweet dessert? He eats three yellow lemons on Thursday.||My sister cooks warm soup because it is easier. Please eat a large breakfast slowly. My sister never buys warm soup.||He will cook a healthy salad tomorrow. Do I eat a large breakfast? I buy the sweet dessert in the morning.
1	Travel · level 1	I will plan a window seat tomorrow. Please miss our summer holiday slowly. I miss the long road trip because it is easier.||We book the long road trip in the morning. We never choose a window seat. My sister will plan a cheaper flight tomorrow.||I always miss a cheaper flight together. Please choose the return ticket slowly. He misses the return ticket.
1	Food · level 1	Do we buy these ripe cherries? He never cooks the whole chicken. Please eat these ripe cherries slowly.||Do my friends buy the whole chicken? My sister never buys warm soup. Please share a healthy salad slowly.||He will cook a healthy salad tomorrow. They cook the sweet dessert because it is easier. I always buy warm soup together.
2	Daily · level 2	Do my friends finish a healthy breakfast? They need the usual routine because it is easier. My parents will need the shopping list tomorrow.||She needs a quiet evening on Thursday. My father rarely needs a short walk. I want three thin slices of bread every week.||My mother remembers a short walk because it is easier. I never want a quiet evening. Do my friends finish the morning news?
2	Daily · level 2	My friends rarely want a short walk. We always need a healthy breakfast together. My brother will want a short walk tomorrow.||Do I remember a quiet evening? Please finish three thin slices of bread slowly. I want three thin slices of bread every week.||My father needs another cup of coffee because it is easier. She needs a quiet evening on Thursday. Do my friends finish a healthy breakfast?
2	Daily · level 2	Do my friends remember a short walk? Please finish three thin slices of bread slowly. My father needs another cup of coffee because it is easier.||I never want a quiet evening. The students want another cup of coffee because it is easier. Do we finish these warm clothes?||My parents want a healthy breakfast in the morning. She needs a quiet evening on Thursday. My parents will need the shopping list tomorrow.
2	Food · level 2	We prepare these ripe cherries because it is easier. My sister cooks the sweet dessert every week. Do the students cook three yellow lemons?||I order a large breakfast because it is easier. I always buy a healthy salad together. My sister shares the sweet dessert.||She shares the whole chicken. Do the children buy warm soup? We always cook warm soup together.
2	Travel · level 2	They remember a window seat. The students will cancel a cheaper flight tomorrow. Do we cancel our summer holiday?||They plan a cheaper flight every week. He books another hotel. My friends will plan the whole journey tomorrow.||Do my parents miss the earlier train? Please cancel another hotel slowly. My sister enjoys a window seat in the morning.
2	Food · level 2	My parents cook warm soup every week. They buy a healthy salad on Thursday. We cook another chocolate because it is easier.||She shares the whole chicken. My mother buys a healthy salad in the morning. He will buy a large breakfast tomorrow.||He shares another chocolate because it is easier. She eats three yellow lemons every week. The teacher buys warm soup.
2	Work · level 2	Please prepare a clear decision slowly. I always discuss the office move together. They will cancel a clear decision tomorrow.||My friends cancel the shared folder because it is easier. I never cancel the weekly meeting. My sister will prepare the office move tomorrow.||She shares the shared folder because it is easier. Do I schedule the weekly meeting? Please finish the whole project slowly.
2	Travel · level 2	He rarely books the long road trip. I plan the return ticket in the morning. Please choose another hotel slowly.||We always miss the long road trip together. Please miss another route slowly. They never book a cheaper flight.||They cancel the earlier train because it is easier. The teacher never books a window seat. I will cancel the whole journey tomorrow.
2	Work · level 2	My friends will cancel the office move tomorrow. My parents schedule a clear decision because it is easier. Do my friends discuss the weekly meeting?||My friends cancel the office move. My friends cancel the shared folder because it is easier. Please finish the shared folder slowly.||I share a short break in the morning. Do my friends discuss the whole project? Please prepare a clear decision slowly.
2	Food · level 2	He eats these ripe cherries every week. We prepare these ripe cherries because it is easier. My sister never eats the sweet dessert.||Do my friends cook a large breakfast? The students will buy the sweet dessert tomorrow. My sister rarely cooks a healthy salad.||The teacher buys a large breakfast because it is easier. My friends rarely cook the whole chicken. The teacher buys warm soup.
2	Food · level 2	The children cook a healthy salad because it is easier. My mother buys a healthy salad in the morning. He will buy a large breakfast tomorrow.||Please buy another chocolate slowly. We always cook warm soup together. We cook another chocolate because it is easier.||My parents eat the sweet dessert on Thursday. Do the students cook three yellow lemons? My friends rarely cook warm soup.
2	Daily · level 2	Do my friends want three thin slices of bread? The students need a quiet evening in the morning. My mother will need a healthy breakfast tomorrow.||We will finish the morning news tomorrow. She needs a healthy breakfast on Thursday. The students want another cup of coffee because it is easier.||Do we finish these warm clothes? My sister never needs these warm clothes. She needs the morning news every week.
2	Daily · level 2	I need three thin slices of bread in the morning. My father needs another cup of coffee because it is easier. We will finish the morning news tomorrow.||My friends need three thin slices of bread. Do we want another cup of coffee? I enjoy a quiet evening because it is easier.||I never want a quiet evening. She needs a healthy breakfast on Thursday. We always need a healthy breakfast together.
2	Travel · level 2	Do the students cancel the long road trip? Please cancel the earlier train slowly. My brother chooses a cheaper flight because it is easier.||Do they book the earlier train? We cancel another route because it is easier. My mother will miss the long road trip tomorrow.||Please cancel our summer holiday slowly. He books another hotel. My friends will miss the return ticket tomorrow.
2	Travel · level 2	Please choose another hotel slowly. The students miss the long road trip. My parents miss the long road trip every week.||My parents always book a window seat together. Please miss another route slowly. We plan the whole journey in the morning.||Do we cancel our summer holiday? He chooses the whole journey. I plan the return ticket in the morning.
2	Food · level 2	We cook the sweet dessert on Thursday. Do I buy another chocolate? My friends order the sweet dessert because it is easier.||The teacher buys a large breakfast because it is easier. My friends rarely cook the whole chicken. My friends cook a healthy salad in the morning.||My sister orders the whole chicken on Thursday. He will share a healthy salad tomorrow. My brother eats warm soup.
2	Food · level 2	We cook the sweet dessert on Thursday. Do my friends prepare the sweet dessert? He will share a healthy salad tomorrow.||My parents cook warm soup every week. My father eats warm soup on Thursday. My sister enjoys the whole chicken because it is easier.||Do my friends prepare three yellow lemons? My friends cook a healthy salad in the morning. She shares the whole chicken.
2	Work · level 2	Please cancel the shared folder slowly. My sister will cancel the weekly meeting tomorrow. Do my friends discuss the weekly meeting?||My friends review a clear decision because it is easier. Please discuss the shared folder slowly. Do my parents share the office move?||I share a short break in the morning. We cancel the office move on Thursday. My mother finishes a clear decision because it is easier.
2	Food · level 2	My mother cooks warm soup on Thursday. My friends cook a healthy salad in the morning. He eats these ripe cherries every week.||Do my friends prepare three yellow lemons? My sister never eats the sweet dessert. I order a large breakfast because it is easier.||They eat the whole chicken every week. My father eats warm soup on Thursday. I prepare three yellow lemons in the morning.
2	Daily · level 2	My parents want a healthy breakfast in the morning. Do I remember a quiet evening? Please finish three thin slices of bread slowly.||My father needs the shopping list in the morning. She needs the morning news every week. Please finish these warm clothes slowly.||I want three thin slices of bread every week. I enjoy a quiet evening because it is easier. We want a healthy breakfast on Thursday.
2	Daily · level 2	We remember three thin slices of bread because it is easier. My friends rarely want a short walk. Do I remember a quiet evening?||The students want a short walk. My father needs the shopping list in the morning. Do we finish these warm clothes?||My parents want a healthy breakfast in the morning. They need the usual routine because it is easier. I want three thin slices of bread every week.
2	Work · level 2	Do I schedule the weekly meeting? My parents discuss these important messages because it is easier. Please schedule the weekly meeting slowly.||My friends discuss a clear decision in the morning. Do my friends discuss the whole project? They cancel a clear decision.||Please cancel the shared folder slowly. We never finish the office move. My brother cancels the office move because it is easier.
2	Work · level 2	Please review the weekly meeting slowly. My friends discuss a clear decision in the morning. Do my parents share a clear decision?||Do my friends share the weekly meeting? We cancel the office move on Thursday. I share a short break in the morning.||We never finish the office move. Please review the whole project slowly. My friends cancel the shared folder because it is easier.
2	Food · level 2	We prepare these ripe cherries because it is easier. Do my parents order the whole chicken? My sister cooks the sweet dessert every week.||He eats these ripe cherries every week. Do the students cook three yellow lemons? The teacher shares the sweet dessert because it is easier.||My brother eats warm soup. My parents never eat warm soup. He will buy a large breakfast tomorrow.
2	Food · level 2	My mother buys a healthy salad in the morning. My brother eats warm soup. We cook another chocolate because it is easier.||He will buy a large breakfast tomorrow. The teacher buys warm soup. We prepare a healthy salad in the morning.||My friends rarely cook the whole chicken. Please buy another chocolate slowly. The students will buy the sweet dessert tomorrow.
2	Daily · level 2	Please finish these warm clothes slowly. My parents will need the shopping list tomorrow. My father needs the shopping list in the morning.||She needs a healthy breakfast on Thursday. My sister never needs these warm clothes. We enjoy a short walk because it is easier.||I never want a quiet evening. The students want a short walk. Do my friends finish a healthy breakfast?
2	Food · level 2	I prepare three yellow lemons in the morning. Do I enjoy a healthy salad? We cook another chocolate because it is easier.||Do my parents order the whole chicken? The teacher shares the sweet dessert because it is easier. My sister will order a healthy salad tomorrow.||The students cook the sweet dessert. We always cook warm soup together. My friends rarely cook the whole chicken.
2	Food · level 2	I order a large breakfast because it is easier. I rarely share warm soup. My sister will order a healthy salad tomorrow.||My sister rarely cooks a healthy salad. My friends eat the sweet dessert in the morning. Do my friends prepare the sweet dessert?||We prepare these ripe cherries because it is easier. Please cook a large breakfast slowly. Do I buy another chocolate?
2	Travel · level 2	My father misses a cheaper flight in the morning. They rarely miss the long road trip. We cancel another route because it is easier.||The students cancel the whole journey because it is easier. My parents always book a window seat together. My sister books the long road trip every week.||Please book the earlier train slowly. My parents always choose a window seat together. Do my friends miss our summer holiday?
2	Food · level 2	They buy a healthy salad on Thursday. I rarely share warm soup. Please order the sweet dessert slowly.||Do the students cook three yellow lemons? My sister enjoys the whole chicken because it is easier. My father eats warm soup on Thursday.||My sister will order a healthy salad tomorrow. The students cook the sweet dessert. He shares another chocolate because it is easier.
2	Daily · level 2	She needs a healthy breakfast on Thursday. Do my friends finish the morning news? The students want a short walk.||The students need a quiet evening in the morning. I will want three thin slices of bread tomorrow. He needs these warm clothes on Thursday.||My friends need three thin slices of bread. My mother will need a healthy breakfast tomorrow. They need the usual routine because it is easier.
2	Travel · level 2	They never miss the long road trip. The children cancel the long road trip because it is easier. Please cancel our summer holiday slowly.||My brother chooses a cheaper flight because it is easier. Please plan the earlier train slowly. They remember a window seat.||I will cancel the whole journey tomorrow. He misses the whole journey on Thursday. Do we book our summer holiday?
3	Daily · level 3	We need another cup of coffee on Thursday. He never needs another cup of coffee. We finish the shopping list in the morning.||My parents need these warm clothes every week. My father enjoys a healthy breakfast because it is easier. The students rarely need a quiet evening.||The students remember the shopping list because it is easier. My sister remembers a healthy breakfast. I rarely want these warm clothes.
3	Travel · level 3	The teacher chooses our summer holiday because it is easier. He books our summer holiday on Thursday. Do my parents book another hotel?||My sister cancels the earlier train in the morning. We miss another route. Do we remember the whole journey?||I book a window seat without thinking. We choose the return ticket in the morning. My mother plans another route because it is easier.
3	Daily · level 3	He enjoys a short walk in the morning. My parents need the shopping list every week. My mother finishes a short walk on Thursday.||My sister remembers a healthy breakfast in the morning. Do we remember these warm clothes? My parents rarely need the morning news.||We finish a quiet evening every week. They never need three thin slices of bread. The students remember the shopping list because it is easier.
3	Work · level 3	My sister shares the shared folder in the morning. We always cancel a short break together. I will review the weekly meeting tomorrow.||Do my parents finish the whole project? My friends schedule a clear decision in the morning. Please schedule the whole project slowly.||She will review a short break tomorrow. My parents rarely cancel the office move. My parents cancel a clear decision on Thursday.
3	Travel · level 3	My parents rarely plan the long road trip. The children never plan a window seat. My friends always remember a window seat together.||Do my friends choose another hotel? She misses the earlier train in the morning. My friends remember our summer holiday because it is easier.||He chooses our summer holiday in the morning. Do they cancel the earlier train? My sister will book another route tomorrow.
3	Work · level 3	We review the weekly meeting in the morning. We schedule these important messages because it is easier. He will prepare the whole project tomorrow.||The teacher will cancel a short break tomorrow. Please share the shared folder slowly. I always share a short break together.||The children schedule the office move because it is easier. She cancels the whole project. I finish the shared folder on Thursday.
3	Food · level 3	My friends always cook the sweet dessert together. He orders the sweet dessert in the morning. My sister prepares another chocolate because it is easier.||My brother shares three yellow lemons because it is easier. My parents will prepare the whole chicken tomorrow. Do the students share three yellow lemons?||My sister prepares warm soup every week. My father eats these ripe cherries on Thursday. They will cook these ripe cherries tomorrow.
3	Daily · level 3	My mother finishes a short walk on Thursday. My parents will finish the shopping list tomorrow. They want the morning news every week.||My sister remembers a healthy breakfast. They never need three thin slices of bread. The teacher will finish a short walk tomorrow.||The students remember the shopping list because it is easier. My father needs another cup of coffee in the morning. Do the students finish three thin slices of bread?
3	Daily · level 3	My friends always need a quiet evening together. The students will need three thin slices of bread tomorrow. My father needs another cup of coffee in the morning.||My parents will need these warm clothes tomorrow. He never needs another cup of coffee. She remembers a short walk.||The children finish a quiet evening because it is easier. The teacher needs the shopping list. The teacher never needs a short walk.
3	Study · level 3	Do I read the third chapter? She learns the correct pronunciation because it is easier. Please learn the first question slowly.||The students learn our weekly homework because it is easier. My brother will practice the whole lesson tomorrow. The students review the whole lesson.||My mother will read these long words tomorrow. My friends read the right answer. He never reads the right answer.
3	Daily · level 3	My mother finishes a short walk on Thursday. The children finish a quiet evening because it is easier. They rarely want a healthy breakfast.||The teacher needs the shopping list. My parents rarely need three thin slices of bread. The students will need three thin slices of bread tomorrow.||We need another cup of coffee on Thursday. We finish a quiet evening every week. She remembers a short walk.
3	Work · level 3	My sister cancels three separate reports because it is easier. Please schedule the whole project slowly. She discusses a short break every week.||My mother discusses the office move in the morning. Do the students finish the weekly meeting? My father cancels the office move every week.||We discuss the whole project on Thursday. My friends will prepare a short break tomorrow. Do my friends prepare the weekly meeting?
3	Food · level 3	Do the children eat the sweet dessert? She will prepare a healthy salad tomorrow. My sister prepares another chocolate because it is easier.||My mother enjoys a healthy salad because it is easier. They cook three yellow lemons every week. Do the students prepare the whole chicken?||They share warm soup. My sister prepares warm soup every week. My parents always eat the whole chicken together.
3	Travel · level 3	My sister books our summer holiday. Please cancel another route slowly. My friends always book the long road trip together.||The students choose a cheaper flight every week. She misses the earlier train in the morning. Do my friends choose another hotel?||He chooses the return ticket on Thursday. Do the children choose a cheaper flight? My father books the return ticket in the morning.
3	Food · level 3	My friends buy the usual sandwich because it is easier. I will eat another chocolate tomorrow. Do the students share three yellow lemons?||Please cook another chocolate slowly. Do I prepare these ripe cherries? My brother will eat a healthy salad tomorrow.||The children share a healthy salad because it is easier. My parents always eat three yellow lemons together. My father eats these ripe cherries on Thursday.
3	Study · level 3	My friends review our weekly homework because it is easier. The teacher will review the whole lesson tomorrow. I always read these long words together.||My sister remembers the whole lesson every week. Do they learn our weekly homework? He finishes the correct pronunciation because it is easier.||Do we learn the first question? Please learn the first question slowly. My friends read the right answer.
3	Work · level 3	I always discuss a clear decision together. My parents rarely cancel the office move. My parents cancel a clear decision on Thursday.||They finish the office move in the morning. They finish a short break every week. We will cancel the shared folder tomorrow.||I prepare a short break every week. Do the students finish the weekly meeting? My sister shares the shared folder in the morning.
3	Food · level 3	Do the children eat the sweet dessert? The teacher rarely eats warm soup. He orders the sweet dessert in the morning.||My parents will prepare the whole chicken tomorrow. My sister prepares warm soup every week. Do the students share three yellow lemons?||My brother eats a healthy salad on Thursday. My parents always eat three yellow lemons together. My friends buy the usual sandwich because it is easier.
3	Work · level 3	Please cancel these important messages slowly. My sister reviews a clear decision in the morning. We discuss the whole project on Thursday.||Please schedule the whole project slowly. My friends finish the office move every week. We finish our regular schedule because it is easier.||My brother discusses the weekly meeting because it is easier. I always discuss a clear decision together. We review the weekly meeting in the morning.
3	Work · level 3	We schedule the weekly meeting in the morning. My sister cancels three separate reports because it is easier. We always cancel a short break together.||Do my friends share the whole project? My sister shares the shared folder in the morning. I will review the weekly meeting tomorrow.||My parents will share a short break tomorrow. My sister rarely shares the office move. Please cancel these important messages slowly.
3	Daily · level 3	They finish a quiet evening in the morning. My father enjoys a healthy breakfast because it is easier. She wants a quiet evening.||We finish the shopping list in the morning. Do my parents remember a healthy breakfast? My mother will need another cup of coffee tomorrow.||My parents need these warm clothes every week. They never need three thin slices of bread. The students remember the shopping list because it is easier.
3	Work · level 3	My mother discusses the office move in the morning. Do my parents finish the whole project? My father cancels the office move every week.||We schedule these important messages because it is easier. My sister schedules a clear decision on Thursday. I prepare a short break every week.||My sister shares the shared folder in the morning. Do they finish the shared folder? They never discuss a short break.
3	Food · level 3	My parents always eat the whole chicken together. Do my parents order the sweet dessert? My friends buy the usual sandwich because it is easier.||My brother buys three yellow lemons on Thursday. My friends eat fresh vegetables because it is easier. My sister prepares three yellow lemons every week.||They will prepare warm soup tomorrow. My sister buys a large breakfast on Thursday. My mother never eats a healthy salad.
3	Study · level 3	Please finish our weekly homework slowly. I rarely explain the whole lesson. My friends review our weekly homework because it is easier.||Please learn a clear explanation slowly. My brother will practice the whole lesson tomorrow. Do I explain these long words?||He finishes this difficult language because it is easier. My mother will read these long words tomorrow. Do we learn the first question?
3	Study · level 3	My friends remember our weekly homework because it is easier. My friends learn the right answer in the morning. Do I read the third chapter?||He remembers a clear explanation because it is easier. I rarely explain the whole lesson. The teacher will review the whole lesson tomorrow.||Do we learn the first question? He never reads the right answer. I read the first question in the morning.
3	Work · level 3	My father will discuss the weekly meeting tomorrow. Do the children discuss the office move? She cancels the shared folder in the morning.||Please cancel another difficult problem slowly. My sister cancels three separate reports because it is easier. Do the students discuss the shared folder?||They finish a short break every week. She cancels the whole project. I always share a short break together.
3	Daily · level 3	Do the students finish three thin slices of bread? My sister remembers a healthy breakfast in the morning. They want the morning news every week.||My father needs another cup of coffee in the morning. My mother will need another cup of coffee tomorrow. The students rarely need a quiet evening.||My mother wants three thin slices of bread because it is easier. My friends want a quiet evening every week. My parents will finish the shopping list tomorrow.
3	Work · level 3	My sister rarely shares the office move. My father will discuss the weekly meeting tomorrow. Please cancel these important messages slowly.||Please prepare the whole project slowly. We will cancel the shared folder tomorrow. My brother discusses the weekly meeting because it is easier.||Do the children discuss the office move? We discuss the whole project on Thursday. I always share a short break together.
3	Study · level 3	He never reads the right answer. My friends explain the whole lesson on Thursday. Do I explain these long words?||I read the first question in the morning. My mother will read these long words tomorrow. Do I read the third chapter?||My brother will practice the whole lesson tomorrow. My sister reads our weekly homework on Thursday. Please finish the first question slowly.
3	Work · level 3	I will review the weekly meeting tomorrow. Do my friends share the whole project? Please prepare the shared folder slowly.||Please prepare the whole project slowly. We schedule the weekly meeting in the morning. We finish our regular schedule because it is easier.||She will review a short break tomorrow. We rarely share a short break. My mother discusses the office move in the morning.
3	Daily · level 3	My brother needs a quiet evening. My parents finish a healthy breakfast on Thursday. They never need three thin slices of bread.||The students need a healthy breakfast every week. My friends always need a quiet evening together. My friends never need the morning news.||My mother wants three thin slices of bread because it is easier. They want the morning news every week. We finish the shopping list in the morning.
3	Study · level 3	Please learn a clear explanation slowly. My sister remembers the whole lesson every week. My sister reads our weekly homework on Thursday.||He remembers a clear explanation because it is easier. Do I read the third chapter? My mother will read these long words tomorrow.||My friends explain the whole lesson on Thursday. My brother reviews these long words because it is easier. Do my parents read our weekly homework?
4	Daily · level 4	She wants the morning news. Do we enjoy a healthy breakfast? The students finish three thin slices of bread on Thursday.||They always want a healthy breakfast together. The children remember a quiet evening because it is easier. We remember three thin slices of bread in the morning.||They will need the usual routine tomorrow. My friends want the usual routine in the morning. The students always need the morning news together.
4	Travel · level 4	My sister will enjoy the long road trip tomorrow. She misses another hotel. My friends always plan the whole journey together.||I always miss another hotel together. My mother books the whole journey on Thursday. My brother remembers the return ticket because it is easier.||The teacher chooses the long road trip on Thursday. He rarely chooses the return ticket. They remember another route because it is easier.
4	Work · level 4	My friends cancel the shared folder. We review the whole project in the morning. Please share these important messages slowly.||Do my friends discuss another difficult problem? She shares a clear decision every week. The teacher schedules the office move in the morning.||She finishes the whole project. The teacher never cancels a short break. My mother will schedule a clear decision tomorrow.
4	Food · level 4	My sister will enjoy a healthy salad tomorrow. My friends rarely eat these ripe cherries. My friends never share the whole chicken.||My mother prepares the whole chicken in the morning. My friends order another chocolate because it is easier. Do I eat fresh vegetables?||I never prepare the sweet dessert. My sister buys another chocolate on Thursday. My friends order a healthy salad every week.
4	Daily · level 4	Do we enjoy a healthy breakfast? She wants a healthy breakfast every week. My sister rarely remembers a quiet evening.||We always want three thin slices of bread together. My father enjoys these warm clothes because it is easier. She will want the usual routine tomorrow.||Do we enjoy a quiet evening? My father wants the shopping list in the morning. My mother will want another cup of coffee tomorrow.
4	Work · level 4	My mother shares these important messages because it is easier. The teacher will review the office move tomorrow. My sister never cancels the shared folder.||My mother will schedule a clear decision tomorrow. The teacher prepares the office move in the morning. The students cancel a clear decision every week.||He rarely shares the weekly meeting. Do I review these important messages? My mother discusses the weekly meeting in the morning.
4	Travel · level 4	She books another hotel in the morning. They will cancel our summer holiday tomorrow. My friends remember the long road trip on Thursday.||The children book the earlier train because it is easier. I book another route on Thursday. They always miss the whole journey together.||The children rarely miss a cheaper flight. My brother remembers the return ticket because it is easier. They plan the earlier train in the morning.
4	Study · level 4	My parents learn this difficult language because it is easier. My father reads these long words every week. She rarely remembers the whole lesson.||Please finish a clear explanation slowly. He learns a clear explanation. Do the students review the right answer?||My sister finishes our weekly homework on Thursday. They practice the correct pronunciation because it is easier. Please read the third chapter slowly.
4	Study · level 4	My parents learn this difficult language because it is easier. She rarely remembers the whole lesson. We always finish these long words together.||The teacher reviews the first question because it is easier. My parents learn the right answer. He reads our weekly homework every week.||Please finish a clear explanation slowly. We always learn the right answer together. My father learns our weekly homework in the morning.
4	Travel · level 4	She misses another hotel on Thursday. They enjoy the return ticket because it is easier. The teacher will plan the return ticket tomorrow.||My friends enjoy the earlier train because it is easier. My brother cancels the long road trip. Do the children book the whole journey?||Please choose the northern railway slowly. She misses another hotel. He plans the northern railway in the morning.
4	Travel · level 4	My mother never cancels the long road trip. I rarely book another hotel. We plan another route on Thursday.||My friends miss our summer holiday every week. My father remembers the earlier train because it is easier. My friends remember the long road trip on Thursday.||They book the earlier train in the morning. Please book the northern railway slowly. She misses another hotel.
4	Food · level 4	My sister buys another chocolate on Thursday. The students prepare a large breakfast because it is easier. He never orders the sweet dessert.||My parents share the whole chicken every week. Please prepare a large breakfast slowly. My mother prepares the whole chicken in the morning.||He enjoys a healthy salad. She rarely buys these ripe cherries. My mother prepares warm soup in the morning.
4	Travel · level 4	My sister will enjoy the long road trip tomorrow. The children book another hotel because it is easier. My mother never cancels the long road trip.||The children rarely miss a cheaper flight. He never books our summer holiday. We plan another route on Thursday.||My sister cancels our summer holiday every week. Please book the northern railway slowly. They remember another route because it is easier.
4	Work · level 4	The students never finish a short break. The students prepare a short break. She rarely reviews the office move.||She finishes the whole project. Do they schedule the whole project? Please finish another difficult problem slowly.||My sister rarely reviews a clear decision. My father cancels the weekly meeting every week. My friends never share the office move.
4	Daily · level 4	The students finish three thin slices of bread on Thursday. She wants the morning news. My father will remember a healthy breakfast tomorrow.||My friends always need these warm clothes together. They will need the usual routine tomorrow. The students want these warm clothes on Thursday.||They want another cup of coffee every week. Do we enjoy a quiet evening? I always finish three thin slices of bread together.
4	Work · level 4	The students never finish a short break. My father schedules a short break. Do my parents prepare the whole project?||My mother discusses the weekly meeting in the morning. My sister rarely reviews a clear decision. Do I review these important messages?||She finishes the whole project. My sister prepares the weekly meeting every week. The teacher schedules the office move in the morning.
4	Study · level 4	He reviews our weekly homework in the morning. The children finish the right answer because it is easier. My parents finish the right answer on Thursday.||My mother explains the whole lesson in the morning. My friends will review these long words tomorrow. My brother learns a clear explanation because it is easier.||Please review the first question slowly. My sister finishes our weekly homework on Thursday. My father reads these long words every week.
4	Travel · level 4	Please book the northern railway slowly. I rarely book another hotel. My friends always book the return ticket together.||My brother chooses the long road trip. My friends always plan the whole journey together. My friends miss another route in the morning.||My sister cancels our summer holiday every week. Do they enjoy the long road trip? We enjoy a cheaper flight in the morning.
4	Food · level 4	My friends order another chocolate because it is easier. My parents buy a large breakfast. My mother prepares warm soup in the morning.||Do my friends enjoy three yellow lemons? The students eat these ripe cherries in the morning. Please buy the usual sandwich slowly.||My parents enjoy these ripe cherries because it is easier. We always prepare a healthy salad together. My parents share the whole chicken every week.
4	Food · level 4	The children buy the whole chicken every week. My sister will enjoy a healthy salad tomorrow. Do I eat fresh vegetables?||Please buy fresh vegetables slowly. My friends never share the whole chicken. My parents enjoy these ripe cherries because it is easier.||My mother orders warm soup in the morning. The teacher rarely eats three yellow lemons. My parents buy a large breakfast.
4	Study · level 4	The teacher will remember the whole lesson tomorrow. She reviews the right answer in the morning. The teacher reads the third chapter because it is easier.||My parents learn the right answer. My friends review another example because it is easier. Do they read a clear explanation?||We always finish these long words together. My father learns our weekly homework in the morning. Do my friends finish the first question?
4	Food · level 4	I always order warm soup together. The students eat these ripe cherries in the morning. They share warm soup every week.||The children buy the whole chicken every week. My mother prepares the whole chicken in the morning. She rarely buys these ripe cherries.||My parents buy a large breakfast. Please prepare a large breakfast slowly. Do I eat fresh vegetables?
4	Food · level 4	I never prepare the sweet dessert. My mother prepares warm soup in the morning. Do I eat fresh vegetables?||He enjoys a healthy salad. The teacher rarely cooks the sweet dessert. The students prepare a large breakfast because it is easier.||The students eat these ripe cherries in the morning. They prepare the whole chicken. Do my parents eat another chocolate?
4	Food · level 4	My friends never share the whole chicken. Please order a large breakfast slowly. My sister buys another chocolate on Thursday.||My friends order another chocolate because it is easier. Please prepare a large breakfast slowly. My mother prepares the whole chicken in the morning.||Do my friends enjoy three yellow lemons? My brother rarely buys warm soup. I never prepare the sweet dessert.
4	Study · level 4	They practice the correct pronunciation because it is easier. My sister finishes our weekly homework on Thursday. Do my friends finish the first question?||He practices the right answer. My father reads these long words every week. My parents practice the third chapter because it is easier.||My sister remembers the right answer. Do I learn the correct pronunciation? Please read another example slowly.
4	Study · level 4	My parents learn the right answer. My sister finishes our weekly homework on Thursday. My mother explains the whole lesson in the morning.||We will read a clear explanation tomorrow. My father reads these long words every week. Do my friends finish the first question?||The children practice these long words because it is easier. She rarely remembers the whole lesson. We finish our weekly homework in the morning.
4	Travel · level 4	She misses another hotel. They plan the whole journey every week. He rarely chooses the return ticket.||We never plan our summer holiday. The children book another route because it is easier. The teacher will plan the return ticket tomorrow.||My sister books another hotel every week. Please choose the northern railway slowly. We plan another route on Thursday.
4	Work · level 4	I review the shared folder in the morning. The teacher never cancels a short break. He reviews our regular schedule because it is easier.||She shares a clear decision every week. She never finishes a clear decision. She finishes the whole project.||We share our regular schedule because it is easier. He rarely shares the weekly meeting. My parents always discuss a short break together.
4	Daily · level 4	My father will remember a quiet evening tomorrow. I need the weather report. I always finish three thin slices of bread together.||We always want three thin slices of bread together. He needs the weather report in the morning. My mother finishes a quiet evening on Thursday.||My friends want the usual routine in the morning. I never finish these warm clothes. Do the children need these warm clothes?
4	Daily · level 4	The students finish three thin slices of bread on Thursday. She wants the morning news. The children need a healthy breakfast in the morning.||They want another cup of coffee every week. My father enjoys these warm clothes because it is easier. She will enjoy a short walk tomorrow.||The teacher rarely needs the shopping list. Do my parents remember three thin slices of bread? My mother will want another cup of coffee tomorrow.
4	Food · level 4	Please order a large breakfast slowly. He enjoys a healthy salad. Do I eat fresh vegetables?||Please prepare a large breakfast slowly. The students eat these ripe cherries in the morning. The children buy the whole chicken.||We always prepare a healthy salad together. My friends rarely eat these ripe cherries. They share warm soup every week.
4	Work · level 4	We review the weekly meeting every week. My friends never share the office move. He prepares our regular schedule because it is easier.||My sister rarely reviews a clear decision. The teacher shares a short break on Thursday. Do I review these important messages?||I review the shared folder in the morning. They finish the whole project on Thursday. The students never finish a short break.
5	Travel · level 5	The teacher will plan our summer holiday tomorrow. My father misses the earlier train. They book our summer holiday every week.||My sister chooses another route. Do my parents miss the northern railway? The students will plan another hotel tomorrow.||The children choose the long road trip every week. I always remember the long road trip together. My parents choose another hotel in the morning.
5	Travel · level 5	They never cancel the return ticket. They choose our summer holiday on Thursday. My mother enjoys a window seat every week.||We plan another hotel every week. My parents plan another hotel. My friends remember the whole journey in the morning.||My father misses the earlier train. My friends will miss the northern railway tomorrow. My parents never choose the whole journey.
5	Daily · level 5	My sister needs a healthy breakfast without thinking. We remember the weather report because it is easier. My brother remembers a short walk on Thursday.||My brother enjoys three thin slices of bread because it is easier. My parents always want the morning news together. She never finishes the shopping list.||The students finish the morning news every week. My father never finishes a quiet evening. The students always need another cup of coffee together.
5	Work · level 5	My brother cancels the whole project in the morning. They finish the shared folder. My brother discusses a clear decision on Thursday.||The students always finish a short break together. Please schedule these important messages slowly. We will share these important messages tomorrow.||My father will discuss another difficult problem tomorrow. They schedule our regular schedule because it is easier. They prepare the weekly meeting in the morning.
5	Daily · level 5	My friends remember the shopping list. They rarely remember a short walk. Please finish the weather report slowly.||The children finish a short walk. They rarely finish three thin slices of bread. The teacher wants three thin slices of bread on Thursday.||The students want another cup of coffee on Thursday. The students finish the morning news every week. The teacher wants the morning news in the morning.
5	Food · level 5	My parents share the usual sandwich because it is easier. My mother prepares the sweet dessert. My father orders the whole chicken every week.||The teacher orders a healthy salad on Thursday. The children buy three yellow lemons. My father rarely prepares the whole chicken.||The students never share warm soup. The students share a healthy salad every week. He buys three yellow lemons without thinking.
5	Study · level 5	My parents remember another example because it is easier. Please explain our weekly homework slowly. We explain the right answer in the morning.||The teacher will learn our weekly homework tomorrow. The teacher explains the whole lesson every week. The children remember the whole lesson in the morning.||Please learn this difficult language slowly. Do my parents remember the right answer? The children read another example because it is easier.
5	Travel · level 5	My father misses the earlier train. Please cancel the northern railway slowly. My mother misses the return ticket every week.||My brother never chooses the long road trip. My parents will plan another route tomorrow. My friends remember the whole journey in the morning.||The teacher plans the return ticket every week. My friends choose another hotel. I enjoy the long road trip on Thursday.
5	Work · level 5	We never prepare the weekly meeting. We always prepare a clear decision together. We review the shared folder on Thursday.||They rarely finish the weekly meeting. They never share a clear decision. We prepare the whole project on Thursday.||My brother shares a short break. My friends review three separate reports because it is easier. Do the students discuss these important messages?
5	Daily · level 5	My father never finishes a quiet evening. My friends need a short walk without thinking. My brother remembers a short walk on Thursday.||The students rarely want another cup of coffee. My parents enjoy the usual routine because it is easier. Do I enjoy another cup of coffee?||My mother remembers a healthy breakfast on Thursday. My friends remember the shopping list. My parents remember a quiet evening every week.
5	Travel · level 5	My brother will choose the whole journey tomorrow. My brother misses the whole journey. My friends rarely book our summer holiday.||They never cancel the return ticket. My mother chooses the earlier train in the morning. They rarely remember a cheaper flight.||My mother plans our summer holiday. They will cancel the earlier train tomorrow. The children choose the long road trip every week.
5	Food · level 5	Do the children order warm soup? The children eat the sweet dessert every week. We prepare these ripe cherries on Thursday.||My father never prepares a healthy salad. I order the usual sandwich because it is easier. We eat a healthy salad without thinking.||The students never share warm soup. The children cook the whole chicken on Thursday. My friends order a large breakfast in the morning.
5	Travel · level 5	My father will enjoy a cheaper flight tomorrow. My mother plans our summer holiday. The children choose the long road trip every week.||Do my parents cancel another route? My friends always enjoy a window seat together. My friends choose another hotel.||They choose our summer holiday on Thursday. I always miss another route together. My brother will choose the whole journey tomorrow.
5	Travel · level 5	My father will enjoy a cheaper flight tomorrow. The children cancel a cheaper flight every week. My sister chooses another route.||Do the children choose the whole journey? My mother plans our summer holiday. He never books another hotel.||They never cancel the return ticket. I enjoy the whole journey in the morning. My brother enjoys a window seat on Thursday.
5	Work · level 5	My sister prepares the shared folder. The children cancel a short break every week. Please cancel our regular schedule slowly.||My father rarely finishes the office move. He never shares the shared folder. The students always finish a short break together.||Please discuss our regular schedule slowly. The students will prepare the weekly meeting tomorrow. My parents rarely prepare the office move.
5	Travel · level 5	The students will plan another hotel tomorrow. My brother chooses another route because it is easier. My brother misses the whole journey.||She will remember the whole journey tomorrow. My mother misses the return ticket every week. I never cancel another hotel.||My mother enjoys a window seat every week. The children plan the northern railway because it is easier. My father misses the earlier train.
5	Travel · level 5	The students rarely miss the whole journey. My mother will remember the long road trip tomorrow. My father misses the earlier train.||My sister chooses another route. I always remember the long road trip together. My brother cancels the whole journey in the morning.||I always choose our summer holiday together. Do my parents miss the northern railway? I never cancel another hotel.
5	Travel · level 5	My mother will remember the long road trip tomorrow. They book our summer holiday every week. They never cancel the return ticket.||The children cancel a cheaper flight every week. The teacher will plan our summer holiday tomorrow. I plan a cheaper flight without thinking.||The students plan a window seat without thinking. Do my parents cancel another route? The children miss the whole journey in the morning.
5	Travel · level 5	My mother will remember the long road trip tomorrow. The teacher plans the return ticket every week. My brother chooses another route because it is easier.||My brother will choose the whole journey tomorrow. The students plan the earlier train. I never cancel another hotel.||My brother enjoys a window seat on Thursday. Do the children choose the whole journey? She books another route.
5	Daily · level 5	The children finish a short walk in the morning. My parents remember the morning news on Thursday. My friends want the usual routine every week.||I rarely want the usual routine. My friends remember the shopping list. The children never want a short walk.||The teacher wants the morning news in the morning. I enjoy a healthy breakfast. The students never want these warm clothes.
5	Work · level 5	They rarely finish the weekly meeting. The students prepare a clear decision in the morning. My friends never review a clear decision.||The children cancel a short break every week. My father will discuss another difficult problem tomorrow. The teacher reviews the office move on Thursday.||My sister prepares the shared folder. My brother cancels the whole project in the morning. He reviews the shared folder every week.
5	Travel · level 5	My brother misses the whole journey. My friends rarely book our summer holiday. We plan another hotel every week.||The students will plan another hotel tomorrow. The students rarely miss the whole journey. The students cancel the return ticket every week.||My friends always enjoy a window seat together. My brother enjoys a window seat on Thursday. Please cancel the northern railway slowly.
5	Work · level 5	The children discuss another difficult problem because it is easier. They always discuss the weekly meeting together. The teacher will discuss the shared folder tomorrow.||Do the students discuss these important messages? My brother shares a clear decision in the morning. We discuss another difficult problem on Thursday.||We will share these important messages tomorrow. Do the children schedule a short break? My parents rarely discuss the weekly meeting.
5	Study · level 5	Do my friends finish another example? Please practice another example slowly. He explains these long words every week.||The children remember the whole lesson in the morning. Please read this difficult language slowly. My father reviews this difficult language because it is easier.||The teacher explains the whole lesson every week. Do my parents learn the third chapter? My mother reviews the correct pronunciation because it is easier.
5	Travel · level 5	The children cancel a cheaper flight every week. My parents will plan another route tomorrow. The students rarely miss the whole journey.||I always remember the long road trip together. My mother chooses the earlier train in the morning. I plan a cheaper flight without thinking.||My brother chooses another route because it is easier. They will cancel the earlier train tomorrow. The children miss the whole journey in the morning.
5	Work · level 5	My mother rarely finishes a short break. He reviews the shared folder every week. My father prepares the weekly meeting.||My parents always prepare a short break together. Please schedule another difficult problem slowly. They discuss the shared folder on Thursday.||My father finishes the weekly meeting every week. Please discuss our regular schedule slowly. They never share a clear decision.
5	Work · level 5	My sister never finishes the shared folder. The children discuss another difficult problem because it is easier. We prepare the whole project on Thursday.||The teacher shares the office move on Thursday. My parents finish the shared folder every week. They rarely finish the weekly meeting.||Please schedule these important messages slowly. My parents rarely prepare the office move. We prepare the whole project every week.
5	Travel · level 5	They rarely remember a cheaper flight. My parents choose another hotel in the morning. I always miss another route together.||She books another route. The teacher plans the return ticket every week. I plan a cheaper flight without thinking.||Do the children choose the whole journey? She will remember the whole journey tomorrow. The children choose the long road trip every week.
5	Daily · level 5	We remember the weather report because it is easier. My sister never remembers three thin slices of bread. The children finish a short walk.||My parents remember a quiet evening every week. My mother finishes another cup of coffee in the morning. My brother remembers a short walk on Thursday.||The students always need another cup of coffee together. My sister enjoys the shopping list in the morning. My friends want the usual routine every week.
5	Food · level 5	My parents rarely share a healthy salad. My mother prepares the sweet dessert. My brother will prepare the sweet dessert tomorrow.||She shares fresh vegetables because it is easier. My friends order a large breakfast in the morning. My brother will order three yellow lemons tomorrow.||My friends enjoy a healthy salad in the morning. I order the usual sandwich because it is easier. My father cooks these ripe cherries every week.
5	Daily · level 5	The children never want a short walk. She finishes another cup of coffee. My mother remembers the shopping list in the morning.||My sister will want the weather report tomorrow. My father never finishes a quiet evening. My friends need a short walk without thinking.||The students want another cup of coffee on Thursday. My friends remember the shopping list. My sister needs three thin slices of bread without thinking.
5	Travel · level 5	She will remember the whole journey tomorrow. He never books another hotel. They rarely remember a cheaper flight.||They choose our summer holiday on Thursday. I never cancel another hotel. Do my parents miss the northern railway?||My sister chooses another route. The children plan the northern railway because it is easier. My friends rarely book our summer holiday.
6	Work · level 6	My friends always review the weekly meeting together. My brother never discusses a clear decision. He cancels a clear decision without thinking.||Do we discuss three separate reports? Please finish our regular schedule slowly. My parents finish another difficult problem on Thursday.||I never finish these important messages. She discusses these important messages. My parents always discuss the shared folder together.
6	Work · level 6	The teacher prepares a clear decision every week. The children cancel our regular schedule because it is easier. Do the students share these important messages?||My brother rarely cancels a clear decision. My parents always schedule the office move together. Do I finish three separate reports?||He shares another difficult problem on Thursday. My friends always review the weekly meeting together. My parents prepare these important messages in the morning.
6	Travel · level 6	The teacher misses our summer holiday. The teacher enjoys the long road trip in the morning. My friends never choose the earlier train.||The students always remember a cheaper flight together. She remembers the whole journey. She remembers our summer holiday in the morning.||My parents never plan the earlier train. My brother cancels the whole journey every week. We always plan another hotel together.
6	Daily · level 6	The teacher finishes the shopping list every week. The children finish the morning news in the morning. I enjoy three thin slices of bread.||We need the shopping list without thinking. They enjoy a short walk on Thursday. They remember three thin slices of bread.||He needs these warm clothes without thinking. My father never remembers a healthy breakfast. My mother rarely finishes a healthy breakfast.
6	Study · level 6	My friends practice the third chapter in the morning. My mother reviews these long words. The teacher finishes these long words every week.||Do my friends practice the third chapter? She remembers the right answer every week. My friends learn this difficult language in the morning.||She never finishes the right answer. Do my friends review another example? The teacher explains a clear explanation because it is easier.
6	Food · level 6	My friends share a large breakfast every week. The students always order the whole chicken together. My mother rarely orders the whole chicken.||My father shares these ripe cherries. The students order three yellow lemons every week. They rarely prepare the sweet dessert.||Do my parents cook fresh vegetables? The teacher prepares three yellow lemons. The students always prepare warm soup together.
6	Study · level 6	Please practice the correct pronunciation slowly. My sister practices a clear explanation on Thursday. He reads another example every week.||Please finish this difficult language slowly. My father learns another example in the morning. I remember our weekly homework every week.||My father reads a clear explanation on Thursday. My parents explain the correct pronunciation because it is easier. Do my friends practice the third chapter?
6	Travel · level 6	My father chooses another route in the morning. My brother remembers a cheaper flight every week. We cancel a cheaper flight without thinking.||We always plan another hotel together. My friends miss the northern railway. He rarely plans the northern railway.||My parents rarely book the earlier train. My mother cancels our summer holiday. My mother misses the earlier train every week.
6	Travel · level 6	My brother cancels the whole journey on Thursday. We cancel a cheaper flight without thinking. The students always miss the earlier train together.||I always cancel another hotel together. My friends never choose the earlier train. I miss the return ticket without thinking.||The students book another hotel on Thursday. My mother never cancels the whole journey. My friends miss the northern railway.
6	Study · level 6	He finishes the first question every week. I rarely practice our weekly homework. The children finish another example because it is easier.||They always read the right answer together. My friends read a clear explanation. The children finish the right answer in the morning.||My friends rarely read the first question. He reads another example every week. My friends practice the third chapter in the morning.
6	Work · level 6	My father rarely schedules a clear decision. The children schedule another difficult problem because it is easier. My mother shares the whole project.||My sister cancels the office move without thinking. She prepares the shared folder on Thursday. My brother schedules the office move every week.||My mother rarely shares a clear decision. My friends cancel our regular schedule in the morning. The children cancel our regular schedule because it is easier.
6	Study · level 6	I rarely practice our weekly homework. The teacher explains a clear explanation because it is easier. Please review the third chapter slowly.||The teacher finishes these long words every week. My parents never review these long words. My parents always finish the right answer together.||She will read the correct pronunciation tomorrow. Do my friends review another example? She never finishes the right answer.
6	Study · level 6	My brother reads the right answer every week. My friends practice the third chapter in the morning. We will read this difficult language tomorrow.||They finish our weekly homework. She remembers the right answer every week. My father practices our weekly homework in the morning.||Do the children practice these long words? The teacher explains a clear explanation because it is easier. He reads this difficult language on Thursday.
6	Daily · level 6	She needs the weather report every week. The children finish the morning news in the morning. My friends rarely remember three thin slices of bread.||My mother rarely finishes a healthy breakfast. Do they enjoy the morning news? We always enjoy a short walk together.||My parents remember these warm clothes every week. He needs these warm clothes without thinking. Do the students enjoy the shopping list?
6	Work · level 6	The teacher prepares a clear decision every week. The teacher reviews a clear decision on Thursday. The students rarely schedule the office move.||He will prepare another difficult problem tomorrow. I never prepare the shared folder. Please discuss three separate reports slowly.||My father schedules the weekly meeting every week. My parents prepare these important messages in the morning. My mother rarely reviews a short break.
6	Food · level 6	The students always prepare the whole chicken together. My mother rarely orders warm soup. My father buys the usual sandwich in the morning.||The students always order the whole chicken together. The teacher orders these ripe cherries in the morning. My father shares these ripe cherries.||They rarely prepare the sweet dessert. My brother prepares a healthy salad. She cooks a healthy salad without thinking.
6	Study · level 6	I rarely practice our weekly homework. My father reads a clear explanation on Thursday. She will read the correct pronunciation tomorrow.||The students rarely read the right answer. He reads another example every week. Please review the correct pronunciation slowly.||She remembers the right answer every week. They finish our weekly homework. We will read this difficult language tomorrow.
6	Food · level 6	The teacher orders these ripe cherries in the morning. They prepare the usual sandwich because it is easier. My father shares these ripe cherries.||We cook another chocolate every week. We buy the sweet dessert without thinking. They always order the sweet dessert together.||The teacher prepares three yellow lemons. Please prepare another chocolate slowly. The students always prepare warm soup together.
6	Daily · level 6	They enjoy a short walk on Thursday. My parents remember these warm clothes every week. He never enjoys a healthy breakfast.||I enjoy three thin slices of bread. My parents enjoy a quiet evening in the morning. The children enjoy the shopping list because it is easier.||I will enjoy these warm clothes tomorrow. My brother rarely needs another cup of coffee. My brother never finishes a short walk.
6	Food · level 6	Please prepare another chocolate slowly. My mother never cooks these ripe cherries. My mother rarely cooks a large breakfast.||My mother rarely buys a large breakfast. My father enjoys the sweet dessert in the morning. They always order the sweet dessert together.||The students order three yellow lemons every week. My mother never prepares three yellow lemons. The teacher orders these ripe cherries in the morning.
6	Work · level 6	My friends cancel our regular schedule in the morning. My friends always review the weekly meeting together. They rarely discuss the shared folder.||My parents rarely finish the shared folder. My brother never discusses a clear decision. He will prepare another difficult problem tomorrow.||The students share these important messages in the morning. Do we discuss three separate reports? My father schedules the weekly meeting every week.
6	Work · level 6	The teacher prepares a clear decision every week. The students schedule the weekly meeting. She will schedule these important messages tomorrow.||We always review the whole project together. Please finish three separate reports slowly. My parents rarely finish the shared folder.||The teacher rarely discusses a clear decision. My mother will schedule the shared folder tomorrow. My sister prepares these important messages.
6	Daily · level 6	My mother remembers a healthy breakfast every week. The teacher wants the shopping list. My mother rarely finishes a healthy breakfast.||My friends rarely remember three thin slices of bread. My mother remembers a quiet evening. The children need the usual routine in the morning.||Do the students enjoy the shopping list? My mother never needs the usual routine. She needs the weather report every week.
6	Work · level 6	The children review another difficult problem because it is easier. Do we discuss three separate reports? My brother never discusses the office move.||My parents always schedule the office move together. He cancels a clear decision without thinking. The teacher will cancel these important messages tomorrow.||Please discuss three separate reports slowly. My mother will schedule the shared folder tomorrow. The teacher reviews a clear decision on Thursday.
6	Daily · level 6	She needs the weather report every week. We need the shopping list without thinking. We always enjoy a short walk together.||The children always need three thin slices of bread together. My mother remembers a healthy breakfast every week. They enjoy a short walk on Thursday.||We never remember the shopping list. He needs these warm clothes without thinking. The children need the usual routine in the morning.
6	Food · level 6	My friends always prepare three yellow lemons together. She cooks a healthy salad without thinking. My brother prepares a healthy salad.||The teacher prepares three yellow lemons. We enjoy warm soup every week. My mother rarely cooks a large breakfast.||My brother rarely shares the whole chicken. My friends share a large breakfast every week. The students always prepare warm soup together.
6	Work · level 6	Do the students share these important messages? My brother rarely cancels a clear decision. My parents always cancel the whole project together.||She discusses these important messages. The students rarely schedule the office move. My brother schedules the office move every week.||My parents always cancel the shared folder together. Do I finish three separate reports? He shares another difficult problem on Thursday.
6	Travel · level 6	My brother cancels the whole journey on Thursday. She remembers our summer holiday in the morning. She remembers the whole journey.||My brother rarely plans the return ticket. We cancel a cheaper flight without thinking. My parents never plan the earlier train.||The students book another hotel on Thursday. We will cancel the northern railway tomorrow. I never miss the northern railway.
6	Food · level 6	I will enjoy these ripe cherries tomorrow. Do my parents buy the usual sandwich? My sister rarely orders a large breakfast.||We enjoy warm soup every week. My brother prepares a healthy salad. My father enjoys the sweet dessert in the morning.||Do my parents cook fresh vegetables? They always order the sweet dessert together. My mother never prepares three yellow lemons.
6	Food · level 6	They rarely prepare the sweet dessert. Do my parents buy the usual sandwich? We buy the sweet dessert without thinking.||The students enjoy the whole chicken in the morning. I will enjoy these ripe cherries tomorrow. My mother never orders warm soup.||We enjoy warm soup every week. My friends always prepare three yellow lemons together. My mother rarely buys a large breakfast.
6	Travel · level 6	My brother cancels the whole journey on Thursday. I remember a window seat without thinking. The students will cancel another hotel tomorrow.||I always cancel another hotel together. My sister chooses the northern railway every week. My brother rarely plans the return ticket.||The teacher misses our summer holiday. The students always miss the earlier train together. My mother never remembers a cheaper flight.
6	Study · level 6	She practices the right answer every week. Please review the third chapter slowly. Do my friends finish the correct pronunciation?||My friends read a clear explanation. My parents always finish the right answer together. Do my friends review another example?||My friends always learn the first question together. The teacher explains a clear explanation because it is easier. I practice the correct pronunciation in the morning.
7	Food · level 7	She enjoys three yellow lemons. My father rarely enjoys the whole chicken. My friends never enjoy the whole chicken.||The children order the sweet dessert on Thursday. My friends will enjoy a large breakfast tomorrow. Do they enjoy these ripe cherries?||The students order these ripe cherries every week. The teacher will prepare a large breakfast tomorrow. My brother prepares fresh vegetables because it is easier.||She enjoys the usual sandwich because it is easier. The students eat the usual sandwich on Thursday. My sister shares fresh vegetables in the morning.
7	Daily · level 7	The teacher rarely finishes these warm clothes. The teacher remembers another cup of coffee on Thursday. My friends always remember these warm clothes together.||We never enjoy a quiet evening. I remember the weather report in the morning. The teacher rarely needs the usual routine.||My mother remembers the usual routine in the morning. He finishes a healthy breakfast without thinking. They remember another cup of coffee every week.||My mother will enjoy a quiet evening tomorrow. I finish three thin slices of bread without thinking. The children always finish a short walk together.
7	Travel · level 7	My brother chooses the return ticket every week. My parents remember the return ticket. My parents never remember the whole journey.||She rarely plans another route. My parents always choose another hotel together. The students plan the long road trip without thinking.||The teacher chooses our summer holiday. My brother misses another hotel every week. They rarely enjoy the long road trip.||The children choose a window seat without thinking. I always cancel the northern railway together. My brother chooses the earlier train on Thursday.
7	Food · level 7	My father enjoys the whole chicken every week. My father rarely prepares these ripe cherries. My brother never shares the sweet dessert.||My brother prepares fresh vegetables because it is easier. My mother never shares these ripe cherries. The students eat the usual sandwich on Thursday.||My father buys the usual sandwich every week. The teacher will prepare a large breakfast tomorrow. My sister shares fresh vegetables in the morning.||We rarely enjoy warm soup. The teacher cooks another chocolate on Thursday. My friends will enjoy a large breakfast tomorrow.
7	Study · level 7	The students explain the right answer on Thursday. My parents always explain these long words together. My sister will explain a clear explanation tomorrow.||I will remember the third chapter tomorrow. I always learn the correct pronunciation together. The children remember the third chapter because it is easier.||My father learns another example on Thursday. He reviews a clear explanation every week. The children practice the right answer in the morning.||My sister reviews this difficult language in the morning. The students rarely review these long words. We finish the correct pronunciation every week.
7	Travel · level 7	My sister enjoys our summer holiday on Thursday. My brother chooses the return ticket every week. My parents remember the return ticket.||My parents remember another hotel in the morning. The students plan the long road trip without thinking. My parents always choose the earlier train together.||My friends book the northern railway. I always cancel the northern railway together. My mother will remember the earlier train tomorrow.||She rarely remembers the whole journey. My parents remember our summer holiday on Thursday. My friends miss the whole journey without thinking.
7	Daily · level 7	The students remember the shopping list every week. They always want the usual routine together. The teacher never finishes the morning news.||My mother enjoys the morning news in the morning. My father rarely remembers these warm clothes. My mother will enjoy a quiet evening tomorrow.||They want a quiet evening without thinking. The children always finish a short walk together. He enjoys another cup of coffee every week.||The teacher rarely finishes these warm clothes. They never want the usual routine. I remember the weather report in the morning.
7	Travel · level 7	My friends miss the whole journey without thinking. We rarely choose another route. My sister enjoys our summer holiday on Thursday.||They cancel another route every week. My mother will remember the earlier train tomorrow. The children choose a window seat without thinking.||The children never plan the whole journey. My brother chooses the return ticket every week. My parents always choose the earlier train together.||My parents rarely choose another hotel. The teacher remembers the return ticket on Thursday. I always cancel the northern railway together.
7	Daily · level 7	He enjoys another cup of coffee every week. My parents will enjoy the morning news tomorrow. The teacher remembers the morning news.||My parents want the weather report. He enjoys these warm clothes every week. They never want the usual routine.||My father rarely remembers these warm clothes. My mother never enjoys a short walk. I finish three thin slices of bread without thinking.||They want the weather report on Thursday. The children rarely finish a quiet evening. They always want the usual routine together.
7	Study · level 7	The teacher reviews these long words every week. My friends remember the first question on Thursday. The students never learn our weekly homework.||We always explain the right answer together. My mother reads the correct pronunciation in the morning. The teacher learns the whole lesson without thinking.||I will remember the third chapter tomorrow. My brother explains these long words in the morning. I always remember our weekly homework together.||He never practices the first question. My father will practice the third chapter tomorrow. Do they learn this difficult language?
7	Food · level 7	The children order the sweet dessert on Thursday. My friends never enjoy the whole chicken. My parents will eat the usual sandwich tomorrow.||My father buys the usual sandwich every week. The children buy these ripe cherries. She buys fresh vegetables on Thursday.||They cook fresh vegetables in the morning. My father rarely shares these ripe cherries. My friends will enjoy a large breakfast tomorrow.||We never cook another chocolate. The teacher rarely orders the sweet dessert. My father enjoys the whole chicken every week.
7	Travel · level 7	My brother remembers the northern railway because it is easier. My mother will remember the earlier train tomorrow. My brother chooses the return ticket every week.||Do they enjoy the whole journey? My brother misses another hotel every week. They rarely enjoy the long road trip.||The children will book our summer holiday tomorrow. My father chooses the northern railway in the morning. She rarely remembers the whole journey.||My parents remember another hotel in the morning. My brother chooses the earlier train on Thursday. The students plan the long road trip without thinking.
7	Work · level 7	They schedule these important messages in the morning. He will prepare our regular schedule tomorrow. Please review our regular schedule slowly.||The students never schedule the weekly meeting. My brother cancels another difficult problem in the morning. He reviews another difficult problem every week.||The teacher finishes the whole project every week. The children will finish the shared folder tomorrow. My sister cancels the whole project without thinking.||Do we share three separate reports? They always prepare the weekly meeting together. My father shares these important messages on Thursday.
7	Daily · level 7	The children want these warm clothes every week. They want the weather report on Thursday. My father will remember the usual routine tomorrow.||They want a quiet evening without thinking. The teacher rarely needs the usual routine. The children never want the shopping list.||He finishes a healthy breakfast without thinking. My parents will enjoy the morning news tomorrow. The teacher never finishes the morning news.||They remember another cup of coffee every week. The children rarely finish a quiet evening. I remember the weather report in the morning.
7	Travel · level 7	The teacher chooses our summer holiday. My parents never remember the whole journey. My sister enjoys our summer holiday on Thursday.||He remembers another hotel on Thursday. My brother chooses the return ticket every week. The children choose a window seat without thinking.||The children never plan the whole journey. She rarely plans another route. My parents remember another hotel in the morning.||We rarely choose another route. My friends book the northern railway. My father chooses the northern railway in the morning.
7	Travel · level 7	My parents remember another hotel in the morning. My parents always choose the earlier train together. We rarely choose another route.||He will enjoy our summer holiday tomorrow. My parents remember the return ticket. My friends miss the whole journey without thinking.||They cancel another route every week. My parents remember our summer holiday on Thursday. I always cancel the northern railway together.||My brother chooses the earlier train on Thursday. My parents never remember the whole journey. My father chooses the northern railway in the morning.
7	Daily · level 7	They always want the usual routine together. He finishes a healthy breakfast without thinking. We rarely need the weather report.||The children finish the morning news on Thursday. My parents want the weather report. My mother will enjoy a quiet evening tomorrow.||The children always finish a short walk together. The teacher remembers another cup of coffee on Thursday. The teacher remembers the morning news.||The children rarely finish a quiet evening. The children never finish three thin slices of bread. I finish three thin slices of bread without thinking.
7	Travel · level 7	The children will book our summer holiday tomorrow. My parents never remember the whole journey. My parents remember another hotel in the morning.||We never choose another route. My parents always choose another hotel together. My brother chooses the return ticket every week.||Do they enjoy the whole journey? My sister enjoys our summer holiday on Thursday. We always miss the northern railway together.||My parents remember the return ticket. My brother remembers the northern railway because it is easier. The children choose a window seat without thinking.
7	Daily · level 7	The children remember the morning news in the morning. The children never finish three thin slices of bread. The teacher rarely needs the usual routine.||My mother needs the weather report on Thursday. My father rarely remembers these warm clothes. He enjoys another cup of coffee every week.||They remember another cup of coffee every week. They never want the usual routine. My parents will enjoy the morning news tomorrow.||They want the weather report on Thursday. My friends always remember these warm clothes together. He finishes a healthy breakfast without thinking.
7	Daily · level 7	The children remember the morning news in the morning. My friends enjoy a quiet evening. They want a quiet evening without thinking.||They never want the usual routine. The teacher remembers the morning news. He enjoys another cup of coffee every week.||I finish three thin slices of bread without thinking. The children never finish three thin slices of bread. The children remember a short walk every week.||My mother needs the weather report on Thursday. My friends always remember these warm clothes together. The teacher rarely finishes these warm clothes.
7	Travel · level 7	They cancel another route every week. She rarely remembers the whole journey. My mother will remember the earlier train tomorrow.||The children never plan the whole journey. My friends book the northern railway. The students always book another hotel together.||I always remember our summer holiday together. The children will book our summer holiday tomorrow. She rarely plans another route.||The students plan the long road trip without thinking. He remembers another hotel on Thursday. My father books the northern railway every week.
7	Daily · level 7	My mother remembers the usual routine in the morning. They want the weather report on Thursday. They always want the usual routine together.||The children remember the morning news in the morning. My friends enjoy a quiet evening. The teacher remembers another cup of coffee on Thursday.||My parents want the weather report. He finishes a healthy breakfast without thinking. My mother never wants another cup of coffee.||I finish three thin slices of bread without thinking. The children rarely finish a quiet evening. He enjoys these warm clothes every week.
7	Work · level 7	My mother will finish another difficult problem tomorrow. The children finish three separate reports because it is easier. She prepares these important messages every week.||My brother rarely discusses the whole project. My parents will discuss our regular schedule tomorrow. Do my parents cancel three separate reports?||I schedule our regular schedule in the morning. He reviews another difficult problem every week. She rarely reviews the whole project.||They always prepare the weekly meeting together. My brother never schedules a clear decision. I schedule a short break without thinking.
7	Daily · level 7	The students remember the shopping list every week. My father will remember the usual routine tomorrow. The children always finish a short walk together.||My mother enjoys the weather report because it is easier. The teacher remembers another cup of coffee on Thursday. My mother rarely remembers the shopping list.||My mother remembers the usual routine in the morning. My parents want the weather report. They remember another cup of coffee every week.||The children never finish three thin slices of bread. I finish three thin slices of bread without thinking. My friends always remember these warm clothes together.
7	Travel · level 7	The teacher chooses our summer holiday. My parents always choose another hotel together. He remembers another hotel on Thursday.||My mother will remember the earlier train tomorrow. We enjoy the return ticket on Thursday. My brother chooses the return ticket every week.||I always remember our summer holiday together. My brother remembers the northern railway because it is easier. The children choose a window seat without thinking.||They rarely enjoy the long road trip. My friends book the northern railway. My parents never remember the whole journey.
7	Travel · level 7	My brother chooses the return ticket every week. She rarely remembers the whole journey. My parents remember our summer holiday on Thursday.||My father books the northern railway every week. The children choose a window seat without thinking. We always miss the northern railway together.||My parents never remember the whole journey. My parents remember the return ticket. The students always book another hotel together.||He will enjoy our summer holiday tomorrow. He remembers another hotel on Thursday. They rarely enjoy the long road trip.
7	Work · level 7	Please prepare our regular schedule slowly. The children discuss the shared folder every week. My brother rarely discusses the whole project.||My friends always finish these important messages together. The children finish three separate reports because it is easier. My brother never schedules a clear decision.||My sister cancels the whole project without thinking. We will finish three separate reports tomorrow. They always prepare the weekly meeting together.||The teacher will share another difficult problem tomorrow. They prepare another difficult problem in the morning. He rarely schedules these important messages.
7	Work · level 7	The teacher reviews these important messages in the morning. The students finish these important messages every week. They will cancel our regular schedule tomorrow.||The students rarely prepare the whole project. Please prepare our regular schedule slowly. My sister reviews a clear decision without thinking.||The children discuss the shared folder every week. We cancel three separate reports on Thursday. I schedule a short break without thinking.||They rarely share the whole project. The teacher will share another difficult problem tomorrow. The students review another difficult problem in the morning.
7	Daily · level 7	The teacher rarely needs the usual routine. My parents want the weather report. My mother never wants another cup of coffee.||My parents enjoy three thin slices of bread on Thursday. The students remember the shopping list every week. They always remember the morning news together.||My mother never enjoys a short walk. The children remember a short walk every week. The teacher remembers another cup of coffee on Thursday.||My parents will enjoy the morning news tomorrow. My father rarely remembers these warm clothes. They always want the usual routine together.
7	Travel · level 7	My sister rarely enjoys the return ticket. My parents always choose another hotel together. My parents remember our summer holiday on Thursday.||My parents remember the return ticket. We rarely choose another route. The children never plan the whole journey.||I always remember our summer holiday together. My brother chooses the earlier train on Thursday. The students plan the long road trip without thinking.||The children choose a window seat without thinking. My brother misses another hotel every week. My friends book the northern railway.
7	Daily · level 7	They remember another cup of coffee every week. My mother will enjoy a quiet evening tomorrow. He finishes a healthy breakfast without thinking.||The children finish the morning news on Thursday. I enjoy the usual routine in the morning. The children never want the shopping list.||My parents want the weather report. The teacher never finishes the morning news. My mother enjoys the weather report because it is easier.||My friends always remember these warm clothes together. My father will remember the usual routine tomorrow. He enjoys these warm clothes every week.
7	Daily · level 7	The children rarely finish a quiet evening. My mother needs the weather report on Thursday. My parents will enjoy the morning news tomorrow.||They always want the usual routine together. The children never want the shopping list. They remember another cup of coffee every week.||My father rarely remembers these warm clothes. The children always finish a short walk together. I enjoy the usual routine in the morning.||My mother enjoys the weather report because it is easier. The children want these warm clothes every week. We never enjoy a quiet evening.
8	Daily · level 8	My friends finish the morning news without thinking. My brother enjoys another cup of coffee in the morning. The children always remember a short walk together.||My brother enjoys three thin slices of bread every week. My friends always enjoy a healthy breakfast together. The teacher will finish the weather report tomorrow.||The teacher enjoys these warm clothes in the morning. They remember the usual routine every week. My brother rarely enjoys a short walk.||The teacher will enjoy the shopping list tomorrow. The students never remember these warm clothes. The students finish a quiet evening without thinking.
8	Study · level 8	My father will review the correct pronunciation tomorrow. My friends practice another example. The children remember these long words every week.||My friends read the right answer without thinking. The teacher practices another example in the morning. My mother rarely reads a clear explanation.||Please explain the correct pronunciation slowly. My friends remember a clear explanation. My mother never explains these long words.||My father will practice this difficult language tomorrow. My father finishes the third chapter on Thursday. My parents read this difficult language every week.
8	Study · level 8	My parents rarely learn the correct pronunciation. My father never explains the right answer. The children remember these long words every week.||My father never reads another example. I rarely practice another example. They remember a clear explanation in the morning.||My friends always review our weekly homework together. We explain the whole lesson without thinking. He reviews the third chapter.||My brother explains these long words. My sister practices this difficult language every week. The children review the first question in the morning.
8	Daily · level 8	They finish the weather report on Thursday. The students always want the weather report together. The teacher remembers these warm clothes.||My brother enjoys three thin slices of bread every week. The students will enjoy another cup of coffee tomorrow. My brother rarely finishes another cup of coffee.||The children always remember a short walk together. He never enjoys these warm clothes. My brother wants the usual routine on Thursday.||They remember the usual routine every week. My brother rarely enjoys a short walk. The teacher will enjoy the shopping list tomorrow.
8	Travel · level 8	My parents always cancel another route together. I enjoy our summer holiday every week. The children rarely enjoy a window seat.||My friends remember the northern railway in the morning. He will enjoy another hotel tomorrow. My mother rarely misses another route.||They book the whole journey without thinking. The teacher never plans another hotel. The children book the earlier train.||I enjoy our summer holiday. She remembers a cheaper flight without thinking. My brother misses the northern railway every week.
8	Food · level 8	The students always prepare these ripe cherries together. My brother enjoys the whole chicken. She orders the whole chicken without thinking.||Do the students prepare another chocolate? My parents cook the usual sandwich every week. The children always share warm soup together.||Do my parents order the usual sandwich? My father will prepare another chocolate tomorrow. She rarely prepares a large breakfast.||The students enjoy fresh vegetables because it is easier. They buy fresh vegetables every week. We order a healthy salad without thinking.
8	Food · level 8	My father eats the usual sandwich. The students rarely enjoy three yellow lemons. We always eat the usual sandwich together.||He orders another chocolate every week. The students always prepare these ripe cherries together. The children order fresh vegetables because it is easier.||We order a healthy salad without thinking. My brother orders a large breakfast every week. He shares another chocolate.||He orders the sweet dessert without thinking. The students enjoy fresh vegetables because it is easier. The students rarely order these ripe cherries.
8	Food · level 8	The children always share warm soup together. He orders the sweet dessert without thinking. The children order fresh vegetables because it is easier.||He orders another chocolate every week. My father enjoys a large breakfast in the morning. We always buy fresh vegetables together.||She orders the whole chicken without thinking. The students rarely order these ripe cherries. They order another chocolate in the morning.||Do my parents order the usual sandwich? My parents cook the usual sandwich every week. She rarely prepares a large breakfast.
8	Daily · level 8	She rarely finishes the usual routine. The children always remember three thin slices of bread together. The students will enjoy another cup of coffee tomorrow.||The children remember these warm clothes on Thursday. The students never remember these warm clothes. They finish the weather report every week.||They finish the weather report on Thursday. My mother needs the morning news without thinking. My father enjoys the morning news.||The children always remember a short walk together. My mother finishes the usual routine. My brother rarely enjoys a short walk.
8	Food · level 8	The students share another chocolate in the morning. My father will prepare another chocolate tomorrow. She orders the whole chicken without thinking.||The students cook the usual sandwich on Thursday. My sister never enjoys a large breakfast. I prepare warm soup without thinking.||The students always order these ripe cherries together. The children order fresh vegetables because it is easier. The students rarely order these ripe cherries.||They always enjoy a healthy salad together. My parents cook the usual sandwich every week. She rarely prepares a large breakfast.
8	Daily · level 8	The students finish a quiet evening without thinking. They remember the usual routine every week. The students will enjoy another cup of coffee tomorrow.||My father enjoys the morning news. He never enjoys these warm clothes. My mother wants the weather report in the morning.||The students never remember these warm clothes. The children always finish a quiet evening together. She rarely finishes the usual routine.||My friends always enjoy a healthy breakfast together. My sister rarely finishes the weather report. My brother enjoys three thin slices of bread every week.
8	Work · level 8	I always review another difficult problem together. I prepare the weekly meeting without thinking. The teacher will finish our regular schedule tomorrow.||My parents schedule another difficult problem. He will schedule three separate reports tomorrow. I share the whole project without thinking.||The students prepare these important messages on Thursday. My friends always share these important messages together. Please review three separate reports slowly.||The children review the weekly meeting on Thursday. The children review the whole project every week. They share our regular schedule in the morning.
8	Travel · level 8	I enjoy our summer holiday every week. My brother misses the northern railway on Thursday. My mother will enjoy the return ticket tomorrow.||I enjoy our summer holiday. My mother rarely remembers the return ticket. The teacher chooses another route every week.||My friends remember the northern railway in the morning. She remembers a cheaper flight without thinking. The children rarely enjoy a window seat.||The teacher never enjoys a cheaper flight. I miss another hotel without thinking. My parents always cancel another route together.
8	Work · level 8	The teacher will finish our regular schedule tomorrow. The teacher discusses three separate reports in the morning. My friends share the office move without thinking.||My friends will schedule our regular schedule tomorrow. My mother never reviews the shared folder. My sister prepares the whole project without thinking.||My father shares another difficult problem every week. The students always share the shared folder together. My mother schedules these important messages on Thursday.||My friends discuss three separate reports. My friends always share these important messages together. The children rarely finish the whole project.
8	Daily · level 8	My mother needs the morning news without thinking. They finish the weather report on Thursday. My friends always enjoy a healthy breakfast together.||My mother enjoys these warm clothes on Thursday. They remember the usual routine every week. My father enjoys the morning news.||The children always finish a quiet evening together. The students enjoy a healthy breakfast every week. My sister rarely finishes the weather report.||The teacher remembers these warm clothes. My brother rarely enjoys a short walk. The students finish a quiet evening without thinking.
8	Work · level 8	She will review our regular schedule tomorrow. He finishes three separate reports every week. My sister schedules a clear decision without thinking.||The children never finish the weekly meeting. Do my parents schedule three separate reports? The children review the whole project every week.||The students schedule another difficult problem on Thursday. Do they share our regular schedule? The students always finish another difficult problem together.||The students always prepare the shared folder together. My parents prepare the office move without thinking. She reviews these important messages.
8	Work · level 8	My brother prepares the shared folder every week. My friends will schedule our regular schedule tomorrow. Do they share our regular schedule?||He shares the weekly meeting without thinking. They always schedule the shared folder together. The children never finish the weekly meeting.||The children review the whole project every week. She finishes the office move without thinking. Do my parents schedule three separate reports?||She rarely prepares these important messages. Please schedule three separate reports slowly. My brother finishes these important messages on Thursday.
8	Study · level 8	My friends always finish the third chapter together. They remember a clear explanation in the morning. The students will explain the first question tomorrow.||My mother never explains these long words. The teacher practices another example in the morning. My friends finish this difficult language every week.||My brother explains these long words. My father never explains the right answer. My mother rarely reads a clear explanation.||He rarely learns this difficult language. My friends always learn the third chapter together. Please explain the correct pronunciation slowly.
8	Work · level 8	My mother shares these important messages. My brother finishes these important messages on Thursday. Do they share our regular schedule?||The teacher will schedule another difficult problem tomorrow. My brother never reviews the weekly meeting. My father shares another difficult problem every week.||The children always discuss the whole project together. My father schedules three separate reports in the morning. My parents prepare the office move without thinking.||The children never finish the weekly meeting. Please schedule three separate reports slowly. The students rarely review the shared folder.
8	Daily · level 8	My mother finishes the usual routine. He never enjoys these warm clothes. My brother enjoys three thin slices of bread every week.||The students will enjoy another cup of coffee tomorrow. The children always remember a short walk together. They finish the weather report every week.||My brother rarely finishes another cup of coffee. They finish the weather report on Thursday. The teacher will enjoy the shopping list tomorrow.||The teacher remembers these warm clothes. My father rarely enjoys a healthy breakfast. The students finish a quiet evening without thinking.
8	Travel · level 8	The children book the earlier train. The teacher chooses the long road trip without thinking. The students never plan another route.||I miss another hotel without thinking. The teacher chooses another route every week. My friends remember the northern railway in the morning.||My brother cancels the northern railway on Thursday. He will enjoy another hotel tomorrow. The teacher never enjoys a cheaper flight.||The children rarely enjoy a window seat. My mother will enjoy the return ticket tomorrow. The students remember the earlier train on Thursday.
8	Study · level 8	They will finish this difficult language tomorrow. My sister practices this difficult language every week. My friends remember the third chapter on Thursday.||The teacher never remembers these long words. My mother remembers the third chapter in the morning. He finishes another example.||My father never reads another example. He rarely finishes the correct pronunciation. I read our weekly homework without thinking.||My friends explain the first question. Do the students explain a clear explanation? My friends always review our weekly homework together.
8	Work · level 8	The children review the weekly meeting on Thursday. Please review three separate reports slowly. The students always prepare the shared folder together.||I prepare the weekly meeting without thinking. The students always share the shared folder together. My parents schedule another difficult problem.||The students schedule these important messages every week. She reviews these important messages. She finishes the office move without thinking.||The students discuss three separate reports on Thursday. My friends will schedule our regular schedule tomorrow. The students schedule another difficult problem every week.
8	Travel · level 8	They rarely book the northern railway. I enjoy our summer holiday every week. The teacher never plans another hotel.||The teacher chooses another route every week. My parents always cancel another route together. My sister remembers the northern railway.||The teacher never enjoys a cheaper flight. They book the whole journey without thinking. The children cancel the earlier train.||They always remember the return ticket together. My mother rarely remembers the return ticket. The teacher chooses the long road trip without thinking.
8	Work · level 8	The students schedule these important messages every week. Please review three separate reports slowly. My friends always share these important messages together.||My friends discuss three separate reports. My brother never reviews the weekly meeting. The students always share the shared folder together.||My parents cancel our regular schedule on Thursday. They share our regular schedule in the morning. My sister schedules a clear decision without thinking.||My mother never reviews the shared folder. I prepare the weekly meeting without thinking. The children review the whole project every week.
8	Daily · level 8	My mother enjoys these warm clothes on Thursday. The teacher will finish the weather report tomorrow. The students finish a quiet evening without thinking.||The children remember these warm clothes on Thursday. The students always want the weather report together. The students will enjoy another cup of coffee tomorrow.||My friends finish the morning news without thinking. The children always remember a short walk together. My father rarely enjoys a healthy breakfast.||She rarely finishes the usual routine. They remember the usual routine every week. My mother never enjoys three thin slices of bread.
8	Daily · level 8	The students enjoy a healthy breakfast every week. My mother never enjoys three thin slices of bread. The teacher remembers these warm clothes.||The teacher will enjoy the shopping list tomorrow. My brother enjoys three thin slices of bread every week. My mother needs the morning news without thinking.||My friends finish the morning news without thinking. The students will enjoy another cup of coffee tomorrow. My brother wants the usual routine on Thursday.||My mother finishes the usual routine. My brother rarely finishes another cup of coffee. My mother enjoys these warm clothes on Thursday.
8	Travel · level 8	The teacher never enjoys a cheaper flight. They rarely book the northern railway. My brother misses the northern railway every week.||My friends enjoy the whole journey. The teacher chooses another route every week. They always remember the return ticket together.||They book the whole journey without thinking. The children always plan the earlier train together. He will enjoy another hotel tomorrow.||The students book the return ticket without thinking. The students never plan another route. The students remember the earlier train on Thursday.
8	Daily · level 8	My brother rarely enjoys a short walk. They remember the usual routine every week. My mother needs the morning news without thinking.||My mother finishes the usual routine. My mother never enjoys three thin slices of bread. The teacher enjoys these warm clothes in the morning.||They finish the weather report on Thursday. My father enjoys the morning news. My father rarely enjoys a healthy breakfast.||The students finish a quiet evening without thinking. My brother enjoys another cup of coffee in the morning. He never enjoys these warm clothes.
8	Daily · level 8	My friends finish the morning news without thinking. My brother wants the usual routine on Thursday. My father enjoys the morning news.||The children always finish a quiet evening together. My sister rarely finishes the weather report. The teacher will finish the weather report tomorrow.||She rarely finishes the usual routine. The children remember these warm clothes on Thursday. The students finish a quiet evening without thinking.||My brother enjoys three thin slices of bread every week. The teacher will enjoy the shopping list tomorrow. The students never remember these warm clothes.
8	Travel · level 8	The teacher never plans another hotel. The children book the earlier train. My brother cancels the northern railway on Thursday.||I enjoy our summer holiday. My parents always cancel another route together. The teacher never enjoys a cheaper flight.||My mother rarely remembers the return ticket. He books our summer holiday without thinking. The students choose the northern railway on Thursday.||My mother will enjoy the return ticket tomorrow. The children rarely enjoy a window seat. The students enjoy the whole journey every week.
8	Daily · level 8	He never enjoys these warm clothes. The students always want the weather report together. My father enjoys the morning news.||My sister rarely finishes the weather report. My brother enjoys three thin slices of bread every week. The students finish a quiet evening without thinking.||The students will enjoy another cup of coffee tomorrow. My mother enjoys these warm clothes on Thursday. The children always finish a quiet evening together.||My friends finish the morning news without thinking. She rarely finishes the usual routine. The teacher will enjoy the shopping list tomorrow.
9	Food · level 9	The teacher eats fresh vegetables. My mother orders three yellow lemons without thinking. The students order another chocolate on Thursday.||They will prepare the usual sandwich tomorrow. The teacher never enjoys the sweet dessert. My parents rarely share another chocolate.||The children enjoy warm soup on Thursday. I always enjoy a large breakfast together. My father never cooks fresh vegetables.||They always enjoy these ripe cherries together. The students share warm soup without thinking. Do they prepare the usual sandwich?
9	Food · level 9	The children enjoy warm soup on Thursday. Do they share fresh vegetables? My mother orders three yellow lemons without thinking.||He shares these ripe cherries without thinking. My mother prepares fresh vegetables in the morning. The teacher never enjoys the sweet dessert.||The children always buy another chocolate together. My parents rarely share another chocolate. They will prepare the usual sandwich tomorrow.||She rarely enjoys these ripe cherries. The students never buy the usual sandwich. My parents enjoy a large breakfast on Thursday.
9	Food · level 9	My parents will share the usual sandwich tomorrow. The students share warm soup without thinking. My friends always order another chocolate together.||My parents share the usual sandwich on Thursday. The students buy fresh vegetables. The children eat the whole chicken without thinking.||I prepare fresh vegetables on Thursday. She rarely enjoys these ripe cherries. They always enjoy these ripe cherries together.||We rarely prepare another chocolate. My mother enjoys a large breakfast every week. We enjoy a large breakfast.
9	Food · level 9	The students share warm soup without thinking. Please prepare fresh vegetables slowly. My brother rarely cooks another chocolate.||The teacher eats fresh vegetables. The teacher never enjoys the sweet dessert. My mother orders three yellow lemons without thinking.||My parents share the usual sandwich on Thursday. We always share the usual sandwich together. My mother enjoys a large breakfast every week.||My parents rarely share another chocolate. My mother enjoys these ripe cherries every week. The children enjoy warm soup on Thursday.
9	Study · level 9	The children practice the whole lesson without thinking. He remembers this difficult language. My parents never remember the third chapter.||My mother learns another example. My brother reviews a clear explanation on Thursday. The students finish these long words without thinking.||The students always read another example together. My sister explains this difficult language every week. My friends rarely practice the correct pronunciation.||The children explain our weekly homework in the morning. The children will practice a clear explanation tomorrow. The teacher explains the first question every week.
9	Food · level 9	My father cooks fresh vegetables. My parents will share the usual sandwich tomorrow. I never order another chocolate.||He shares these ripe cherries without thinking. They will prepare the usual sandwich tomorrow. My sister orders fresh vegetables on Thursday.||My mother prepares a healthy salad without thinking. I always enjoy a large breakfast together. She rarely enjoys these ripe cherries.||They prepare another chocolate on Thursday. The teacher never enjoys the sweet dessert. We enjoy a large breakfast.
9	Study · level 9	The students will review this difficult language tomorrow. My mother rarely explains our weekly homework. My parents practice these long words without thinking.||My father never reviews the third chapter. My mother remembers another example in the morning. My sister explains this difficult language every week.||My father practices another example every week. I explain the correct pronunciation. They remember the correct pronunciation on Thursday.||Do the children explain the first question? The teacher finishes a clear explanation. My father learns the first question without thinking.
9	Travel · level 9	My brother chooses the northern railway. The children choose a cheaper flight without thinking. She remembers the northern railway on Thursday.||My parents always remember another route together. The children remember the earlier train in the morning. My brother enjoys the earlier train on Thursday.||The children will enjoy the whole journey tomorrow. The students enjoy the long road trip without thinking. I rarely enjoy our summer holiday.||My father remembers another route. My parents always remember another hotel together. Do the students enjoy another hotel?
9	Travel · level 9	My friends enjoy another route every week. My brother remembers the earlier train. My brother enjoys a window seat without thinking.||The teacher will enjoy the earlier train tomorrow. Do the children remember another route? The children enjoy the northern railway because it is easier.||They always choose the northern railway together. My parents enjoy another hotel every week. They choose the whole journey without thinking.||She enjoys another hotel on Thursday. The children always cancel our summer holiday together. The children will enjoy the whole journey tomorrow.
9	Travel · level 9	Do the children enjoy the earlier train? My brother remembers the earlier train. The children enjoy the northern railway because it is easier.||My brother chooses the northern railway. Do the children remember another route? The teacher remembers another route in the morning.||My brother remembers our summer holiday every week. The students enjoy the long road trip without thinking. I rarely enjoy our summer holiday.||My parents enjoy another hotel every week. The children will enjoy the whole journey tomorrow. The children always enjoy the long road trip together.
9	Travel · level 9	My parents always remember another hotel together. My sister rarely enjoys the earlier train. My friends choose the earlier train without thinking.||The teacher remembers another route in the morning. The students enjoy the long road trip without thinking. The children always enjoy the long road trip together.||My brother chooses the northern railway. My brother enjoys our summer holiday in the morning. My friends enjoy another route every week.||My parents enjoy another hotel every week. The children will enjoy the whole journey tomorrow. The students cancel the northern railway.
9	Food · level 9	They will prepare the usual sandwich tomorrow. My parents rarely share another chocolate. My mother orders three yellow lemons without thinking.||My mother prepares a healthy salad without thinking. The students buy fresh vegetables. My mother enjoys these ripe cherries every week.||I always enjoy a large breakfast together. The students never buy the usual sandwich. The children enjoy warm soup on Thursday.||My father never cooks fresh vegetables. My friends always order another chocolate together. My parents enjoy a large breakfast on Thursday.
9	Travel · level 9	My friends choose the earlier train without thinking. My sister rarely enjoys the earlier train. Do the students enjoy the northern railway?||My parents enjoy another hotel every week. My brother enjoys a window seat without thinking. My parents rarely remember another hotel.||The children always cancel our summer holiday together. My father remembers another route. The teacher remembers another route in the morning.||The students cancel the northern railway. My brother remembers our summer holiday every week. The children always enjoy the long road trip together.
9	Food · level 9	I always enjoy a large breakfast together. My mother prepares a healthy salad without thinking. My parents will share the usual sandwich tomorrow.||We rarely prepare another chocolate. I never order another chocolate. My mother orders three yellow lemons without thinking.||My sister orders fresh vegetables on Thursday. The students never buy the usual sandwich. My sister prepares fresh vegetables.||The children enjoy warm soup on Thursday. They always enjoy these ripe cherries together. My mother enjoys a large breakfast every week.
9	Travel · level 9	My father remembers the long road trip without thinking. The students remember our summer holiday. Do the students enjoy another hotel?||My parents always remember another route together. I rarely enjoy our summer holiday. My friends enjoy another route every week.||My parents always enjoy the return ticket together. My sister rarely enjoys the earlier train. My brother enjoys the earlier train on Thursday.||Do the students enjoy the northern railway? The students cancel the northern railway. My brother plans the return ticket without thinking.
9	Travel · level 9	The children remember the earlier train in the morning. The students enjoy the long road trip without thinking. The students remember our summer holiday.||They choose the whole journey without thinking. Do the students enjoy the northern railway? My parents rarely remember another hotel.||Do the children remember the earlier train? The teacher remembers another route in the morning. My parents always remember another hotel together.||My brother will remember the northern railway tomorrow. He rarely remembers another route. The children always cancel our summer holiday together.
9	Study · level 9	My parents practice the right answer without thinking. We rarely practice this difficult language. My friends remember this difficult language on Thursday.||My father rarely reads another example. The children never learn a clear explanation. My mother learns another example.||Do the students explain the correct pronunciation? They remember the correct pronunciation on Thursday. The children learn the third chapter every week.||The children explain our weekly homework in the morning. She remembers the third chapter every week. The children always remember these long words together.
9	Study · level 9	The children always remember the right answer together. My brother never reviews our weekly homework. My friends rarely practice the correct pronunciation.||My brother reviews the correct pronunciation in the morning. The teacher explains the first question every week. My friends never remember a clear explanation.||My parents practice the right answer without thinking. The students always read another example together. My friends review this difficult language every week.||My friends rarely remember a clear explanation. My mother learns another example. The children practice the whole lesson without thinking.
9	Travel · level 9	Do the children remember the earlier train? The teacher remembers another route in the morning. The children always enjoy the long road trip together.||My mother enjoys the earlier train every week. Do the students enjoy another route? My brother plans the whole journey without thinking.||I choose another hotel without thinking. They always choose the northern railway together. She enjoys another hotel on Thursday.||He never remembers the northern railway. My brother remembers our summer holiday every week. My brother enjoys our summer holiday in the morning.
9	Travel · level 9	The children always cancel our summer holiday together. She remembers the northern railway on Thursday. Do the children remember the earlier train?||My brother remembers the earlier train. They always choose the northern railway together. She enjoys another hotel on Thursday.||Do the students enjoy another hotel? My brother remembers our summer holiday every week. The students enjoy the long road trip without thinking.||My father remembers another route. My friends enjoy another route every week. My brother plans the return ticket without thinking.
9	Travel · level 9	My parents rarely remember another hotel. Do the children enjoy the earlier train? My parents enjoy another hotel every week.||The students remember our summer holiday. My parents always enjoy the return ticket together. My brother enjoys our summer holiday in the morning.||My brother remembers the earlier train. The teacher remembers another route in the morning. The students enjoy the long road trip without thinking.||My parents always remember another route together. My brother will remember the northern railway tomorrow. The children enjoy the northern railway because it is easier.
9	Food · level 9	They prepare another chocolate on Thursday. My parents rarely share another chocolate. My father never cooks fresh vegetables.||My mother enjoys a large breakfast every week. The students share warm soup without thinking. The teacher eats fresh vegetables.||We enjoy a large breakfast. We always share the usual sandwich together. My mother enjoys these ripe cherries every week.||They always enjoy these ripe cherries together. The children enjoy warm soup on Thursday. My mother orders three yellow lemons without thinking.
9	Study · level 9	They explain another example in the morning. We rarely practice this difficult language. My father learns the first question without thinking.||He remembers this difficult language. The children rarely learn a clear explanation. My parents always review a clear explanation together.||My mother remembers another example in the morning. The children learn the third chapter every week. My friends remember the correct pronunciation.||My parents practice these long words without thinking. We explain the third chapter every week. My sister never remembers the correct pronunciation.
9	Food · level 9	Please prepare fresh vegetables slowly. The students buy fresh vegetables. My parents share the usual sandwich on Thursday.||They always enjoy these ripe cherries together. He shares the usual sandwich every week. The teacher cooks these ripe cherries without thinking.||The children cook warm soup without thinking. My brother rarely cooks another chocolate. My friends always order another chocolate together.||The teacher never enjoys the sweet dessert. My mother enjoys a large breakfast every week. My parents enjoy a large breakfast on Thursday.
9	Study · level 9	My sister rarely explains the correct pronunciation. My father reviews the correct pronunciation. My brother never reviews our weekly homework.||My brother reviews a clear explanation on Thursday. My mother rarely reads this difficult language. My mother never learns another example.||He remembers this difficult language. The children always remember the right answer together. He explains another example every week.||She remembers the third chapter every week. The students always explain the first question together. We read the first question without thinking.
9	Food · level 9	The children enjoy warm soup on Thursday. My brother will share another chocolate tomorrow. My parents never eat fresh vegetables.||My mother enjoys a large breakfast every week. I never order another chocolate. We always share the usual sandwich together.||My brother will eat fresh vegetables tomorrow. The children eat the whole chicken without thinking. We enjoy a large breakfast.||They always enjoy these ripe cherries together. The children cook warm soup without thinking. Do they prepare the usual sandwich?
9	Study · level 9	The children explain our weekly homework in the morning. They remember the correct pronunciation on Thursday. My friends never remember a clear explanation.||The teacher finishes a clear explanation. I explain these long words without thinking. My parents never remember the third chapter.||My father reviews the correct pronunciation. My mother rarely reads this difficult language. The children always remember these long words together.||They rarely remember the first question. He explains another example every week. The children practice the whole lesson without thinking.
9	Travel · level 9	My parents always enjoy the return ticket together. My brother remembers another route on Thursday. My mother enjoys the earlier train every week.||Do the students enjoy the northern railway? My brother remembers our summer holiday every week. The children will enjoy the whole journey tomorrow.||My brother plans the return ticket without thinking. My parents always remember another hotel together. He never remembers the northern railway.||Do the students enjoy another route? The students enjoy the long road trip without thinking. My parents rarely remember another hotel.
9	Study · level 9	The students always read another example together. My parents practice these long words without thinking. My mother never learns another example.||The children never learn a clear explanation. The children always remember these long words together. My friends rarely practice the correct pronunciation.||We read the first question without thinking. My mother reviews this difficult language on Thursday. She remembers the third chapter every week.||My brother reviews the correct pronunciation in the morning. The children explain the right answer every week. My brother reviews a clear explanation on Thursday.
9	Travel · level 9	My parents enjoy another hotel every week. My brother plans the return ticket without thinking. My brother remembers the earlier train.||He rarely remembers another route. Do the students enjoy another route? My brother remembers our summer holiday every week.||My father remembers the long road trip without thinking. The students cancel the northern railway. He never remembers the northern railway.||Do the children enjoy the earlier train? My parents rarely remember another hotel. The children will enjoy the whole journey tomorrow.
9	Travel · level 9	He never remembers the northern railway. My brother remembers the earlier train. My brother enjoys the earlier train on Thursday.||My brother remembers our summer holiday every week. She enjoys another route in the morning. My father remembers the long road trip without thinking.||The students remember our summer holiday. My friends enjoy another route every week. My brother will remember the northern railway tomorrow.||Do the students enjoy another hotel? My brother plans the return ticket without thinking. My parents rarely remember another hotel.
9	Travel · level 9	My brother plans the whole journey without thinking. The students remember our summer holiday. Do the students enjoy another route?||I choose another hotel without thinking. Do the students enjoy another hotel? My mother enjoys the earlier train every week.||I rarely enjoy our summer holiday. The children enjoy the northern railway because it is easier. My father remembers another route.||The children remember the earlier train in the morning. They always choose the northern railway together. The children will enjoy the whole journey tomorrow.
10	Study · level 10	My father never practices another example. My friends read the third chapter without thinking. My brother remembers the correct pronunciation every week.||My friends rarely explain this difficult language. The children learn the correct pronunciation. The teacher never explains the first question.||The students always review another example together. My friends review this difficult language without thinking. The students explain a clear explanation.||The children always remember the third chapter together. The children rarely remember our weekly homework. The children explain our weekly homework every week.
10	Study · level 10	Do the children review this difficult language? They practice the first question without thinking. My brother remembers the correct pronunciation every week.||We always explain another example together. They remember this difficult language every week. My father explains the right answer without thinking.||The children rarely remember our weekly homework. My parents always remember the correct pronunciation together. My friends explain another example.||My father rarely explains the third chapter. The children never finish the third chapter. The students explain a clear explanation.
10	Study · level 10	We never explain the correct pronunciation. My brother rarely practices a clear explanation. The students explain this difficult language without thinking.||The children rarely remember our weekly homework. My friends explain another example. My friends finish the third chapter without thinking.||We always explain the correct pronunciation together. The children never read the third chapter. The students explain a clear explanation.||The students always review another example together. The children explain our weekly homework every week. Do the children review this difficult language?
10	Study · level 10	My brother remembers the correct pronunciation every week. My brother finishes our weekly homework without thinking. My father rarely explains the third chapter.||The teacher explains a clear explanation without thinking. My mother never explains a clear explanation. The children always remember the third chapter together.||The children explain our weekly homework every week. My friends explain another example. The children review the correct pronunciation on Thursday.||Do the children review this difficult language? The students always review another example together. The children never read this difficult language.
10	Study · level 10	The children never explain the third chapter. My brother remembers the correct pronunciation every week. My brother reviews a clear explanation without thinking.||The teacher never explains the first question. The children review the correct pronunciation on Thursday. The students review our weekly homework without thinking.||My friends explain another example. My friends rarely explain this difficult language. My parents always explain the third chapter together.||They practice this difficult language. The children explain our weekly homework every week. The teacher rarely explains another example.
10	Study · level 10	My brother reviews a clear explanation without thinking. My brother reviews the correct pronunciation every week. My parents always explain the third chapter together.||My brother rarely reviews the correct pronunciation. The teacher learns our weekly homework without thinking. The students always explain this difficult language together.||The teacher rarely explains another example. The students never remember this difficult language. The students explain a clear explanation.||He never explains another example. The students remember the third chapter. The children explain our weekly homework every week.
10	Study · level 10	The students explain a clear explanation. Do the children review this difficult language? The teacher rarely remembers the third chapter.||The students remember the third chapter. My father explains the right answer without thinking. They remember this difficult language every week.||The children review the correct pronunciation on Thursday. The children rarely remember our weekly homework. The children explain our weekly homework every week.||She practices the correct pronunciation without thinking. He never explains another example. The students always review another example together.
10	Study · level 10	We always explain another example together. My mother never explains a clear explanation. My parents remember the third chapter without thinking.||My friends explain another example. The teacher rarely remembers the third chapter. My friends review this difficult language without thinking.||Do the children review this difficult language? The children always practice the correct pronunciation together. The students explain a clear explanation.||My brother reviews the correct pronunciation every week. The teacher never explains the first question. The children rarely remember our weekly homework.
10	Study · level 10	My brother rarely reviews the correct pronunciation. The children learn a clear explanation without thinking. The children never explain the third chapter.||My brother finishes our weekly homework without thinking. The students remember the third chapter. The teacher never explains the first question.||The students always review another example together. The students explain a clear explanation. My brother remembers the correct pronunciation every week.||The students always explain this difficult language together. She rarely reviews this difficult language. The children explain our weekly homework every week.
10	Study · level 10	The children explain our weekly homework every week. My parents remember the third chapter without thinking. My parents always remember the correct pronunciation together.||The students explain a clear explanation. They practice the first question without thinking. The children never finish the third chapter.||My friends explain another example. My brother rarely practices a clear explanation. Do the children review this difficult language?||We always explain another example together. My brother remembers the correct pronunciation every week. The teacher never explains the first question.
10	Study · level 10	My father explains the right answer without thinking. My father never practices another example. They practice this difficult language.||The students review our weekly homework without thinking. My brother rarely reviews the correct pronunciation. My brother remembers the correct pronunciation every week.||The students explain a clear explanation. The teacher rarely remembers the third chapter. The students always review this difficult language together.||The children explain our weekly homework every week. The children never read the third chapter. We always explain another example together.
10	Study · level 10	I explain the correct pronunciation without thinking. The teacher never explains the first question. My friends explain another example.||The teacher learns our weekly homework without thinking. The students never remember this difficult language. The children explain our weekly homework every week.||The students always review another example together. The children read the correct pronunciation. My father rarely explains the third chapter.||My brother rarely practices a clear explanation. My parents always explain the third chapter together. Do the children review this difficult language?
10	Study · level 10	The students remember the third chapter. My father rarely explains the third chapter. They practice the first question without thinking.||They remember the right answer without thinking. The children explain our weekly homework every week. The children review the correct pronunciation on Thursday.||My brother rarely reviews the correct pronunciation. My mother never explains a clear explanation. The students always explain this difficult language together.||My mother reviews another example. The students always review this difficult language together. My father never practices another example.
10	Study · level 10	The children explain our weekly homework every week. We always explain another example together. My brother rarely reviews the correct pronunciation.||The teacher never explains the first question. The children rarely remember our weekly homework. Do the children review this difficult language?||The children learn the correct pronunciation. My parents always explain the third chapter together. The children learn a clear explanation without thinking.||The students never remember this difficult language. My mother reviews another example. My friends read the third chapter without thinking.
10	Study · level 10	My parents always remember the correct pronunciation together. My brother remembers the correct pronunciation every week. My friends remember this difficult language without thinking.||He finishes a clear explanation without thinking. She rarely reviews this difficult language. The students always review another example together.||My brother rarely practices a clear explanation. My friends explain another example. The teacher never explains the first question.||The children never finish the third chapter. The children explain our weekly homework every week. The students remember the third chapter.
10	Study · level 10	My parents always explain the third chapter together. The students remember a clear explanation without thinking. The children read the correct pronunciation.||The children rarely remember our weekly homework. My brother remembers the correct pronunciation every week. He never explains another example.||My mother explains our weekly homework without thinking. The students remember the third chapter. My father never practices another example.||My brother rarely practices a clear explanation. They remember this difficult language every week. Do the children review this difficult language?
10	Study · level 10	The children explain our weekly homework every week. The children always practice the correct pronunciation together. The children never explain the third chapter.||The students always review another example together. He never explains another example. My brother rarely practices a clear explanation.||The students remember the third chapter. My brother reviews a clear explanation without thinking. The children review the correct pronunciation on Thursday.||She rarely reviews this difficult language. They remember this difficult language every week. My mother explains our weekly homework without thinking.
10	Study · level 10	The students learn another example without thinking. She rarely reviews this difficult language. They remember this difficult language every week.||We always explain the correct pronunciation together. The students explain a clear explanation. The children rarely remember our weekly homework.||The children explain our weekly homework every week. My father explains the right answer without thinking. We never explain the correct pronunciation.||We always explain another example together. The students remember the third chapter. The children never explain the third chapter.
10	Study · level 10	The students always review this difficult language together. The children explain our weekly homework every week. The students explain a clear explanation.||My father rarely explains the third chapter. The children review the correct pronunciation on Thursday. My mother never explains a clear explanation.||My friends rarely explain this difficult language. They practice the first question without thinking. The children never explain the third chapter.||The students review our weekly homework without thinking. The children always practice the correct pronunciation together. My friends explain another example.
10	Study · level 10	We always explain another example together. My brother finishes our weekly homework without thinking. The children never read the third chapter.||The children review the correct pronunciation on Thursday. The children always practice the correct pronunciation together. Do the children review this difficult language?||My brother reviews a clear explanation without thinking. The children explain our weekly homework every week. The teacher rarely remembers the third chapter.||The students explain a clear explanation. The teacher rarely explains another example. The teacher never explains the first question.
10	Study · level 10	They remember this difficult language every week. They practice the first question without thinking. The students always review this difficult language together.||The children rarely remember our weekly homework. My brother finishes our weekly homework without thinking. My brother remembers the correct pronunciation every week.||The children always practice the correct pronunciation together. My friends explain another example. He never explains another example.||The teacher rarely remembers the third chapter. The children never finish the third chapter. The students explain a clear explanation.
10	Study · level 10	The students remember a clear explanation without thinking. My brother rarely practices a clear explanation. The students remember the third chapter.||The children read the correct pronunciation. The children practice our weekly homework without thinking. He never explains another example.||My parents always remember the correct pronunciation together. They remember this difficult language every week. My father rarely explains the third chapter.||The children explain our weekly homework every week. Do the children review this difficult language? My father never practices another example.
10	Study · level 10	The students explain a clear explanation. The students explain this difficult language without thinking. The children rarely remember our weekly homework.||They remember the right answer without thinking. The students always explain this difficult language together. The students remember the third chapter.||The children review the correct pronunciation on Thursday. The children explain our weekly homework every week. We never explain the correct pronunciation.||My father rarely explains the third chapter. The teacher never explains the first question. We always explain another example together.
10	Study · level 10	The students learn another example without thinking. We never explain the correct pronunciation. My brother remembers the correct pronunciation every week.||Do the children review this difficult language? The students never remember this difficult language. The children explain our weekly homework every week.||The children learn a clear explanation without thinking. We always explain another example together. The students remember the third chapter.||The children always remember the third chapter together. The students explain a clear explanation. The children rarely remember our weekly homework.
10	Study · level 10	My parents read the correct pronunciation without thinking. The children never finish the third chapter. The students always review this difficult language together.||My friends explain another example. He finishes a clear explanation without thinking. The children rarely remember our weekly homework.||They remember this difficult language every week. The children learn the correct pronunciation. My brother rarely practices a clear explanation.||The children never explain the third chapter. The children explain our weekly homework every week. The students always review another example together.
10	Study · level 10	The students remember the third chapter. The students always explain this difficult language together. She practices the correct pronunciation without thinking.||My friends rarely explain this difficult language. The children review the correct pronunciation on Thursday. My father never practices another example.||He finishes a clear explanation without thinking. The teacher rarely remembers the third chapter. The students always review another example together.||The students explain a clear explanation. The children explain our weekly homework every week. The teacher never explains the first question.
10	Study · level 10	My brother remembers the correct pronunciation every week. My brother rarely practices a clear explanation. My father never practices another example.||The children explain our weekly homework every week. The teacher never explains the first question. The students always review this difficult language together.||She rarely reviews this difficult language. My mother reviews another example without thinking. The children learn the correct pronunciation.||The students explain a clear explanation. My brother remembers these long words without thinking. The children always remember the third chapter together.
10	Study · level 10	Do the children review this difficult language? The students remember a clear explanation without thinking. My friends explain another example.||They remember this difficult language every week. The students always review another example together. My mother explains our weekly homework without thinking.||My brother rarely reviews the correct pronunciation. The children always practice the correct pronunciation together. My mother never explains a clear explanation.||The children never explain the third chapter. The students remember the third chapter. The children rarely remember our weekly homework.
10	Study · level 10	The children explain our weekly homework every week. My brother rarely practices a clear explanation. The students review our weekly homework without thinking.||My friends review the third chapter without thinking. Do the children review this difficult language? My father never practices another example.||My parents always remember the correct pronunciation together. The children review the correct pronunciation on Thursday. They practice this difficult language.||The students always review another example together. The children never read the third chapter. The students explain a clear explanation.
10	Study · level 10	The children always practice the correct pronunciation together. He finishes a clear explanation without thinking. He never explains another example.||They practice the first question without thinking. The children explain our weekly homework every week. They practice this difficult language.||The teacher rarely remembers the third chapter. My friends explain another example. My parents always remember the correct pronunciation together.||The children never explain the third chapter. They remember this difficult language every week. My brother rarely practices a clear explanation.
10	Study · level 10	The students practice another example without thinking. She rarely reviews this difficult language. My brother reviews the correct pronunciation every week.||My brother finishes our weekly homework without thinking. The children read the correct pronunciation. The children explain our weekly homework every week.||The children never finish the third chapter. The students remember the third chapter. We always explain another example together.||The students always review this difficult language together. My mother never explains a clear explanation. My brother rarely practices a clear explanation.
10	Study · level 10	My friends rarely explain this difficult language. My mother reviews another example. The teacher learns our weekly homework without thinking.||My father practices this difficult language without thinking. The teacher rarely explains another example. The children never explain the third chapter.||The children explain our weekly homework every week. The teacher never explains the first question. The students explain a clear explanation.||My brother remembers the correct pronunciation every week. My parents always explain the third chapter together. The children review the correct pronunciation on Thursday.
