WORD	health	θ as in think
WORD	the	ð as in this
WORD	page	ʒ as in measure
WORD	for	ɹ as in red
WORD	links	ŋ as in sing
WORD	search	ɚ as in teacher
WORD	have	v as in van
WORD	was	w as in water
WORD	should	ʃ as in ship
WORD	can	æ as in cat
WORD	but	ʌ as in cup
WORD	point	ɔɪ as in boy
WORD	about	aʊ as in now
WORD	good	ʊ as in book
WORD	all	l as in look
WORD	news	z as in zebra
WORD	you	j as in yellow
WORD	off	ɔ as in thought
WORD	been	ɪ as in sit
WORD	any	i as in see
WORD	new	u as in food
WORD	may	eɪ as in day
WORD	time	aɪ as in my
WORD	home	oʊ as in go
WORD	through	θ as in think
WORD	that	ð as in this
WORD	just	ʒ as in measure
WORD	are	ɹ as in red
WORD	using	ŋ as in sing
WORD	our	ɚ as in teacher
WORD	view	v as in van
WORD	will	w as in water
WORD	such	ʃ as in ship
WORD	has	æ as in cat
WORD	some	ʌ as in cup
WORD	points	ɔɪ as in boy
WORD	out	aʊ as in now
WORD	books	ʊ as in book
WORD	only	l as in look
WORD	his	z as in zebra
WORD	use	j as in yellow
WORD	office	ɔ as in thought
WORD	its	ɪ as in sit
WORD	see	i as in see
WORD	who	u as in food
WORD	date	eɪ as in day
WORD	site	aɪ as in my
WORD	most	oʊ as in go
WORD	south	θ as in think
WORD	this	ð as in this
WORD	message	ʒ as in measure
WORD	from	ɹ as in red
WORD	shipping	ŋ as in sing
WORD	information	ɚ as in teacher
WORD	available	v as in van
WORD	one	w as in water
WORD	each	ʃ as in ship
WORD	contact	æ as in cat
WORD	public	ʌ as in cup
WORD	toys	ɔɪ as in boy
WORD	now	aʊ as in now
WORD	book	ʊ as in book
WORD	also	l as in look
WORD	business	z as in zebra
WORD	united	j as in yellow
WORD	oct	ɔ as in thought
WORD	into	ɪ as in sit
WORD	need	i as in see
WORD	two	u as in food
WORD	name	eɪ as in day
WORD	find	aɪ as in my
WORD	post	oʊ as in go
WORD	both	θ as in think
WORD	with	ð as in this
WORD	jan	ʒ as in measure
WORD	your	ɹ as in red
WORD	long	ŋ as in sing
WORD	first	ɚ as in teacher
WORD	video	v as in van
WORD	what	w as in water
WORD	she	ʃ as in ship
WORD	back	æ as in cat
WORD	company	ʌ as in cup
WORD	oil	ɔɪ as in boy
WORD	how	aʊ as in now
WORD	full	ʊ as in book
WORD	help	l as in look
WORD	used	z as in zebra
WORD	community	j as in yellow
WORD	aug	ɔ as in thought
WORD	system	ɪ as in sit
WORD	many	i as in see
WORD	students	u as in food
WORD	state	eɪ as in day
WORD	buy	aɪ as in my
WORD	know	oʊ as in go
WORD	three	θ as in think
WORD	other	ð as in this
WORD	general	ʒ as in measure
WORD	more	ɹ as in red
WORD	being	ŋ as in sing
WORD	were	ɚ as in teacher
WORD	development	v as in van
WORD	which	w as in water
WORD	national	ʃ as in ship
WORD	had	æ as in cat
WORD	does	ʌ as in cup
WORD	employment	ɔɪ as in boy
WORD	found	aʊ as in now
WORD	could	ʊ as in book
WORD	online	l as in look
WORD	music	z as in zebra
WORD	usa	j as in yellow
WORD	talk	ɔ as in thought
WORD	city	ɪ as in sit
WORD	ebay	i as in see
WORD	food	u as in food
WORD	day	eɪ as in day
WORD	high	aɪ as in my
WORD	phone	oʊ as in go
WORD	without	θ as in think
WORD	they	ð as in this
WORD	january	ʒ as in measure
WORD	free	ɹ as in red
WORD	link	ŋ as in sing
WORD	services	ɚ as in teacher
WORD	dvd	v as in van
WORD	when	w as in water
WORD	show	ʃ as in ship
WORD	last	æ as in cat
WORD	must	ʌ as in cup
WORD	boy	ɔɪ as in boy
WORD	house	aʊ as in now
WORD	look	ʊ as in book
WORD	click	l as in look
WORD	items	z as in zebra
WORD	human	j as in yellow
WORD	auto	ɔ as in thought
WORD	info	ɪ as in sit
WORD	media	i as in see
WORD	too	u as in food
WORD	data	eɪ as in day
WORD	item	aɪ as in my
WORD	code	oʊ as in go
WORD	think	θ as in think
WORD	their	ð as in this
WORD	management	ʒ as in measure
WORD	here	ɹ as in red
WORD	following	ŋ as in sing
WORD	service	ɚ as in teacher
WORD	even	v as in van
WORD	web	w as in water
WORD	check	ʃ as in ship
WORD	add	æ as in cat
WORD	money	ʌ as in cup
WORD	employees	ɔɪ as in boy
WORD	county	aʊ as in now
WORD	put	ʊ as in book
WORD	like	l as in look
WORD	games	z as in zebra
WORD	yes	j as in yellow
WORD	often	ɔ as in thought
WORD	did	ɪ as in sit
WORD	teen	i as in see
WORD	student	u as in food
WORD	make	eɪ as in day
WORD	type	aɪ as in my
WORD	open	oʊ as in go
WORD	north	θ as in think
WORD	there	ð as in this
WORD	education	ʒ as in measure
WORD	price	ɹ as in red
WORD	including	ŋ as in sing
WORD	over	ɚ as in teacher
WORD	level	v as in van
WORD	would	w as in water
WORD	special	ʃ as in ship
WORD	map	æ as in cat
WORD	come	ʌ as in cup
WORD	boys	ɔɪ as in boy
WORD	down	aʊ as in now
WORD	took	ʊ as in book
WORD	people	l as in look
WORD	days	z as in zebra
WORD	yahoo	j as in yellow
WORD	dog	ɔ as in thought
WORD	posted	ɪ as in sit
WORD	team	i as in see
WORD	due	u as in food
WORD	made	eɪ as in day
WORD	sign	aɪ as in my
WORD	own	oʊ as in go
WORD	author	θ as in think
WORD	these	ð as in this
WORD	subject	ʒ as in measure
WORD	year	ɹ as in red
WORD	shopping	ŋ as in sing
WORD	world	ɚ as in teacher
WORD	events	v as in van
WORD	well	w as in water
WORD	much	ʃ as in ship
WORD	family	æ as in cat
WORD	study	ʌ as in cup
WORD	employee	ɔɪ as in boy
WORD	download	aʊ as in now
WORD	input	ʊ as in book
WORD	list	l as in look
WORD	because	z as in zebra
WORD	few	j as in yellow
WORD	saw	ɔ as in thought
WORD	index	ɪ as in sit
WORD	key	i as in see
WORD	soon	u as in food
WORD	take	eɪ as in day
WORD	guide	aɪ as in my
WORD	photo	oʊ as in go
WORD	thread	θ as in think
WORD	than	ð as in this
WORD	technology	ʒ as in measure
WORD	products	ɹ as in red
WORD	listing	ŋ as in sing
WORD	work	ɚ as in teacher
WORD	love	v as in van
WORD	way	w as in water
WORD	section	ʃ as in ship
WORD	black	æ as in cat
WORD	club	ʌ as in cup
WORD	illinois	ɔɪ as in boy
WORD	account	aʊ as in now
WORD	football	ʊ as in book
WORD	email	l as in look
WORD	design	z as in zebra
WORD	yet	j as in yellow
WORD	gone	ɔ as in thought
WORD	him	ɪ as in sit
WORD	body	i as in see
WORD	tue	u as in food
WORD	states	eɪ as in day
WORD	sites	aɪ as in my
WORD	posts	oʊ as in go
WORD	things	θ as in think
WORD	them	ð as in this
WORD	project	ʒ as in measure
WORD	product	ɹ as in red
WORD	english	ŋ as in sing
WORD	her	ɚ as in teacher
WORD	visit	v as in van
WORD	want	w as in water
WORD	shop	ʃ as in ship
WORD	access	æ as in cat
WORD	sun	ʌ as in cup
WORD	toy	ɔɪ as in boy
WORD	council	aʊ as in now
WORD	goods	ʊ as in book
WORD	policy	l as in look
WORD	systems	z as in zebra
WORD	document	j as in yellow
WORD	austin	ɔ as in thought
WORD	big	ɪ as in sit
WORD	east	i as in see
WORD	knew	u as in food
WORD	based	eɪ as in day
WORD	science	aɪ as in my
WORD	note	oʊ as in go
WORD	something	θ as in think
WORD	then	ð as in this
WORD	pages	ʒ as in measure
WORD	copyright	ɹ as in red
WORD	going	ŋ as in sing
WORD	number	ɚ as in teacher
WORD	save	v as in van
WORD	between	w as in water
WORD	location	ʃ as in ship
WORD	class	æ as in cat
WORD	london	ʌ as in cup
WORD	noise	ɔɪ as in boy
WORD	downloads	aʊ as in now
WORD	fully	ʊ as in book
WORD	please	l as in look
WORD	size	z as in zebra
WORD	unit	j as in yellow
WORD	costa	ɔ as in thought
WORD	since	ɪ as in sit
WORD	audio	i as in see
WORD	constitutes	u as in food
WORD	today	eɪ as in day
WORD	side	aɪ as in my
WORD	notice	oʊ as in go
WORD	month	θ as in think
WORD	those	ð as in this
WORD	version	ʒ as in measure
WORD	support	ɹ as in red
WORD	looking	ŋ as in sing
WORD	after	ɚ as in teacher
WORD	movies	v as in van
WORD	website	w as in water
WORD	shall	ʃ as in ship
WORD	man	æ as in cat
WORD	become	ʌ as in cup
WORD	soil	ɔɪ as in boy
WORD	sound	aʊ as in now
WORD	looks	ʊ as in book
WORD	school	l as in look
WORD	times	z as in zebra
WORD	beauty	j as in yellow
WORD	audit	ɔ as in thought
WORD	estate	ɪ as in sit
WORD	keep	i as in see
WORD	whom	u as in food
WORD	case	eɪ as in day
WORD	night	aɪ as in my
WORD	ago	oʊ as in go
WORD	months	θ as in think
WORD	within	ð as in this
WORD	change	ʒ as in measure
WORD	software	ɹ as in red
WORD	working	ŋ as in sing
WORD	user	ɚ as in teacher
WORD	value	v as in van
WORD	women	w as in water
WORD	conditions	ʃ as in ship
WORD	canada	æ as in cat
WORD	companies	ʌ as in cup
WORD	employed	ɔɪ as in boy
WORD	amount	aʊ as in now
WORD	foot	ʊ as in book
WORD	mail	l as in look
WORD	photos	z as in zebra
WORD	continue	j as in yellow
WORD	honda	ɔ as in thought
WORD	topic	ɪ as in sit
WORD	baby	i as in see
WORD	moon	u as in food
WORD	same	eɪ as in day
WORD	might	aɪ as in my
WORD	known	oʊ as in go
WORD	thing	θ as in think
WORD	another	ð as in this
WORD	digital	ʒ as in measure
WORD	where	ɹ as in red
WORD	young	ŋ as in sing
WORD	under	ɚ as in teacher
WORD	advanced	v as in van
WORD	while	w as in water
WORD	action	ʃ as in ship
WORD	plan	æ as in cat
WORD	fun	ʌ as in cup
WORD	appointed	ɔɪ as in boy
WORD	town	aʊ as in now
WORD	looked	ʊ as in book
WORD	life	l as in look
WORD	easy	z as in zebra
WORD	menu	j as in yellow
WORD	taught	ɔ as in thought
WORD	gift	ɪ as in sit
WORD	society	i as in see
WORD	onto	u as in food
WORD	game	eɪ as in day
WORD	types	aɪ as in my
WORD	notes	oʊ as in go
WORD	third	θ as in think
WORD	others	ð as in this
WORD	john	ʒ as in measure
WORD	rights	ɹ as in red
WORD	single	ŋ as in sing
WORD	university	ɚ as in teacher
WORD	live	v as in van
WORD	white	w as in water
WORD	application	ʃ as in ship
WORD	staff	æ as in cat
WORD	studies	ʌ as in cup
WORD	appointment	ɔɪ as in boy
WORD	discount	aʊ as in now
WORD	cook	ʊ as in book
WORD	hotel	l as in look
WORD	needs	z as in zebra
WORD	union	j as in yellow
WORD	talks	ɔ as in thought
WORD	committee	ɪ as in sit
WORD	safety	i as in see
WORD	newest	u as in food
WORD	main	eɪ as in day
WORD	mind	aɪ as in my
WORD	hope	oʊ as in go
WORD	thanks	θ as in think
WORD	further	ð as in this
WORD	image	ʒ as in measure
WORD	review	ɹ as in red
WORD	building	ŋ as in sing
WORD	center	ɚ as in teacher
WORD	movie	v as in van
WORD	why	w as in water
WORD	issues	ʃ as in ship
WORD	san	æ as in cat
WORD	done	ʌ as in cup
WORD	coins	ɔɪ as in boy
WORD	outside	aʊ as in now
WORD	notebook	ʊ as in book
WORD	details	l as in look
WORD	means	z as in zebra
WORD	documents	j as in yellow
WORD	mod	ɔ as in thought
WORD	updated	ɪ as in sit
WORD	meet	i as in see
WORD	gnu	u as in food
WORD	gay	eɪ as in day
WORD	fine	aɪ as in my
WORD	mon	oʊ as in go
WORD	everything	θ as in think
WORD	whether	ð as in this
WORD	college	ʒ as in measure
WORD	years	ɹ as in red
WORD	making	ŋ as in sing
WORD	member	ɚ as in teacher
WORD	above	v as in van
WORD	quality	w as in water
WORD	financial	ʃ as in ship
WORD	feedback	æ as in cat
WORD	adult	ʌ as in cup
WORD	pointed	ɔɪ as in boy
WORD	allow	aʊ as in now
WORD	bulletin	ʊ as in book
WORD	line	l as in look
WORD	says	z as in zebra
WORD	unique	j as in yellow
WORD	aud	ɔ as in thought
WORD	specific	ɪ as in sit
WORD	sony	i as in see
WORD	assume	u as in food
WORD	say	eɪ as in day
WORD	kind	aɪ as in my
WORD	mode	oʊ as in go
WORD	methods	θ as in think
WORD	weather	ð as in this
WORD	jobs	ʒ as in measure
WORD	order	ɹ as in red
WORD	washington	ŋ as in sing
WORD	terms	ɚ as in teacher
WORD	give	v as in van
WORD	west	w as in water
WORD	social	ʃ as in ship
WORD	tax	æ as in cat
WORD	plus	ʌ as in cup
WORD	coin	ɔɪ as in boy
WORD	output	aʊ as in now
WORD	textbooks	ʊ as in book
WORD	hotels	l as in look
WORD	kids	z as in zebra
WORD	units	j as in yellow
WORD	saudi	ɔ as in thought
WORD	tickets	ɪ as in sit
WORD	speed	i as in see
WORD	boot	u as in food
WORD	payment	eɪ as in day
WORD	nice	aɪ as in my
WORD	focus	oʊ as in go
WORD	method	θ as in think
WORD	either	ð as in this
WORD	job	ʒ as in measure
WORD	very	ɹ as in red
WORD	meeting	ŋ as in sing
WORD	internet	ɚ as in teacher
WORD	activities	v as in van
WORD	windows	w as in water
WORD	options	ʃ as in ship
WORD	act	æ as in cat
WORD	none	ʌ as in cup
WORD	deployment	ɔɪ as in boy
WORD	mountain	aʊ as in now
WORD	pull	ʊ as in book
WORD	local	l as in look
WORD	cases	z as in zebra
WORD	opinion	j as in yellow
WORD	automated	ɔ as in thought
WORD	minutes	ɪ as in sit
WORD	mean	i as in see
WORD	suit	u as in food
WORD	pay	eɪ as in day
WORD	eye	aɪ as in my
WORD	mexico	oʊ as in go
WORD	death	θ as in think
WORD	together	ð as in this
WORD	join	ʒ as in measure
WORD	privacy	ɹ as in red
WORD	learning	ŋ as in sing
WORD	members	ɚ as in teacher
WORD	nov	v as in van
WORD	week	w as in water
WORD	additional	ʃ as in ship
WORD	example	æ as in cat
WORD	enough	ʌ as in cup
WORD	toilet	ɔɪ as in boy
WORD	allows	aʊ as in now
WORD	cookies	ʊ as in book
WORD	file	l as in look
WORD	designed	z as in zebra
WORD	usb	j as in yellow
WORD	offset	ɔ as in thought
WORD	gifts	ɪ as in sit
WORD	copy	i as in see
WORD	boots	u as in food
WORD	space	eɪ as in day
WORD	modified	aɪ as in my
WORD	components	oʊ as in go
WORD	thought	θ as in think
WORD	though	ð as in this
WORD	large	ʒ as in measure
WORD	read	ɹ as in red
WORD	having	ŋ as in sing
WORD	power	ɚ as in teacher
WORD	given	v as in van
WORD	questions	w as in water
WORD	issue	ʃ as in ship
WORD	status	æ as in cat
WORD	stuff	ʌ as in cup
WORD	oils	ɔɪ as in boy
WORD	allowed	aʊ as in now
WORD	notebooks	ʊ as in book
WORD	total	l as in look
WORD	season	z as in zebra
WORD	continued	j as in yellow
WORD	sought	ɔ as in thought
WORD	topics	ɪ as in sit
WORD	seen	i as in see
WORD	tube	u as in food
WORD	database	eɪ as in day
WORD	ohio	aɪ as in my
WORD	host	oʊ as in go
WORD	growth	θ as in think
WORD	although	ð as in this
WORD	register	ʒ as in measure
WORD	group	ɹ as in red
WORD	living	ŋ as in sing
WORD	network	ɚ as in teacher
WORD	event	v as in van
WORD	equipment	w as in water
WORD	china	ʃ as in ship
WORD	analysis	æ as in cat
WORD	monday	ʌ as in cup
WORD	lloyd	ɔɪ as in boy
WORD	accounts	aʊ as in now
WORD	lookup	ʊ as in book
WORD	place	l as in look
WORD	names	z as in zebra
WORD	abuse	j as in yellow
WORD	dawn	ɔ as in thought
WORD	tips	ɪ as in sit
WORD	needed	i as in see
WORD	stupid	u as in food
WORD	statement	eɪ as in day
WORD	specified	aɪ as in my
WORD	unknown	oʊ as in go
WORD	anything	θ as in think
WORD	rather	ð as in this
WORD	june	ʒ as in measure
WORD	research	ɹ as in red
WORD	planning	ŋ as in sing
WORD	computer	ɚ as in teacher
WORD	david	v as in van
WORD	quote	w as in water
WORD	child	ʃ as in ship
WORD	fax	æ as in cat
WORD	income	ʌ as in cup
WORD	floyd	ɔɪ as in boy
WORD	count	aʊ as in now
WORD	cookie	ʊ as in book
WORD	law	l as in look
WORD	teens	z as in zebra
WORD	houston	j as in yellow
WORD	sauce	ɔ as in thought
WORD	economic	ɪ as in sit
WORD	casino	i as in see
WORD	boost	u as in food
WORD	update	eɪ as in day
WORD	mike	aɪ as in my
WORD	coast	oʊ as in go
WORD	nothing	θ as in think
WORD	clothing	ð as in this
WORD	july	ʒ as in measure
WORD	reviews	ɹ as in red
WORD	hosting	ŋ as in sing
WORD	per	ɚ as in teacher
WORD	five	v as in van
WORD	question	w as in water
WORD	discussion	ʃ as in ship
WORD	hand	æ as in cat
WORD	double	ʌ as in cup
WORD	appointments	ɔɪ as in boy
WORD	mount	aʊ as in now
WORD	hook	ʊ as in book
WORD	small	l as in look
WORD	zip	z as in zebra
WORD	utah	j as in yellow
WORD	coupon	ɔ as in thought
WORD	submit	ɪ as in sit
WORD	pdf	i as in see
WORD	duke	u as in food
WORD	domain	eɪ as in day
WORD	die	aɪ as in my
WORD	stone	oʊ as in go
WORD	length	θ as in think
WORD	therefore	ð as in this
WORD	language	ʒ as in measure
WORD	program	ɹ as in red
WORD	function	ŋ as in sing
WORD	current	ɚ as in teacher
WORD	via	v as in van
WORD	always	w as in water
WORD	edition	ʃ as in ship
WORD	added	æ as in cat
WORD	sunday	ʌ as in cup
WORD	cowboy	ɔɪ as in boy
WORD	mouse	aʊ as in now
WORD	stood	ʊ as in book
WORD	old	l as in look
WORD	tuesday	z as in zebra
WORD	unix	j as in yellow
WORD	dos	ɔ as in thought
WORD	india	ɪ as in sit
WORD	cnet	i as in see
WORD	assumed	u as in food
WORD	makes	eɪ as in day
WORD	highest	aɪ as in my
WORD	component	oʊ as in go
WORD	thursday	θ as in think
WORD	thus	ð as in this
WORD	age	ʒ as in measure
WORD	part	ɹ as in red
WORD	getting	ŋ as in sing
WORD	water	ɚ as in teacher
WORD	videos	v as in van
WORD	welcome	w as in water
WORD	association	ʃ as in ship
WORD	ask	æ as in cat
WORD	fund	ʌ as in cup
WORD	employ	ɔɪ as in boy
WORD	sounds	aʊ as in now
WORD	hood	ʊ as in book
WORD	call	l as in look
WORD	phones	z as in zebra
WORD	continuous	j as in yellow
WORD	autumn	ɔ as in thought
WORD	basic	ɪ as in sit
WORD	idea	i as in see
WORD	mood	u as in food
WORD	taken	eɪ as in day
WORD	guy	aɪ as in my
WORD	moment	oʊ as in go
WORD	smith	θ as in think
WORD	mother	ð as in this
WORD	changes	ʒ as in measure
WORD	great	ɹ as in red
WORD	bank	ŋ as in sing
WORD	history	ɚ as in teacher
WORD	active	v as in van
WORD	away	w as in water
WORD	collection	ʃ as in ship
WORD	past	æ as in cat
WORD	button	ʌ as in cup
WORD	disappointed	ɔɪ as in boy
WORD	houses	aʊ as in now
WORD	pulled	ʊ as in book
WORD	title	l as in look
WORD	ideas	z as in zebra
WORD	que	j as in yellow
WORD	talked	ɔ as in thought
WORD	effects	ɪ as in sit
WORD	feed	i as in see
WORD	goto	u as in food
WORD	face	eɪ as in day
WORD	diet	aɪ as in my
WORD	snow	oʊ as in go
WORD	thank	θ as in think
WORD	northern	ð as in this
WORD	range	ʒ as in measure
WORD	real	ɹ as in red
WORD	advertising	ŋ as in sing
WORD	pictures	ɚ as in teacher
WORD	availability	v as in van
WORD	once	w as in water
WORD	solutions	ʃ as in ship
WORD	land	æ as in cat
WORD	custom	ʌ as in cup
WORD	poison	ɔɪ as in boy
WORD	amounts	aʊ as in now
WORD	puts	ʊ as in book
WORD	still	l as in look
WORD	homes	z as in zebra
WORD	cute	j as in yellow
WORD	audi	ɔ as in thought
WORD	bit	ɪ as in sit
WORD	sea	i as in see
WORD	sue	u as in food
WORD	base	eɪ as in day
WORD	ice	aɪ as in my
WORD	owned	oʊ as in go
WORD	earth	θ as in think
WORD	otherwise	ð as in this
WORD	major	ʒ as in measure
WORD	store	ɹ as in red
WORD	listings	ŋ as in sing
WORD	personal	ɚ as in teacher
WORD	activity	v as in van
WORD	window	w as in water
WORD	beach	ʃ as in ship
WORD	finance	æ as in cat
WORD	multiple	ʌ as in cup
WORD	institute	ɪ as in sit
WORD	nokia	i as in see
WORD	suicide	u as in food
WORD	stay	eɪ as in day
WORD	diamond	aɪ as in my
WORD	boat	oʊ as in go
WORD	authority	θ as in think
WORD	southern	ð as in this
WORD	energy	ʒ as in measure
WORD	travel	ɹ as in red
WORD	along	ŋ as in sing
WORD	directory	ɚ as in teacher
WORD	views	v as in van
WORD	watch	w as in water
WORD	official	ʃ as in ship
WORD	bad	æ as in cat
WORD	comes	ʌ as in cup
WORD	announced	aʊ as in now
WORD	bull	ʊ as in book
WORD	little	l as in look
WORD	cause	z as in zebra
WORD	cpu	j as in yellow
WORD	ought	ɔ as in thought
WORD	benefits	ɪ as in sit
WORD	feet	i as in see
WORD	costume	u as in food
WORD	bay	eɪ as in day
WORD	signed	aɪ as in my
WORD	dakota	oʊ as in go
WORD	authors	θ as in think
WORD	father	ð as in this
WORD	journal	ʒ as in measure
WORD	report	ɹ as in red
WORD	among	ŋ as in sing
WORD	government	ɚ as in teacher
WORD	effective	v as in van
WORD	weight	w as in water
WORD	applications	ʃ as in ship
WORD	fast	æ as in cat
WORD	paypal	ʌ as in cup
WORD	household	aʊ as in now
WORD	scsi	ʊ as in book
WORD	tools	l as in look
WORD	disease	z as in zebra
WORD	toyota	j as in yellow
WORD	naughty	ɔ as in thought
WORD	effect	ɪ as in sit
WORD	canadian	i as in see
WORD	tune	u as in food
WORD	came	eɪ as in day
WORD	ipod	aɪ as in my
WORD	noted	oʊ as in go
WORD	youth	θ as in think
WORD	themselves	ð as in this
WORD	images	ʒ as in measure
WORD	before	ɹ as in red
WORD	kingdom	ŋ as in sing
WORD	hours	ɚ as in teacher
WORD	believe	v as in van
WORD	wide	w as in water
WORD	cheap	ʃ as in ship
WORD	fact	æ as in cat
WORD	blood	ʌ as in cup
WORD	bound	aʊ as in now
WORD	cookbook	ʊ as in book
WORD	low	l as in look
WORD	cities	z as in zebra
WORD	tissue	j as in yellow
WORD	hawk	ɔ as in thought
WORD	inside	ɪ as in sit
WORD	deep	i as in see
WORD	soup	u as in food
WORD	safe	eɪ as in day
WORD	identify	aɪ as in my
WORD	bonus	oʊ as in go
WORD	throughout	θ as in think
WORD	leather	ð as in this
WORD	original	ʒ as in measure
WORD	right	ɹ as in red
WORD	doing	ŋ as in sing
WORD	every	ɚ as in teacher
WORD	volume	v as in van
WORD	quick	w as in water
WORD	choose	ʃ as in ship
WORD	magazine	æ as in cat
WORD	cut	ʌ as in cup
WORD	outlet	aʊ as in now
WORD	inputs	ʊ as in book
WORD	include	l as in look
WORD	guides	z as in zebra
WORD	yoga	j as in yellow
WORD	cos	ɔ as in thought
WORD	six	ɪ as in sit
WORD	maybe	i as in see
WORD	noon	u as in food
WORD	paid	eɪ as in day
WORD	died	aɪ as in my
WORD	scope	oʊ as in go
WORD	theory	θ as in think
WORD	brother	ð as in this
WORD	messages	ʒ as in measure
WORD	results	ɹ as in red
WORD	king	ŋ as in sing
WORD	customer	ɚ as in teacher
WORD	executive	v as in van
WORD	someone	w as in water
WORD	position	ʃ as in ship
WORD	half	æ as in cat
WORD	son	ʌ as in cup
WORD	discounts	aʊ as in now
WORD	bullet	ʊ as in book
WORD	sale	l as in look
WORD	uses	z as in zebra
WORD	deputy	j as in yellow
WORD	fought	ɔ as in thought
WORD	bid	ɪ as in sit
WORD	medium	i as in see
WORD	newton	u as in food
WORD	basis	eɪ as in day
WORD	icon	aɪ as in my
WORD	opened	oʊ as in go
WORD	worth	θ as in think
WORD	netherlands	ð as in this
WORD	average	ʒ as in measure
WORD	car	ɹ as in red
WORD	taking	ŋ as in sing
WORD	december	ɚ as in teacher
WORD	advice	v as in van
WORD	anyone	w as in water
WORD	published	ʃ as in ship
WORD	annual	æ as in cat
WORD	funds	ʌ as in cup
WORD	downtown	aʊ as in now
WORD	textbook	ʊ as in book
WORD	sales	l as in look
WORD	seems	z as in zebra
WORD	cuba	j as in yellow
WORD	moss	ɔ as in thought
WORD	statistics	ɪ as in sit
WORD	fee	i as in see
WORD	constitute	u as in food
WORD	takes	eɪ as in day
WORD	identified	aɪ as in my
WORD	node	oʊ as in go
WORD	monthly	θ as in think
WORD	clothes	ð as in this
WORD	region	ʒ as in measure
WORD	address	ɹ as in red
WORD	coming	ŋ as in sing
WORD	different	ɚ as in teacher
WORD	leave	v as in van
WORD	wish	w as in water
WORD	shows	ʃ as in ship
WORD	album	æ as in cat
WORD	multi	ʌ as in cup
WORD	doubt	aʊ as in now
WORD	mumbai	ʊ as in book
WORD	left	l as in look
WORD	contains	z as in zebra
WORD	communicate	j as in yellow
WORD	plans	æ as in cat
WORD	sub	ʌ as in cup
WORD	outlook	aʊ as in now
WORD	likelihood	ʊ as in book
WORD	select	l as in look
WORD	fees	z as in zebra
WORD	kenya	j as in yellow
WORD	inn	ɪ as in sit
WORD	studio	i as in see
WORD	tucson	u as in food
WORD	maintenance	eɪ as in day
WORD	bytes	aɪ as in my
WORD	episode	oʊ as in go
WORD	path	θ as in think
WORD	neither	ð as in this
WORD	individual	ʒ as in measure
WORD	area	ɹ as in red
WORD	england	ŋ as in sing
WORD	learn	ɚ as in teacher
WORD	move	v as in van
WORD	weeks	w as in water
WORD	chat	ʃ as in ship
WORD	asked	æ as in cat
WORD	columbia	ʌ as in cup
WORD	counties	aʊ as in now
WORD	cooked	ʊ as in book
WORD	table	l as in look
WORD	businesses	z as in zebra
WORD	dispute	j as in yellow
WORD	associated	ɪ as in sit
WORD	isbn	i as in see
WORD	suits	u as in food
WORD	spain	eɪ as in day
WORD	fight	aɪ as in my
WORD	demo	oʊ as in go
WORD	thinking	θ as in think
WORD	brothers	ð as in this
WORD	usually	ʒ as in measure
WORD	reserved	ɹ as in red
WORD	song	ŋ as in sing
WORD	around	ɚ as in teacher
WORD	values	v as in van
WORD	woman	w as in water
WORD	html	ʃ as in ship
WORD	gas	æ as in cat
WORD	cup	ʌ as in cup
WORD	pounds	aʊ as in now
WORD	layout	aʊ as in now
WORD	model	l as in look
WORD	eyes	z as in zebra
WORD	acute	j as in yellow
WORD	independent	ɪ as in sit
WORD	associates	i as in see
WORD	nuke	u as in food
WORD	aid	eɪ as in day
WORD	height	aɪ as in my
WORD	oak	oʊ as in go
WORD	thousands	θ as in think
WORD	smooth	ð as in this
WORD	projects	ʒ as in measure
WORD	forum	ɹ as in red
WORD	inc	ŋ as in sing
WORD	gallery	ɚ as in teacher
WORD	investment	v as in van
WORD	went	w as in water
WORD	shoes	ʃ as in ship
WORD	sat	æ as in cat
WORD	couple	ʌ as in cup
WORD	lbs	aʊ as in now
WORD	medical	l as in look
WORD	sometimes	z as in zebra
WORD	occupied	j as in yellow
WORD	kit	ɪ as in sit
WORD	peace	i as in see
WORD	boom	u as in food
WORD	updates	eɪ as in day
WORD	combined	aɪ as in my
WORD	focused	oʊ as in go
WORD	therapy	θ as in think
WORD	algorithm	ð as in this
WORD	germany	ʒ as in measure
WORD	prices	ɹ as in red
WORD	operating	ŋ as in sing
WORD	however	ɚ as in teacher
WORD	levels	v as in van
WORD	wednesday	w as in water
WORD	cash	ʃ as in ship
WORD	capital	æ as in cat
WORD	discuss	ʌ as in cup
WORD	mountains	aʊ as in now
WORD	play	l as in look
WORD	goes	z as in zebra
WORD	yamaha	j as in yellow
WORD	distance	ɪ as in sit
WORD	piece	i as in see
WORD	oops	u as in food
WORD	naked	eɪ as in day
WORD	mine	aɪ as in my
WORD	echo	oʊ as in go
WORD	thoughts	θ as in think
WORD	thou	ð as in this
WORD	james	ʒ as in measure
WORD	sports	ɹ as in red
WORD	wedding	ŋ as in sing
WORD	october	ɚ as in teacher
WORD	voice	v as in van
WORD	wed	w as in water
WORD	commission	ʃ as in ship
WORD	sample	æ as in cat
WORD	bus	ʌ as in cup
WORD	counts	aʊ as in now
WORD	complete	l as in look
WORD	museum	z as in zebra
WORD	executed	j as in yellow
WORD	significant	ɪ as in sit
WORD	coffee	i as in see
WORD	soonest	u as in food
WORD	pain	eɪ as in day
WORD	sky	aɪ as in my
WORD	bone	oʊ as in go
WORD	theme	θ as in think
WORD	furthermore	ð as in this
WORD	knowledge	ʒ as in measure
WORD	related	ɹ as in red
WORD	existing	ŋ as in sing
WORD	november	ɚ as in teacher
WORD	developed	v as in van
WORD	win	w as in water
WORD	condition	ʃ as in ship
WORD	band	æ as in cat
WORD	bug	ʌ as in cup
WORD	counsel	aʊ as in now
WORD	below	l as in look
WORD	zone	z as in zebra
WORD	execute	j as in yellow
WORD	bin	ɪ as in sit
WORD	techniques	i as in see
WORD	una	u as in food
WORD	saint	eɪ as in day
WORD	hide	aɪ as in my
WORD	tone	oʊ as in go
WORD	birth	θ as in think
WORD	gathering	ð as in this
WORD	jun	ʒ as in measure
WORD	security	ɹ as in red
WORD	housing	ŋ as in sing
WORD	features	ɚ as in teacher
WORD	navigation	v as in van
WORD	wanted	w as in water
WORD	selection	ʃ as in ship
WORD	maps	æ as in cat
WORD	multimedia	ʌ as in cup
WORD	cloudy	aʊ as in now
WORD	mobile	l as in look
WORD	whose	z as in zebra
WORD	unity	j as in yellow
WORD	instead	ɪ as in sit
WORD	ibm	i as in see
WORD	foo	u as in food
WORD	dates	eɪ as in day
WORD	nine	aɪ as in my
WORD	smoke	oʊ as in go
WORD	faith	θ as in think
WORD	thereof	ð as in this
WORD	registered	ʒ as in measure
WORD	american	ɹ as in red
WORD	teaching	ŋ as in sing
WORD	accessories	ɚ as in teacher
WORD	evidence	v as in van
WORD	william	w as in water
WORD	solution	ʃ as in ship
WORD	glass	æ as in cat
WORD	clubs	ʌ as in cup
WORD	announcement	aʊ as in now
WORD	less	l as in look
WORD	communities	z as in zebra
WORD	immune	j as in yellow
WORD	fitness	ɪ as in sit
WORD	heat	i as in see
WORD	duo	u as in food
WORD	statements	eɪ as in day
WORD	assigned	aɪ as in my
WORD	modem	oʊ as in go
WORD	truth	θ as in think
WORD	algorithms	ð as in this
WORD	manager	ʒ as in measure
WORD	care	ɹ as in red
WORD	testing	ŋ as in sing
WORD	september	ɚ as in teacher
WORD	valley	v as in van
WORD	wall	w as in water
WORD	addition	ʃ as in ship
WORD	happy	æ as in cat
WORD	funny	ʌ as in cup
WORD	founded	aʊ as in now
WORD	blog	l as in look
WORD	sciences	z as in zebra
WORD	humidity	j as in yellow
WORD	assistance	ɪ as in sit
WORD	seem	i as in see
WORD	dude	u as in food
WORD	named	eɪ as in day
WORD	bike	aɪ as in my
WORD	dose	oʊ as in go
WORD	theatre	θ as in think
WORD	thy	ð as in this
WORD	engineering	ʒ as in measure
WORD	resources	ɹ as in red
WORD	leading	ŋ as in sing
WORD	better	ɚ as in teacher
WORD	involved	v as in van
WORD	quite	w as in water
WORD	bush	ʃ as in ship
WORD	animal	æ as in cat
WORD	adults	ʌ as in cup
WORD	pound	aʊ as in now
WORD	login	l as in look
WORD	phase	z as in zebra
WORD	documented	j as in yellow
WORD	skin	ɪ as in sit
WORD	diego	i as in see
WORD	scuba	u as in food
WORD	dedicated	eɪ as in day
WORD	guidance	aɪ as in my
WORD	boats	oʊ as in go
WORD	depth	θ as in think
WORD	mothers	ð as in this
WORD	storage	ʒ as in measure
WORD	control	ɹ as in red
WORD	dating	ŋ as in sing
WORD	server	ɚ as in teacher
WORD	vote	v as in van
WORD	wine	w as in water
WORD	machine	ʃ as in ship
WORD	anti	æ as in cat
WORD	ups	ʌ as in cup
WORD	towns	aʊ as in now
WORD	let	l as in look
WORD	seconds	z as in zebra
WORD	unified	j as in yellow
WORD	indian	ɪ as in sit
WORD	associate	i as in see
WORD	undo	u as in food
WORD	obtained	eɪ as in day
WORD	notify	aɪ as in my
WORD	folk	oʊ as in go
WORD	bath	θ as in think
WORD	heather	ð as in this
WORD	japan	ʒ as in measure
WORD	art	ɹ as in red
WORD	mailing	ŋ as in sing
WORD	never	ɚ as in teacher
WORD	valid	v as in van
WORD	ways	w as in water
WORD	actually	ʃ as in ship
WORD	impact	æ as in cat
WORD	null	ʌ as in cup
WORD	mounted	aʊ as in now
WORD	legal	l as in look
WORD	designated	z as in zebra
WORD	queue	j as in yellow
WORD	expected	ɪ as in sit
WORD	duty	i as in see
WORD	doom	u as in food
WORD	maintain	eɪ as in day
WORD	idaho	aɪ as in my
WORD	ghost	oʊ as in go
WORD	theater	θ as in think
WORD	paths	ð as in this
WORD	agency	ʒ as in measure
WORD	board	ɹ as in red
WORD	longer	ŋ as in sing
WORD	users	ɚ as in teacher
WORD	positive	v as in van
WORD	wood	w as in water
WORD	shown	ʃ as in ship
WORD	classic	æ as in cat
WORD	ultimate	ʌ as in cup
WORD	outline	aʊ as in now
WORD	sell	l as in look
WORD	guys	z as in zebra
WORD	debut	j as in yellow
WORD	pacific	ɪ as in sit
WORD	speak	i as in see
WORD	dubai	u as in food
WORD	payments	eɪ as in day
WORD	modify	aɪ as in my
WORD	toe	oʊ as in go
WORD	healthy	θ as in think
WORD	gathered	ð as in this
WORD	package	ʒ as in measure
WORD	rating	ɹ as in red
WORD	buying	ŋ as in sing
WORD	standard	ɚ as in teacher
WORD	develop	v as in van
WORD	quotes	w as in water
WORD	flash	ʃ as in ship
WORD	command	æ as in cat
WORD	becomes	ʌ as in cup
WORD	announce	aʊ as in now
WORD	field	l as in look
WORD	cds	z as in zebra
WORD	cube	j as in yellow
WORD	behind	ɪ as in sit
WORD	tennessee	i as in see
WORD	scoop	u as in food
WORD	estimated	eɪ as in day
WORD	nights	aɪ as in my
WORD	folks	oʊ as in go
WORD	birthday	θ as in think
WORD	nevertheless	ð as in this
WORD	engine	ʒ as in measure
WORD	rate	ɹ as in red
WORD	functions	ŋ as in sing
WORD	person	ɚ as in teacher
WORD	van	v as in van
WORD	watches	w as in water
WORD	choice	ʃ as in ship
WORD	maximum	æ as in cat
WORD	kentucky	ʌ as in cup
WORD	cloud	aʊ as in now
WORD	latest	l as in look
WORD	codes	z as in zebra
WORD	yea	j as in yellow
WORD	hit	ɪ as in sit
WORD	scene	i as in see
WORD	bouquet	u as in food
WORD	eight	eɪ as in day
WORD	tonight	aɪ as in my
WORD	noticed	oʊ as in go
WORD	math	θ as in think
WORD	thee	ð as in this
WORD	regional	ʒ as in measure
SENTENCE	Please explain the third chapter slowly.	connected speech — study
SENTENCE	We never plan our summer holiday.	connected speech — travel
SENTENCE	I review these long words without thinking.	connected speech — study
SENTENCE	Do I plan the earlier train?	connected speech — travel
SENTENCE	She reviews the whole lesson without thinking.	connected speech — study
SENTENCE	My sister will discuss a clear decision tomorrow.	connected speech — work
SENTENCE	The teacher wants the shopping list.	connected speech — daily
SENTENCE	She reviews these important messages.	connected speech — work
SENTENCE	My sister will plan a cheaper flight tomorrow.	connected speech — travel
SENTENCE	Please book the whole journey slowly.	connected speech — travel
SENTENCE	My mother rarely misses another route.	connected speech — travel
SENTENCE	We rarely order fresh vegetables.	connected speech — food
SENTENCE	Please share another difficult problem slowly.	connected speech — work
SENTENCE	They need the usual routine because it is easier.	connected speech — daily
SENTENCE	They finish these warm clothes.	connected speech — daily
SENTENCE	The children book the earlier train.	connected speech — travel
SENTENCE	They eat the whole chicken every week.	connected speech — food
SENTENCE	They cook a large breakfast without thinking.	connected speech — food
SENTENCE	We plan the whole journey in the morning.	connected speech — travel
SENTENCE	He reviews a clear explanation.	connected speech — study
SENTENCE	My friends miss the northern railway.	connected speech — travel
SENTENCE	Do I learn the correct pronunciation?	connected speech — study
SENTENCE	Please review the whole project slowly.	connected speech — work
SENTENCE	The students share the usual sandwich.	connected speech — food
SENTENCE	My sister reviews a clear decision without thinking.	connected speech — work
SENTENCE	My father orders the usual sandwich.	connected speech — food
SENTENCE	Do we finish another difficult problem?	connected speech — work
SENTENCE	Do I eat a large breakfast?	connected speech — food
SENTENCE	My mother rarely reviews a short break.	connected speech — work
SENTENCE	My father schedules a short break.	connected speech — work
SENTENCE	They rarely book the northern railway.	connected speech — travel
SENTENCE	My parents review the right answer because it is easier.	connected speech — study
SENTENCE	My parents enjoy a quiet evening in the morning.	connected speech — daily
SENTENCE	They need a quiet evening because it is easier.	connected speech — daily
SENTENCE	My father finishes the weekly meeting every week.	connected speech — work
SENTENCE	The students read this difficult language without thinking.	connected speech — study
SENTENCE	The teacher reads the third chapter because it is easier.	connected speech — study
SENTENCE	The students always order these ripe cherries together.	connected speech — food
SENTENCE	My brother will remember the northern railway tomorrow.	connected speech — travel
SENTENCE	Do we finish a short break?	connected speech — work
SENTENCE	Do the children remember another route?	connected speech — travel
SENTENCE	The children always choose a cheaper flight together.	connected speech — travel
SENTENCE	The students enjoy fresh vegetables because it is easier.	connected speech — food
SENTENCE	My father cancels a window seat.	connected speech — travel
SENTENCE	My mother remembers a short walk because it is easier.	connected speech — daily
SENTENCE	My mother will miss the long road trip tomorrow.	connected speech — travel
SENTENCE	The children eat the sweet dessert every week.	connected speech — food
SENTENCE	The students always remember a cheaper flight together.	connected speech — travel
SENTENCE	The children will cook the usual sandwich tomorrow.	connected speech — food
SENTENCE	My sister reviews a clear decision in the morning.	connected speech — work
SENTENCE	My friends cancel the office move.	connected speech — work
SENTENCE	They finish a quiet evening in the morning.	connected speech — daily
SENTENCE	They prepare the usual sandwich because it is easier.	connected speech — food
SENTENCE	He rarely chooses the return ticket.	connected speech — travel
SENTENCE	She chooses a cheaper flight.	connected speech — travel
SENTENCE	The students always want the weather report together.	connected speech — daily
SENTENCE	We schedule these important messages because it is easier.	connected speech — work
SENTENCE	My brother remembers another route on Thursday.	connected speech — travel
SENTENCE	The children always remember another cup of coffee together.	connected speech — daily
SENTENCE	They enjoy three thin slices of bread without thinking.	connected speech — daily
SENTENCE	My mother books a window seat every week.	connected speech — travel
SENTENCE	My friends never review a clear decision.	connected speech — work
SENTENCE	She rarely eats a large breakfast.	connected speech — food
SENTENCE	My mother shares these important messages.	connected speech — work
SENTENCE	Do they finish the right answer?	connected speech — study
SENTENCE	My father chooses another route in the morning.	connected speech — travel
SENTENCE	My parents always book the northern railway together.	connected speech — travel
SENTENCE	The teacher prepares three separate reports because it is easier.	connected speech — work
SENTENCE	I read our weekly homework without thinking.	connected speech — study
SENTENCE	The teacher schedules the office move in the morning.	connected speech — work
SENTENCE	The children review the correct pronunciation on Thursday.	connected speech — study
SENTENCE	The students remember another hotel because it is easier.	connected speech — travel
SENTENCE	She remembers the third chapter every week.	connected speech — study
SENTENCE	Please share three yellow lemons slowly.	connected speech — food
SENTENCE	My parents always cancel these important messages together.	connected speech — work
SENTENCE	Please review the correct pronunciation slowly.	connected speech — study
SENTENCE	We read a clear explanation because it is easier.	connected speech — study
SENTENCE	My sister rarely orders a large breakfast.	connected speech — food
SENTENCE	Please finish these warm clothes slowly.	connected speech — daily
SENTENCE	I buy the sweet dessert in the morning.	connected speech — food
SENTENCE	She rarely reviews this difficult language.	connected speech — study
SENTENCE	They remember another cup of coffee every week.	connected speech — daily
SENTENCE	The children learn the correct pronunciation.	connected speech — study
SENTENCE	She never finishes a clear decision.	connected speech — work
SENTENCE	He never books our summer holiday.	connected speech — travel
SENTENCE	We enjoy warm soup every week.	connected speech — food
SENTENCE	My father rarely prepares these ripe cherries.	connected speech — food
SENTENCE	Do my parents finish the whole project?	connected speech — work
SENTENCE	We remember a window seat because it is easier.	connected speech — travel
SENTENCE	The children never finish the third chapter.	connected speech — study
SENTENCE	Please buy the whole chicken slowly.	connected speech — food
SENTENCE	My friends share a large breakfast every week.	connected speech — food
SENTENCE	Do I share the whole chicken?	connected speech — food
SENTENCE	My father prepares the weekly meeting.	connected speech — work
SENTENCE	My mother reviews this difficult language on Thursday.	connected speech — study
SENTENCE	My brother will want a short walk tomorrow.	connected speech — daily
SENTENCE	The teacher remembers the earlier train without thinking.	connected speech — travel
SENTENCE	My parents miss a window seat in the morning.	connected speech — travel
SENTENCE	We never enjoy another chocolate.	connected speech — food
SENTENCE	The teacher shares three separate reports on Thursday.	connected speech — work
SENTENCE	She wants a quiet evening.	connected speech — daily
SENTENCE	We always explain another example together.	connected speech — study
SENTENCE	My parents never cancel our regular schedule.	connected speech — work
SENTENCE	Please schedule the weekly meeting slowly.	connected speech — work
SENTENCE	We always enjoy a short walk together.	connected speech — daily
SENTENCE	The children rarely remember the northern railway.	connected speech — travel
SENTENCE	I always miss another hotel together.	connected speech — travel
SENTENCE	My brother will order three yellow lemons tomorrow.	connected speech — food
SENTENCE	My sister cancels our summer holiday every week.	connected speech — travel
SENTENCE	My father will buy fresh vegetables tomorrow.	connected speech — food
SENTENCE	My brother rarely plans the return ticket.	connected speech — travel
SENTENCE	Do we remember the whole journey?	connected speech — travel
SENTENCE	My parents plan a cheaper flight because it is easier.	connected speech — travel
SENTENCE	Please eat the sweet dessert slowly.	connected speech — food
SENTENCE	My father chooses the return ticket because it is easier.	connected speech — travel
SENTENCE	My mother rarely orders warm soup.	connected speech — food
SENTENCE	My father never finishes these long words.	connected speech — study
SENTENCE	My parents learn this difficult language every week.	connected speech — study
SENTENCE	My mother remembers a healthy breakfast on Thursday.	connected speech — daily
SENTENCE	The students never learn our weekly homework.	connected speech — study
SENTENCE	I will enjoy these warm clothes tomorrow.	connected speech — daily
SENTENCE	My father books the northern railway every week.	connected speech — travel
SENTENCE	We buy a large breakfast in the morning.	connected speech — food
SENTENCE	I rarely practice another example.	connected speech — study
SENTENCE	The children cook a healthy salad because it is easier.	connected speech — food
SENTENCE	My father wants the morning news without thinking.	connected speech — daily
SENTENCE	He chooses the return ticket on Thursday.	connected speech — travel
SENTENCE	They remember three thin slices of bread.	connected speech — daily
SENTENCE	I want three thin slices of bread every week.	connected speech — daily
SENTENCE	My parents enjoy the usual routine because it is easier.	connected speech — daily
SENTENCE	I will review the weekly meeting tomorrow.	connected speech — work
SENTENCE	They finish these long words because it is easier.	connected speech — study
SENTENCE	The teacher shares the shared folder without thinking.	connected speech — work
SENTENCE	Do I share the sweet dessert?	connected speech — food
SENTENCE	My friends never finish our regular schedule.	connected speech — work
SENTENCE	My brother orders a large breakfast every week.	connected speech — food
SENTENCE	The teacher never enjoys a cheaper flight.	connected speech — travel
SENTENCE	The students will review the right answer tomorrow.	connected speech — study
SENTENCE	She rarely prepares a large breakfast.	connected speech — food
SENTENCE	Please discuss the shared folder slowly.	connected speech — work
SENTENCE	We cook another chocolate because it is easier.	connected speech — food
SENTENCE	My parents choose a window seat on Thursday.	connected speech — travel
SENTENCE	He enjoys a healthy salad.	connected speech — food
SENTENCE	They prepare the whole chicken.	connected speech — food
SENTENCE	My father cancels a window seat in the morning.	connected speech — travel
SENTENCE	He misses the whole journey on Thursday.	connected speech — travel
SENTENCE	The teacher will plan our summer holiday tomorrow.	connected speech — travel
SENTENCE	Do the students explain a clear explanation?	connected speech — study
SENTENCE	The teacher never finishes the morning news.	connected speech — daily
SENTENCE	My father practices another example every week.	connected speech — study
SENTENCE	My mother cancels the shared folder without thinking.	connected speech — work
SENTENCE	My parents always discuss the shared folder together.	connected speech — work
SENTENCE	I never miss a cheaper flight.	connected speech — travel
SENTENCE	The students never schedule the weekly meeting.	connected speech — work
SENTENCE	My brother never discusses the office move.	connected speech — work
SENTENCE	Do my friends discuss the weekly meeting?	connected speech — work
SENTENCE	My father never cooks fresh vegetables.	connected speech — food
SENTENCE	The students rarely enjoy three yellow lemons.	connected speech — food
SENTENCE	He books a cheaper flight on Thursday.	connected speech — travel
SENTENCE	The teacher practices the right answer on Thursday.	connected speech — study
SENTENCE	I learn these long words on Thursday.	connected speech — study
SENTENCE	My friends prepare another chocolate every week.	connected speech — food
SENTENCE	Do we share a large breakfast?	connected speech — food
SENTENCE	Please plan another hotel slowly.	connected speech — travel
SENTENCE	She will read the correct pronunciation tomorrow.	connected speech — study
SENTENCE	My brother misses the whole journey.	connected speech — travel
SENTENCE	The children remember the correct pronunciation because it is easier.	connected speech — study
SENTENCE	My brother enjoys a short walk without thinking.	connected speech — daily
SENTENCE	My father needs the shopping list in the morning.	connected speech — daily
SENTENCE	The children review these important messages on Thursday.	connected speech — work
SENTENCE	My sister shares the shared folder on Thursday.	connected speech — work
SENTENCE	My brother enjoys these ripe cherries without thinking.	connected speech — food
SENTENCE	My mother discusses the office move because it is easier.	connected speech — work
SENTENCE	The students never remember this difficult language.	connected speech — study
SENTENCE	My sister wants the shopping list on Thursday.	connected speech — daily
SENTENCE	We always review the first question together.	connected speech — study
SENTENCE	They rarely discuss the shared folder.	connected speech — work
SENTENCE	The students book another hotel on Thursday.	connected speech — travel
SENTENCE	My sister never finishes the shared folder.	connected speech — work
SENTENCE	She never finishes the right answer.	connected speech — study
SENTENCE	I review another example every week.	connected speech — study
SENTENCE	My brother never shares the sweet dessert.	connected speech — food
SENTENCE	I enjoy a healthy breakfast.	connected speech — daily
SENTENCE	My mother rarely finishes a healthy breakfast.	connected speech — daily
SENTENCE	The teacher will share another difficult problem tomorrow.	connected speech — work
SENTENCE	My mother books another route without thinking.	connected speech — travel
SENTENCE	The students always finish another difficult problem together.	connected speech — work
SENTENCE	They share our regular schedule in the morning.	connected speech — work
SENTENCE	My brother cancels the office move because it is easier.	connected speech — work
SENTENCE	My mother will read another example tomorrow.	connected speech — study
SENTENCE	My sister practices a clear explanation on Thursday.	connected speech — study
SENTENCE	My brother prepares a short break on Thursday.	connected speech — work
SENTENCE	My father practices our weekly homework in the morning.	connected speech — study
SENTENCE	My brother never discusses a clear decision.	connected speech — work
SENTENCE	Please buy fresh vegetables slowly.	connected speech — food
SENTENCE	The teacher cooks these ripe cherries without thinking.	connected speech — food
SENTENCE	My parents never plan the long road trip.	connected speech — travel
SENTENCE	The teacher remembers the morning news without thinking.	connected speech — daily
SENTENCE	My mother never eats a healthy salad.	connected speech — food
SENTENCE	My mother rarely explains our weekly homework.	connected speech — study
SENTENCE	My brother finishes three separate reports.	connected speech — work
SENTENCE	My parents never remember a quiet evening.	connected speech — daily
SENTENCE	The students always prepare the whole chicken together.	connected speech — food
SENTENCE	I always miss another route together.	connected speech — travel
SENTENCE	My brother misses another hotel every week.	connected speech — travel
SENTENCE	Please cook a large breakfast slowly.	connected speech — food
SENTENCE	The students explain this difficult language without thinking.	connected speech — study
SENTENCE	My father will practice this difficult language tomorrow.	connected speech — study
SENTENCE	The teacher discusses three separate reports in the morning.	connected speech — work
SENTENCE	My mother never orders warm soup.	connected speech — food
SENTENCE	My parents enjoy another hotel.	connected speech — travel
SENTENCE	My father rarely reviews the right answer.	connected speech — study
SENTENCE	Do the children plan the northern railway?	connected speech — travel
SENTENCE	He orders the usual sandwich on Thursday.	connected speech — food
SENTENCE	Do I enjoy a healthy salad?	connected speech — food
SENTENCE	He rarely remembers another route.	connected speech — travel
SENTENCE	My father schedules our regular schedule.	connected speech — work
SENTENCE	They prepare another difficult problem in the morning.	connected speech — work
SENTENCE	They always prepare fresh vegetables together.	connected speech — food
SENTENCE	The teacher finishes another example in the morning.	connected speech — study
SENTENCE	He buys three yellow lemons without thinking.	connected speech — food
SENTENCE	My brother enjoys a window seat on Thursday.	connected speech — travel
SENTENCE	We review the whole project in the morning.	connected speech — work
SENTENCE	We finish the third chapter.	connected speech — study
SENTENCE	My sister reads these long words in the morning.	connected speech — study
SENTENCE	We enjoy a short walk because it is easier.	connected speech — daily
SENTENCE	My mother enjoys the morning news in the morning.	connected speech — daily
SENTENCE	The children book the earlier train because it is easier.	connected speech — travel
SENTENCE	The teacher finishes another example on Thursday.	connected speech — study
SENTENCE	I will eat another chocolate tomorrow.	connected speech — food
SENTENCE	The children always remember the weather report together.	connected speech — daily
SENTENCE	My parents plan the whole journey on Thursday.	connected speech — travel
SENTENCE	They always choose the northern railway together.	connected speech — travel
SENTENCE	My parents cook warm soup every week.	connected speech — food
SENTENCE	The teacher reviews the first question because it is easier.	connected speech — study
SENTENCE	The teacher rarely prepares three separate reports.	connected speech — work
SENTENCE	My mother learns the whole lesson in the morning.	connected speech — study
SENTENCE	The children choose a window seat without thinking.	connected speech — travel
SENTENCE	My friends remember a cheaper flight.	connected speech — travel
SENTENCE	Please practice the third chapter slowly.	connected speech — study
SENTENCE	My brother remembers a quiet evening on Thursday.	connected speech — daily
SENTENCE	The teacher finishes a clear explanation.	connected speech — study
SENTENCE	He never shares the shared folder.	connected speech — work
SENTENCE	Please practice these long words slowly.	connected speech — study
SENTENCE	My mother rarely enjoys another cup of coffee.	connected speech — daily
SENTENCE	My mother explains the whole lesson in the morning.	connected speech — study
SENTENCE	My brother chooses the northern railway.	connected speech — travel
SENTENCE	The children rarely finish a quiet evening.	connected speech — daily
SENTENCE	My friends always cook the sweet dessert together.	connected speech — food
SENTENCE	Do the children finish these long words?	connected speech — study
SENTENCE	My mother remembers another hotel without thinking.	connected speech — travel
SENTENCE	My father buys the usual sandwich in the morning.	connected speech — food
SENTENCE	My friends review three separate reports because it is easier.	connected speech — work
SENTENCE	The children practice these long words because it is easier.	connected speech — study
SENTENCE	My father rarely explains the third chapter.	connected speech — study
SENTENCE	My sister cancels the earlier train in the morning.	connected speech — travel
SENTENCE	My friends never need the morning news.	connected speech — daily
SENTENCE	The students miss the earlier train on Thursday.	connected speech — travel
SENTENCE	We never choose a window seat.	connected speech — travel
SENTENCE	My parents miss the long road trip every week.	connected speech — travel
SENTENCE	My brother explains these long words in the morning.	connected speech — study
SENTENCE	She rarely prepares these important messages.	connected speech — work
SENTENCE	My father discusses a short break in the morning.	connected speech — work
SENTENCE	We never explain the correct pronunciation.	connected speech — study
SENTENCE	My mother orders warm soup in the morning.	connected speech — food
SENTENCE	My parents remember these warm clothes every week.	connected speech — daily
SENTENCE	Do my parents prepare the whole project?	connected speech — work
SENTENCE	She prepares fresh vegetables every week.	connected speech — food
SENTENCE	My brother explains these long words.	connected speech — study
SENTENCE	My parents need the shopping list every week.	connected speech — daily
SENTENCE	My sister remembers the whole lesson because it is easier.	connected speech — study
SENTENCE	We always remember a quiet evening together.	connected speech — daily
SENTENCE	I explain the correct pronunciation without thinking.	connected speech — study
SENTENCE	Please learn the third chapter slowly.	connected speech — study
SENTENCE	She misses another hotel on Thursday.	connected speech — travel
SENTENCE	My sister cancels our summer holiday in the morning.	connected speech — travel
SENTENCE	My brother wants the shopping list without thinking.	connected speech — daily
SENTENCE	My father will enjoy the whole chicken tomorrow.	connected speech — food
SENTENCE	She rarely enjoys these ripe cherries.	connected speech — food
SENTENCE	The children schedule the office move because it is easier.	connected speech — work
SENTENCE	My friends never share the whole chicken.	connected speech — food
SENTENCE	My sister will book another route tomorrow.	connected speech — travel
SENTENCE	My mother learns this difficult language without thinking.	connected speech — study
SENTENCE	Do the students enjoy the northern railway?	connected speech — travel
SENTENCE	The students plan the return ticket on Thursday.	connected speech — travel
SENTENCE	He reads the whole lesson.	connected speech — study
SENTENCE	My mother prepares a healthy salad without thinking.	connected speech — food
SENTENCE	Do the students review the right answer?	connected speech — study
SENTENCE	Please cancel another hotel slowly.	connected speech — travel
SENTENCE	She cancels the whole project.	connected speech — work
SENTENCE	The children learn the right answer every week.	connected speech — study
SENTENCE	He learns a clear explanation.	connected speech — study
SENTENCE	My mother enjoys a window seat every week.	connected speech — travel
SENTENCE	She enjoys the usual sandwich because it is easier.	connected speech — food
SENTENCE	My brother reviews a clear explanation without thinking.	connected speech — study
SENTENCE	The children plan the northern railway because it is easier.	connected speech — travel
SENTENCE	They choose our summer holiday on Thursday.	connected speech — travel
SENTENCE	My father enjoys a window seat because it is easier.	connected speech — travel
SENTENCE	I schedule the shared folder.	connected speech — work
SENTENCE	They rarely schedule our regular schedule.	connected speech — work
SENTENCE	I enjoy the sweet dessert on Thursday.	connected speech — food
SENTENCE	The students never remember another hotel.	connected speech — travel
SENTENCE	He cancels a clear decision without thinking.	connected speech — work
SENTENCE	I never finish these warm clothes.	connected speech — daily
SENTENCE	My father practices the right answer because it is easier.	connected speech — study
SENTENCE	My brother enjoys three thin slices of bread every week.	connected speech — daily
SENTENCE	My mother will schedule the shared folder tomorrow.	connected speech — work
SENTENCE	Do the students share these important messages?	connected speech — work
SENTENCE	My brother never chooses the long road trip.	connected speech — travel
SENTENCE	Do the children explain the first question?	connected speech — study
SENTENCE	He cancels the northern railway without thinking.	connected speech — travel
SENTENCE	She enjoys a large breakfast because it is easier.	connected speech — food
SENTENCE	My parents always finish the right answer together.	connected speech — study
SENTENCE	She rarely remembers the whole journey.	connected speech — travel
SENTENCE	I share the whole project without thinking.	connected speech — work
SENTENCE	My father explains our weekly homework on Thursday.	connected speech — study
SENTENCE	My parents never eat fresh vegetables.	connected speech — food
SENTENCE	My parents always remember the correct pronunciation together.	connected speech — study
SENTENCE	She needs a short walk in the morning.	connected speech — daily
SENTENCE	My parents always explain these long words together.	connected speech — study
SENTENCE	My brother misses the northern railway every week.	connected speech — travel
SENTENCE	My friends miss the whole journey without thinking.	connected speech — travel
SENTENCE	The students cook the sweet dessert.	connected speech — food
SENTENCE	Do my friends prepare a large breakfast?	connected speech — food
SENTENCE	They cancel the earlier train because it is easier.	connected speech — travel
SENTENCE	My mother buys a healthy salad in the morning.	connected speech — food
SENTENCE	My sister cancels the whole project without thinking.	connected speech — work
SENTENCE	My friends read the right answer without thinking.	connected speech — study
SENTENCE	The children explain the right answer every week.	connected speech — study
SENTENCE	They buy a healthy salad on Thursday.	connected speech — food
SENTENCE	The children will practice the right answer tomorrow.	connected speech — study
SENTENCE	They buy fresh vegetables every week.	connected speech — food
SENTENCE	My brother remembers these long words without thinking.	connected speech — study
SENTENCE	The students never finish a short break.	connected speech — work
SENTENCE	My father buys three yellow lemons because it is easier.	connected speech — food
SENTENCE	My father rarely enjoys a healthy breakfast.	connected speech — daily
SENTENCE	Do they review a clear explanation?	connected speech — study
SENTENCE	Do the students prepare another chocolate?	connected speech — food
SENTENCE	My friends rarely explain this difficult language.	connected speech — study
SENTENCE	My sister finishes another example every week.	connected speech — study
SENTENCE	My friends will miss the return ticket tomorrow.	connected speech — travel
SENTENCE	They always want the usual routine together.	connected speech — daily
SENTENCE	Do they cancel the earlier train?	connected speech — travel
SENTENCE	The teacher rarely cancels the whole project.	connected speech — work
SENTENCE	The teacher rarely orders the sweet dessert.	connected speech — food
SENTENCE	My father finishes the third chapter because it is easier.	connected speech — study
SENTENCE	My friends always finish the third chapter together.	connected speech — study
SENTENCE	He reads this difficult language on Thursday.	connected speech — study
SENTENCE	Do they want these warm clothes?	connected speech — daily
SENTENCE	Do they share fresh vegetables?	connected speech — food
SENTENCE	My friends enjoy fresh vegetables every week.	connected speech — food
SENTENCE	The students want another cup of coffee because it is easier.	connected speech — daily
SENTENCE	My mother rarely orders the whole chicken.	connected speech — food
SENTENCE	My brother will prepare three yellow lemons tomorrow.	connected speech — food
SENTENCE	I prepare three separate reports every week.	connected speech — work
SENTENCE	My sister never eats the sweet dessert.	connected speech — food
SENTENCE	Do my friends share the weekly meeting?	connected speech — work
SENTENCE	My sister will finish a healthy breakfast tomorrow.	connected speech — daily
SENTENCE	My sister cooks the sweet dessert every week.	connected speech — food
SENTENCE	My mother finishes the usual routine.	connected speech — daily
SENTENCE	My father reviews the office move.	connected speech — work
SENTENCE	They cancel the northern railway because it is easier.	connected speech — travel
SENTENCE	My sister rarely reviews a clear decision.	connected speech — work
SENTENCE	They want another cup of coffee every week.	connected speech — daily
SENTENCE	My mother never remembers a cheaper flight.	connected speech — travel
SENTENCE	Do the students share three yellow lemons?	connected speech — food
SENTENCE	My friends review this difficult language every week.	connected speech — study
SENTENCE	My father buys the usual sandwich every week.	connected speech — food
SENTENCE	He rarely finishes the correct pronunciation.	connected speech — study
SENTENCE	My mother explains the first question on Thursday.	connected speech — study
SENTENCE	They always prepare another difficult problem together.	connected speech — work
SENTENCE	My father never practices another example.	connected speech — study
SENTENCE	I rarely book another hotel.	connected speech — travel
SENTENCE	She remembers the northern railway on Thursday.	connected speech — travel
SENTENCE	Do my friends share the whole project?	connected speech — work
SENTENCE	The children remember these long words every week.	connected speech — study
SENTENCE	Do the children cancel the northern railway?	connected speech — travel
SENTENCE	My friends discuss a clear decision because it is easier.	connected speech — work
SENTENCE	My sister enjoys the weather report without thinking.	connected speech — daily
SENTENCE	My sister will order a healthy salad tomorrow.	connected speech — food
SENTENCE	We always explain our weekly homework together.	connected speech — study
SENTENCE	My brother reviews the whole lesson on Thursday.	connected speech — study
SENTENCE	My friends need three thin slices of bread.	connected speech — daily
SENTENCE	My sister needs three thin slices of bread without thinking.	connected speech — daily
SENTENCE	The students rarely order these ripe cherries.	connected speech — food
SENTENCE	The teacher shares these ripe cherries every week.	connected speech — food
SENTENCE	Please prepare our regular schedule slowly.	connected speech — work
SENTENCE	My brother orders a healthy salad because it is easier.	connected speech — food
SENTENCE	My sister finishes the first question without thinking.	connected speech — study
SENTENCE	My friends explain another example.	connected speech — study
SENTENCE	They share these ripe cherries in the morning.	connected speech — food
SENTENCE	Please finish the right answer slowly.	connected speech — study
SENTENCE	My father chooses the northern railway in the morning.	connected speech — travel
SENTENCE	We will cancel the shared folder tomorrow.	connected speech — work
SENTENCE	My parents buy a large breakfast.	connected speech — food
SENTENCE	The children book another route because it is easier.	connected speech — travel
SENTENCE	She needs a healthy breakfast on Thursday.	connected speech — daily
SENTENCE	The children always plan the earlier train together.	connected speech — travel
SENTENCE	My friends rarely practice these long words.	connected speech — study
SENTENCE	We review the shared folder without thinking.	connected speech — work
SENTENCE	My friends will review these long words tomorrow.	connected speech — study
SENTENCE	My mother enjoys the weather report because it is easier.	connected speech — daily
SENTENCE	Do they finish the whole lesson?	connected speech — study
SENTENCE	Please review the third chapter slowly.	connected speech — study
SENTENCE	She rarely cancels our regular schedule.	connected speech — work
SENTENCE	My parents remember the morning news on Thursday.	connected speech — daily
SENTENCE	My parents learn the right answer.	connected speech — study
SENTENCE	They never cancel the return ticket.	connected speech — travel
SENTENCE	My father never remembers a healthy breakfast.	connected speech — daily
SENTENCE	The teacher rarely explains another example.	connected speech — study
SENTENCE	My friends need a short walk without thinking.	connected speech — daily
SENTENCE	He never remembers the right answer.	connected speech — study
SENTENCE	My sister reviews the first question every week.	connected speech — study
SENTENCE	My mother finishes another cup of coffee in the morning.	connected speech — daily
SENTENCE	Please prepare a clear decision slowly.	connected speech — work
SENTENCE	We practice the third chapter every week.	connected speech — study
SENTENCE	The children always remember three thin slices of bread together.	connected speech — daily
SENTENCE	Do my parents buy three yellow lemons?	connected speech — food
SENTENCE	Do my friends buy the whole chicken?	connected speech — food
SENTENCE	He prepares our regular schedule because it is easier.	connected speech — work
SENTENCE	She learns the correct pronunciation because it is easier.	connected speech — study
SENTENCE	I want the usual routine because it is easier.	connected speech — daily
SENTENCE	Please practice another example slowly.	connected speech — study
SENTENCE	The students prepare a short break.	connected speech — work
SENTENCE	My mother reviews another example without thinking.	connected speech — study
SENTENCE	My friends enjoy these ripe cherries in the morning.	connected speech — food
SENTENCE	Please choose our summer holiday slowly.	connected speech — travel
SENTENCE	My friends learn the first question because it is easier.	connected speech — study
SENTENCE	They will prepare warm soup tomorrow.	connected speech — food
SENTENCE	I cook a healthy salad on Thursday.	connected speech — food
SENTENCE	My friends explain the whole lesson on Thursday.	connected speech — study
SENTENCE	The children finish the whole project in the morning.	connected speech — work
SENTENCE	He rarely plans the northern railway.	connected speech — travel
SENTENCE	My sister remembers the long road trip.	connected speech — travel
SENTENCE	Please read a clear explanation slowly.	connected speech — study
SENTENCE	My parents share a healthy salad.	connected speech — food
SENTENCE	Do we buy these ripe cherries?	connected speech — food
SENTENCE	Please cancel the office move slowly.	connected speech — work
SENTENCE	He never enjoys a healthy breakfast.	connected speech — daily
SENTENCE	We prepare a healthy salad in the morning.	connected speech — food
SENTENCE	The students will review this difficult language tomorrow.	connected speech — study
SENTENCE	My father rarely finishes the whole lesson.	connected speech — study
SENTENCE	My parents prepare the office move without thinking.	connected speech — work
SENTENCE	The students never buy the usual sandwich.	connected speech — food
SENTENCE	My father explains the third chapter because it is easier.	connected speech — study
SENTENCE	My friends enjoy the whole journey.	connected speech — travel
SENTENCE	She wants the morning news.	connected speech — daily
SENTENCE	The teacher finishes the whole project because it is easier.	connected speech — work
SENTENCE	My parents discuss these important messages because it is easier.	connected speech — work
SENTENCE	She enjoys another route in the morning.	connected speech — travel
SENTENCE	We rarely buy a healthy salad.	connected speech — food
SENTENCE	My mother never learns another example.	connected speech — study
SENTENCE	My parents want the shopping list because it is easier.	connected speech — daily
SENTENCE	Please practice the whole lesson slowly.	connected speech — study
SENTENCE	Please miss the earlier train slowly.	connected speech — travel
SENTENCE	She shares a clear decision every week.	connected speech — work
SENTENCE	My father never finishes a quiet evening.	connected speech — daily
SENTENCE	Do I schedule a clear decision?	connected speech — work
SENTENCE	My sister remembers the right answer.	connected speech — study
SENTENCE	The students rarely choose a cheaper flight.	connected speech — travel
SENTENCE	He never practices this difficult language.	connected speech — study
SENTENCE	My brother enjoys three thin slices of bread because it is easier.	connected speech — daily
SENTENCE	My father remembers the earlier train because it is easier.	connected speech — travel
SENTENCE	My brother never reviews the weekly meeting.	connected speech — work
SENTENCE	I will want the shopping list tomorrow.	connected speech — daily
SENTENCE	We share our regular schedule because it is easier.	connected speech — work
SENTENCE	I cancel a short break on Thursday.	connected speech — work
SENTENCE	He reviews our regular schedule because it is easier.	connected speech — work
SENTENCE	My parents eat a healthy salad because it is easier.	connected speech — food
SENTENCE	I enjoy another chocolate in the morning.	connected speech — food
SENTENCE	The teacher explains our weekly homework because it is easier.	connected speech — study
SENTENCE	My parents remember the weather report without thinking.	connected speech — daily
SENTENCE	She chooses the earlier train.	connected speech — travel
SENTENCE	The students rarely review these long words.	connected speech — study
SENTENCE	She wants another cup of coffee without thinking.	connected speech — daily
SENTENCE	My parents will read the whole lesson tomorrow.	connected speech — study
SENTENCE	We cook another chocolate every week.	connected speech — food
SENTENCE	My friends remember the first question on Thursday.	connected speech — study
SENTENCE	My friends buy warm soup in the morning.	connected speech — food
SENTENCE	Do we remember these long words?	connected speech — study
SENTENCE	They will remember a clear explanation tomorrow.	connected speech — study
SENTENCE	My friends order a healthy salad every week.	connected speech — food
SENTENCE	The children share a healthy salad because it is easier.	connected speech — food
SENTENCE	He misses another route every week.	connected speech — travel
SENTENCE	My parents finish a healthy breakfast on Thursday.	connected speech — daily
SENTENCE	Do the children review another difficult problem?	connected speech — work
SENTENCE	I eat warm soup every week.	connected speech — food
SENTENCE	My friends rarely cook the usual sandwich.	connected speech — food
SENTENCE	The children practice our weekly homework without thinking.	connected speech — study
SENTENCE	I prepare a short break every week.	connected speech — work
SENTENCE	He never reviews this difficult language.	connected speech — study
SENTENCE	I always eat another chocolate together.	connected speech — food
SENTENCE	Do my parents buy the sweet dessert?	connected speech — food
SENTENCE	I always miss a cheaper flight together.	connected speech — travel
SENTENCE	My mother prepares warm soup in the morning.	connected speech — food
SENTENCE	My father enjoys another cup of coffee without thinking.	connected speech — daily
SENTENCE	My parents finish a clear decision without thinking.	connected speech — work
SENTENCE	The students rarely learn the first question.	connected speech — study
SENTENCE	My mother finishes a clear decision because it is easier.	connected speech — work
SENTENCE	My mother remembers the shopping list without thinking.	connected speech — daily
SENTENCE	Do my friends discuss the whole project?	connected speech — work
SENTENCE	Do I finish the weather report?	connected speech — daily
SENTENCE	Please book a cheaper flight slowly.	connected speech — travel
SENTENCE	The teacher will review the office move tomorrow.	connected speech — work
SENTENCE	Do we plan the whole journey?	connected speech — travel
SENTENCE	My brother learns a clear explanation because it is easier.	connected speech — study
SENTENCE	My parents never review these long words.	connected speech — study
SENTENCE	We will finish three separate reports tomorrow.	connected speech — work
SENTENCE	Please miss another route slowly.	connected speech — travel
SENTENCE	Do the students enjoy another route?	connected speech — travel
SENTENCE	Please read the first question slowly.	connected speech — study
SENTENCE	Do my friends need the morning news?	connected speech — daily
SENTENCE	We rarely enjoy another route.	connected speech — travel
SENTENCE	Please cancel a cheaper flight slowly.	connected speech — travel
SENTENCE	The children choose the whole journey in the morning.	connected speech — travel
SENTENCE	My father reads another example without thinking.	connected speech — study
SENTENCE	She enjoys the whole chicken without thinking.	connected speech — food
SENTENCE	The teacher prepares three yellow lemons.	connected speech — food
SENTENCE	She prepares the shared folder on Thursday.	connected speech — work
SENTENCE	Please read the right answer slowly.	connected speech — study
SENTENCE	My mother rarely cooks a large breakfast.	connected speech — food
SENTENCE	My parents always share these ripe cherries together.	connected speech — food
SENTENCE	Do the students enjoy the shopping list?	connected speech — daily
SENTENCE	We always miss the long road trip together.	connected speech — travel
SENTENCE	My friends always book the return ticket together.	connected speech — travel
SENTENCE	My parents always enjoy the return ticket together.	connected speech — travel
SENTENCE	The children never plan the whole journey.	connected speech — travel
SENTENCE	My parents never review the correct pronunciation.	connected speech — study
SENTENCE	The teacher will read the right answer tomorrow.	connected speech — study
SENTENCE	She finishes the whole project.	connected speech — work
SENTENCE	Do they review the whole lesson?	connected speech — study
SENTENCE	Do my parents book the long road trip?	connected speech — travel
SENTENCE	We want a short walk because it is easier.	connected speech — daily
SENTENCE	Do we discuss three separate reports?	connected speech — work
SENTENCE	The teacher remembers another cup of coffee on Thursday.	connected speech — daily
SENTENCE	Do I read the third chapter?	connected speech — study
SENTENCE	My father schedules three separate reports in the morning.	connected speech — work
SENTENCE	My brother will practice the whole lesson tomorrow.	connected speech — study
SENTENCE	My sister reviews this difficult language in the morning.	connected speech — study
SENTENCE	The teacher practices the correct pronunciation every week.	connected speech — study
SENTENCE	We finish our weekly homework in the morning.	connected speech — study
SENTENCE	My parents finish another difficult problem on Thursday.	connected speech — work
SENTENCE	My brother chooses the earlier train on Thursday.	connected speech — travel
SENTENCE	My friends enjoy the return ticket without thinking.	connected speech — travel
SENTENCE	They always miss the whole journey together.	connected speech — travel
SENTENCE	My sister prepares three yellow lemons every week.	connected speech — food
SENTENCE	My brother reviews the whole project without thinking.	connected speech — work
SENTENCE	My sister rarely remembers a quiet evening.	connected speech — daily
SENTENCE	The teacher discusses another difficult problem without thinking.	connected speech — work
SENTENCE	I miss the return ticket without thinking.	connected speech — travel
SENTENCE	My sister shares the shared folder in the morning.	connected speech — work
SENTENCE	My friends remember the northern railway in the morning.	connected speech — travel
SENTENCE	The teacher never cancels a short break.	connected speech — work
SENTENCE	My brother eats three yellow lemons because it is easier.	connected speech — food
SENTENCE	My sister eats fresh vegetables every week.	connected speech — food
SENTENCE	She practices the right answer every week.	connected speech — study
SENTENCE	My mother shares these important messages because it is easier.	connected speech — work
SENTENCE	My friends will enjoy a large breakfast tomorrow.	connected speech — food
SENTENCE	He prepares our regular schedule.	connected speech — work
SENTENCE	I remember our weekly homework.	connected speech — study
SENTENCE	I finish three thin slices of bread without thinking.	connected speech — daily
SENTENCE	He shares another difficult problem on Thursday.	connected speech — work
SENTENCE	My friends discuss three separate reports.	connected speech — work
SENTENCE	My friends remember our summer holiday because it is easier.	connected speech — travel
SENTENCE	I always remember our weekly homework together.	connected speech — study
SENTENCE	My friends rarely discuss three separate reports.	connected speech — work
SENTENCE	The children always remember the right answer together.	connected speech — study
SENTENCE	My friends share a large breakfast in the morning.	connected speech — food
SENTENCE	I prepare the sweet dessert because it is easier.	connected speech — food
SENTENCE	My parents need these warm clothes because it is easier.	connected speech — daily
SENTENCE	He reviews a clear explanation every week.	connected speech — study
SENTENCE	She never enjoys another hotel.	connected speech — travel
SENTENCE	My parents prepare a clear decision on Thursday.	connected speech — work
SENTENCE	The students cancel a clear decision every week.	connected speech — work
SENTENCE	My brother eats a healthy salad on Thursday.	connected speech — food
SENTENCE	They schedule a short break because it is easier.	connected speech — work
SENTENCE	My friends miss another route in the morning.	connected speech — travel
SENTENCE	I read these long words on Thursday.	connected speech — study
SENTENCE	They always finish this difficult language together.	connected speech — study
SENTENCE	Please buy these ripe cherries slowly.	connected speech — food
SENTENCE	Do we read the right answer?	connected speech — study
SENTENCE	They schedule our regular schedule because it is easier.	connected speech — work
SENTENCE	He learns the right answer because it is easier.	connected speech — study
SENTENCE	They cancel another route every week.	connected speech — travel
SENTENCE	My mother finishes a quiet evening on Thursday.	connected speech — daily
SENTENCE	They rarely finish the right answer.	connected speech — study
SENTENCE	They book our summer holiday in the morning.	connected speech — travel
SENTENCE	She reviews the office move without thinking.	connected speech — work
SENTENCE	The teacher never schedules the office move.	connected speech — work
SENTENCE	He books another hotel.	connected speech — travel
SENTENCE	She rarely finishes another example.	connected speech — study
SENTENCE	My sister enjoys the whole chicken because it is easier.	connected speech — food
SENTENCE	The students always read another example together.	connected speech — study
SENTENCE	We schedule the weekly meeting in the morning.	connected speech — work
SENTENCE	My friends enjoy a healthy salad in the morning.	connected speech — food
SENTENCE	My father enjoys the sweet dessert in the morning.	connected speech — food
SENTENCE	My friends remember another route without thinking.	connected speech — travel
SENTENCE	Please share these important messages slowly.	connected speech — work
SENTENCE	My parents always practice the first question together.	connected speech — study
SENTENCE	My friends rarely book our summer holiday.	connected speech — travel
PARAGRAPH	I want the usual routine because it is easier. My mother finishes the usual routine. She needs a healthy breakfast on Thursday.	three linked sentences — daily
PARAGRAPH	Please cancel the office move slowly. They prepare another difficult problem in the morning. She prepares the shared folder on Thursday.	three linked sentences — work
PARAGRAPH	My mother books another route without thinking. Please book the whole journey slowly. We plan the whole journey in the morning.	three linked sentences — travel
PARAGRAPH	Please cancel the office move slowly. The teacher schedules the office move in the morning. My friends discuss a clear decision because it is easier.	three linked sentences — work
PARAGRAPH	My friends never finish our regular schedule. He prepares our regular schedule. Do my friends share the weekly meeting?	three linked sentences — work
PARAGRAPH	The students never remember another hotel. The children plan the northern railway because it is easier. My mother books a window seat every week.	three linked sentences — travel
PARAGRAPH	The children review these important messages on Thursday. Please review the whole project slowly. My mother discusses the office move because it is easier.	three linked sentences — work
PARAGRAPH	Please practice another example slowly. My parents never review the correct pronunciation. The children remember these long words every week.	three linked sentences — study
PARAGRAPH	My father explains the third chapter because it is easier. My brother reviews a clear explanation without thinking. Please review the correct pronunciation slowly.	three linked sentences — study
PARAGRAPH	The students always want the weather report together. I will want the shopping list tomorrow. I never finish these warm clothes.	three linked sentences — daily
PARAGRAPH	My sister wants the shopping list on Thursday. I never finish these warm clothes. My parents want the shopping list because it is easier.	three linked sentences — daily
PARAGRAPH	The children never finish the third chapter. They will remember a clear explanation tomorrow. My parents learn the right answer.	three linked sentences — study
PARAGRAPH	Do my parents book the long road trip? They cancel another route every week. My parents never plan the long road trip.	three linked sentences — travel
PARAGRAPH	We rarely enjoy another route. We remember a window seat because it is easier. The children always plan the earlier train together.	three linked sentences — travel
PARAGRAPH	My mother never eats a healthy salad. He orders the usual sandwich on Thursday. We rarely order fresh vegetables.	three linked sentences — food
PARAGRAPH	The teacher will share another difficult problem tomorrow. Please prepare a clear decision slowly. She rarely prepares these important messages.	three linked sentences — work
PARAGRAPH	We share our regular schedule because it is easier. My parents always cancel these important messages together. I prepare a short break every week.	three linked sentences — work
PARAGRAPH	Please practice these long words slowly. He learns a clear explanation. He never reviews this difficult language.	three linked sentences — study
PARAGRAPH	My father rarely prepares these ripe cherries. Please cook a large breakfast slowly. Do we buy these ripe cherries?	three linked sentences — food
PARAGRAPH	Please practice the third chapter slowly. My friends always finish the third chapter together. Do we remember these long words?	three linked sentences — study
PARAGRAPH	My father rarely finishes the whole lesson. The teacher practices the correct pronunciation every week. My brother remembers these long words without thinking.	three linked sentences — study
PARAGRAPH	My parents share a healthy salad. We enjoy warm soup every week. They cook a large breakfast without thinking.	three linked sentences — food
PARAGRAPH	The students miss the earlier train on Thursday. He cancels the northern railway without thinking. We never plan our summer holiday.	three linked sentences — travel
PARAGRAPH	My brother learns a clear explanation because it is easier. The students will review the right answer tomorrow. I rarely practice another example.	three linked sentences — study
PARAGRAPH	My mother remembers a healthy breakfast on Thursday. My mother enjoys the morning news in the morning. My brother enjoys three thin slices of bread every week.	three linked sentences — daily
PARAGRAPH	My parents share a healthy salad. Do we buy these ripe cherries? Please buy the whole chicken slowly.	three linked sentences — food
PARAGRAPH	Do the children plan the northern railway? My mother books a window seat every week. My father chooses the return ticket because it is easier.	three linked sentences — travel
PARAGRAPH	Please explain the third chapter slowly. The teacher reads the third chapter because it is easier. I read these long words on Thursday.	three linked sentences — study
PARAGRAPH	Do we plan the whole journey? My mother never remembers a cheaper flight. Please book a cheaper flight slowly.	three linked sentences — travel
PARAGRAPH	The teacher finishes another example in the morning. My brother learns a clear explanation because it is easier. They will remember a clear explanation tomorrow.	three linked sentences — study
PARAGRAPH	My friends rarely explain this difficult language. The teacher finishes a clear explanation. Please practice another example slowly.	three linked sentences — study
PARAGRAPH	We prepare a healthy salad in the morning. The teacher rarely orders the sweet dessert. My mother prepares a healthy salad without thinking.	three linked sentences — food
PARAGRAPH	The teacher discusses another difficult problem without thinking. They rarely schedule our regular schedule. The teacher discusses three separate reports in the morning.	three linked sentences — work
PARAGRAPH	My sister reviews a clear decision in the morning. My father prepares the weekly meeting. My brother never reviews the weekly meeting.	three linked sentences — work
PARAGRAPH	My mother learns the whole lesson in the morning. My sister practices a clear explanation on Thursday. My parents learn the right answer.	three linked sentences — study
PARAGRAPH	Do we buy these ripe cherries? Please buy the whole chicken slowly. I enjoy another chocolate in the morning.	three linked sentences — food
PARAGRAPH	She shares a clear decision every week. Please cancel the office move slowly. My mother will schedule the shared folder tomorrow.	three linked sentences — work
PARAGRAPH	I review another example every week. He reads the whole lesson. Please practice another example slowly.	three linked sentences — study
PARAGRAPH	My mother enjoys a window seat every week. My friends always book the return ticket together. Please cancel a cheaper flight slowly.	three linked sentences — travel
PARAGRAPH	My brother remembers a quiet evening on Thursday. My brother enjoys a short walk without thinking. They finish these warm clothes.	three linked sentences — daily
PARAGRAPH	My parents remember the morning news on Thursday. They finish a quiet evening in the morning. My parents enjoy the usual routine because it is easier.	three linked sentences — daily
PARAGRAPH	The teacher never cancels a short break. She shares a clear decision every week. We will finish three separate reports tomorrow.	three linked sentences — work
PARAGRAPH	The teacher never cancels a short break. They rarely discuss the shared folder. Do my parents finish the whole project?	three linked sentences — work
PARAGRAPH	They always miss the whole journey together. I miss the return ticket without thinking. The students never remember another hotel.	three linked sentences — travel
PARAGRAPH	I rarely practice another example. He learns a clear explanation. I explain the correct pronunciation without thinking.	three linked sentences — study
PARAGRAPH	My mother enjoys the weather report because it is easier. I will enjoy these warm clothes tomorrow. The students always want the weather report together.	three linked sentences — daily
PARAGRAPH	My mother shares these important messages. Do the students share these important messages? My mother shares these important messages because it is easier.	three linked sentences — work
PARAGRAPH	The teacher rarely cancels the whole project. The students prepare a short break. They prepare another difficult problem in the morning.	three linked sentences — work
PARAGRAPH	My mother enjoys the morning news in the morning. My father enjoys another cup of coffee without thinking. My parents remember the morning news on Thursday.	three linked sentences — daily
PARAGRAPH	Do my friends discuss the weekly meeting? My parents prepare a clear decision on Thursday. We schedule these important messages because it is easier.	three linked sentences — work
PARAGRAPH	My father chooses another route in the morning. She chooses a cheaper flight. My parents choose a window seat on Thursday.	three linked sentences — travel
PARAGRAPH	The children finish the whole project in the morning. She rarely cancels our regular schedule. My parents never cancel our regular schedule.	three linked sentences — work
PARAGRAPH	The children cook a healthy salad because it is easier. He orders the usual sandwich on Thursday. The children eat the sweet dessert every week.	three linked sentences — food
PARAGRAPH	I review another example every week. Do we remember these long words? She learns the correct pronunciation because it is easier.	three linked sentences — study
PARAGRAPH	My friends review three separate reports because it is easier. The teacher shares three separate reports on Thursday. Do the students share these important messages?	three linked sentences — work
PARAGRAPH	Do my friends discuss the whole project? She cancels the whole project. She shares a clear decision every week.	three linked sentences — work
PARAGRAPH	I prepare three separate reports every week. We schedule the weekly meeting in the morning. The students always finish another difficult problem together.	three linked sentences — work
PARAGRAPH	The teacher explains our weekly homework because it is easier. The children never finish the third chapter. I explain the correct pronunciation without thinking.	three linked sentences — study
PARAGRAPH	My father needs the shopping list in the morning. My friends need three thin slices of bread. She needs a healthy breakfast on Thursday.	three linked sentences — daily
PARAGRAPH	My sister prepares three yellow lemons every week. My parents eat a healthy salad because it is easier. The students rarely enjoy three yellow lemons.	three linked sentences — food
PARAGRAPH	Please prepare our regular schedule slowly. The teacher prepares three separate reports because it is easier. Do the students share these important messages?	three linked sentences — work
PARAGRAPH	My father schedules our regular schedule. My sister cancels the whole project without thinking. My friends review three separate reports because it is easier.	three linked sentences — work
PARAGRAPH	I review another example every week. My mother explains the first question on Thursday. The students read this difficult language without thinking.	three linked sentences — study
PARAGRAPH	The students enjoy fresh vegetables because it is easier. I enjoy another chocolate in the morning. He enjoys a healthy salad.	three linked sentences — food
PARAGRAPH	She shares a clear decision every week. The teacher will share another difficult problem tomorrow. He never shares the shared folder.	three linked sentences — work
PARAGRAPH	The students prepare a short break. The teacher will share another difficult problem tomorrow. Please review the whole project slowly.	three linked sentences — work
PARAGRAPH	The students share the usual sandwich. My father buys three yellow lemons because it is easier. My friends will enjoy a large breakfast tomorrow.	three linked sentences — food
PARAGRAPH	My mother prepares warm soup in the morning. My father will enjoy the whole chicken tomorrow. They buy fresh vegetables every week.	three linked sentences — food
PARAGRAPH	My parents cook warm soup every week. The children share a healthy salad because it is easier. I cook a healthy salad on Thursday.	three linked sentences — food
PARAGRAPH	I prepare three separate reports every week. The teacher will review the office move tomorrow. My brother never reviews the weekly meeting.	three linked sentences — work
PARAGRAPH	The children share a healthy salad because it is easier. My friends order a healthy salad every week. She rarely enjoys these ripe cherries.	three linked sentences — food
PARAGRAPH	Do I share the whole chicken? Please buy these ripe cherries slowly. My mother orders warm soup in the morning.	three linked sentences — food
PARAGRAPH	They will prepare warm soup tomorrow. My brother orders a large breakfast every week. Do the students prepare another chocolate?	three linked sentences — food
PARAGRAPH	My sister reviews this difficult language in the morning. Please read a clear explanation slowly. I remember our weekly homework.	three linked sentences — study
PARAGRAPH	They share our regular schedule in the morning. Do my friends discuss the weekly meeting? My mother discusses the office move because it is easier.	three linked sentences — work
PARAGRAPH	My parents always discuss the shared folder together. We schedule these important messages because it is easier. The children review these important messages on Thursday.	three linked sentences — work
PARAGRAPH	My mother shares these important messages. My mother will schedule the shared folder tomorrow. Do my parents prepare the whole project?	three linked sentences — work
PARAGRAPH	Please share three yellow lemons slowly. My sister prepares three yellow lemons every week. The teacher rarely orders the sweet dessert.	three linked sentences — food
PARAGRAPH	The children schedule the office move because it is easier. Do my friends share the whole project? Please prepare our regular schedule slowly.	three linked sentences — work
PARAGRAPH	Please prepare a clear decision slowly. My parents finish another difficult problem on Thursday. He prepares our regular schedule because it is easier.	three linked sentences — work
PARAGRAPH	My father schedules our regular schedule. The teacher will share another difficult problem tomorrow. Do my friends share the weekly meeting?	three linked sentences — work
PARAGRAPH	Please book a cheaper flight slowly. The children always plan the earlier train together. Do we plan the whole journey?	three linked sentences — travel
PARAGRAPH	The teacher discusses another difficult problem without thinking. My mother shares these important messages. My parents finish another difficult problem on Thursday.	three linked sentences — work
PARAGRAPH	I want the usual routine because it is easier. They remember another cup of coffee every week. My parents never remember a quiet evening.	three linked sentences — daily
PARAGRAPH	Do the students prepare another chocolate? They eat the whole chicken every week. They prepare the whole chicken.	three linked sentences — food
PARAGRAPH	My mother explains the whole lesson in the morning. We practice the third chapter every week. My parents always finish the right answer together.	three linked sentences — study
PARAGRAPH	We rarely buy a healthy salad. I prepare the sweet dessert because it is easier. Do my friends prepare a large breakfast?	three linked sentences — food
PARAGRAPH	The students miss the earlier train on Thursday. My mother enjoys a window seat every week. They always miss the whole journey together.	three linked sentences — travel
PARAGRAPH	My parents miss the long road trip every week. They cancel the northern railway because it is easier. My friends enjoy the return ticket without thinking.	three linked sentences — travel
PARAGRAPH	The students always want the weather report together. I will enjoy these warm clothes tomorrow. My parents remember the morning news on Thursday.	three linked sentences — daily
PARAGRAPH	He rarely remembers another route. My father cancels a window seat. My brother misses the northern railway every week.	three linked sentences — travel
PARAGRAPH	Please practice these long words slowly. They rarely finish the right answer. My parents always remember the correct pronunciation together.	three linked sentences — study
PARAGRAPH	He rarely chooses the return ticket. Do my parents book the long road trip? My parents miss a window seat in the morning.	three linked sentences — travel
PARAGRAPH	The students always finish another difficult problem together. The teacher shares the shared folder without thinking. She cancels the whole project.	three linked sentences — work
PARAGRAPH	He never enjoys a healthy breakfast. My parents want the shopping list because it is easier. They always want the usual routine together.	three linked sentences — daily
PARAGRAPH	We never explain the correct pronunciation. My father finishes the third chapter because it is easier. My father will practice this difficult language tomorrow.	three linked sentences — study
PARAGRAPH	We never explain the correct pronunciation. The children explain the right answer every week. My father rarely reviews the right answer.	three linked sentences — study
PARAGRAPH	My mother explains the whole lesson in the morning. My parents never review the correct pronunciation. My father rarely reviews the right answer.	three linked sentences — study
PARAGRAPH	Please book a cheaper flight slowly. My sister cancels our summer holiday in the morning. He cancels the northern railway without thinking.	three linked sentences — travel
PARAGRAPH	The children plan the northern railway because it is easier. My friends miss the northern railway. My parents plan the whole journey on Thursday.	three linked sentences — travel
PARAGRAPH	My mother rarely orders warm soup. My brother will prepare three yellow lemons tomorrow. My mother prepares warm soup in the morning.	three linked sentences — food
PARAGRAPH	The teacher rarely orders the sweet dessert. My friends never share the whole chicken. My sister cooks the sweet dessert every week.	three linked sentences — food
PARAGRAPH	I buy the sweet dessert in the morning. I will eat another chocolate tomorrow. Please buy fresh vegetables slowly.	three linked sentences — food
PARAGRAPH	She needs a short walk in the morning. My brother wants the shopping list without thinking. I want the usual routine because it is easier.	three linked sentences — daily
PARAGRAPH	He reviews a clear explanation. My sister reads these long words in the morning. My friends rarely explain this difficult language.	three linked sentences — study
PARAGRAPH	My parents enjoy a quiet evening in the morning. My father rarely enjoys a healthy breakfast. My mother remembers a short walk because it is easier.	three linked sentences — daily
PARAGRAPH	Do we buy these ripe cherries? The students share the usual sandwich. I enjoy another chocolate in the morning.	three linked sentences — food
PARAGRAPH	My brother misses another hotel every week. My friends remember the northern railway in the morning. They always miss the whole journey together.	three linked sentences — travel
PARAGRAPH	The teacher will share another difficult problem tomorrow. My friends cancel the office move. The children finish the whole project in the morning.	three linked sentences — work
PARAGRAPH	He chooses the return ticket on Thursday. My parents never plan the long road trip. We remember a window seat because it is easier.	three linked sentences — travel
PARAGRAPH	My brother prepares a short break on Thursday. The teacher discusses another difficult problem without thinking. Please discuss the shared folder slowly.	three linked sentences — work
PARAGRAPH	The children remember the correct pronunciation because it is easier. The teacher rarely explains another example. My sister remembers the right answer.	three linked sentences — study
PARAGRAPH	The students always read another example together. Please review the correct pronunciation slowly. We read a clear explanation because it is easier.	three linked sentences — study
PARAGRAPH	My brother cancels the office move because it is easier. The children finish the whole project in the morning. She never finishes a clear decision.	three linked sentences — work
PARAGRAPH	My friends miss another route in the morning. They choose our summer holiday on Thursday. My parents always book the northern railway together.	three linked sentences — travel
PARAGRAPH	They cancel the northern railway because it is easier. They never cancel the return ticket. He chooses the return ticket on Thursday.	three linked sentences — travel
PARAGRAPH	She wants the morning news. My mother enjoys the weather report because it is easier. My brother will want a short walk tomorrow.	three linked sentences — daily
PARAGRAPH	My father enjoys another cup of coffee without thinking. We always enjoy a short walk together. I never finish these warm clothes.	three linked sentences — daily
PARAGRAPH	The students will review the right answer tomorrow. My sister reviews this difficult language in the morning. The teacher explains our weekly homework because it is easier.	three linked sentences — study
PARAGRAPH	Do they review a clear explanation? We never explain the correct pronunciation. My friends always finish the third chapter together.	three linked sentences — study
PARAGRAPH	My brother wants the shopping list without thinking. She wants the morning news. My sister will finish a healthy breakfast tomorrow.	three linked sentences — daily
PARAGRAPH	My mother finishes a quiet evening on Thursday. My parents need the shopping list every week. My mother rarely enjoys another cup of coffee.	three linked sentences — daily
PARAGRAPH	My parents share a healthy salad. My friends share a large breakfast every week. My father never cooks fresh vegetables.	three linked sentences — food
PARAGRAPH	The children always plan the earlier train together. They cancel the northern railway because it is easier. My friends remember another route without thinking.	three linked sentences — travel
PARAGRAPH	My sister cancels our summer holiday every week. My brother will remember the northern railway tomorrow. My friends enjoy the whole journey.	three linked sentences — travel
PARAGRAPH	My sister reviews a clear decision in the morning. I will review the weekly meeting tomorrow. He cancels a clear decision without thinking.	three linked sentences — work
PARAGRAPH	I enjoy another chocolate in the morning. Do I share the sweet dessert? They buy a healthy salad on Thursday.	three linked sentences — food
PARAGRAPH	Please buy fresh vegetables slowly. Do we buy these ripe cherries? The students rarely enjoy three yellow lemons.	three linked sentences — food
PARAGRAPH	My brother chooses the northern railway. They cancel the northern railway because it is easier. My mother books a window seat every week.	three linked sentences — travel
PARAGRAPH	My sister needs three thin slices of bread without thinking. Do they want these warm clothes? I enjoy a healthy breakfast.	three linked sentences — daily
PARAGRAPH	The students cook the sweet dessert. The children will cook the usual sandwich tomorrow. He orders the usual sandwich on Thursday.	three linked sentences — food
PARAGRAPH	He never books our summer holiday. The children always plan the earlier train together. My parents choose a window seat on Thursday.	three linked sentences — travel
PARAGRAPH	She reviews the whole lesson without thinking. My father never finishes these long words. We always explain another example together.	three linked sentences — study
PARAGRAPH	He rarely plans the northern railway. Do the children remember another route? My mother remembers another hotel without thinking.	three linked sentences — travel
PARAGRAPH	My friends enjoy fresh vegetables every week. My friends always cook the sweet dessert together. I will eat another chocolate tomorrow.	three linked sentences — food
PARAGRAPH	I will enjoy these warm clothes tomorrow. The children always remember three thin slices of bread together. My mother finishes another cup of coffee in the morning.	three linked sentences — daily
PARAGRAPH	My brother enjoys three thin slices of bread because it is easier. The children always remember another cup of coffee together. My brother enjoys three thin slices of bread every week.	three linked sentences — daily
PARAGRAPH	My sister cancels our summer holiday every week. My father chooses the return ticket because it is easier. My friends enjoy the whole journey.	three linked sentences — travel
PARAGRAPH	The teacher discusses another difficult problem without thinking. My mother shares these important messages. The teacher shares three separate reports on Thursday.	three linked sentences — work
PARAGRAPH	My sister never finishes the shared folder. My father prepares the weekly meeting. My parents always cancel these important messages together.	three linked sentences — work
PARAGRAPH	My father needs the shopping list in the morning. Do I finish the weather report? They need a quiet evening because it is easier.	three linked sentences — daily
PARAGRAPH	They remember another cup of coffee every week. They finish these warm clothes. She needs a short walk in the morning.	three linked sentences — daily
PARAGRAPH	Please finish these warm clothes slowly. They enjoy three thin slices of bread without thinking. My parents enjoy a quiet evening in the morning.	three linked sentences — daily
PARAGRAPH	My brother enjoys a short walk without thinking. My mother finishes the usual routine. The children always remember three thin slices of bread together.	three linked sentences — daily
PARAGRAPH	My parents remember these warm clothes every week. My mother enjoys the morning news in the morning. Please finish these warm clothes slowly.	three linked sentences — daily
PARAGRAPH	My sister will book another route tomorrow. My mother rarely misses another route. My brother misses the northern railway every week.	three linked sentences — travel
PARAGRAPH	She chooses the earlier train. We rarely enjoy another route. They never cancel the return ticket.	three linked sentences — travel
PARAGRAPH	She enjoys another route in the morning. My mother remembers another hotel without thinking. My sister cancels our summer holiday every week.	three linked sentences — travel
PARAGRAPH	My father never finishes a quiet evening. My mother finishes a quiet evening on Thursday. My mother enjoys the morning news in the morning.	three linked sentences — daily
PARAGRAPH	I cook a healthy salad on Thursday. The students never buy the usual sandwich. The teacher shares these ripe cherries every week.	three linked sentences — food
PARAGRAPH	My father cancels a window seat in the morning. The students rarely choose a cheaper flight. My friends remember another route without thinking.	three linked sentences — travel
PARAGRAPH	Please schedule the weekly meeting slowly. The students always finish another difficult problem together. My brother finishes three separate reports.	three linked sentences — work
PARAGRAPH	My mother never remembers a cheaper flight. He cancels the northern railway without thinking. They choose our summer holiday on Thursday.	three linked sentences — travel
PARAGRAPH	The children finish the whole project in the morning. My friends never finish our regular schedule. I cancel a short break on Thursday.	three linked sentences — work
PARAGRAPH	My brother remembers these long words without thinking. My friends explain the whole lesson on Thursday. We finish our weekly homework in the morning.	three linked sentences — study
PARAGRAPH	Do the children cancel the northern railway? I always miss another route together. The teacher remembers the earlier train without thinking.	three linked sentences — travel
PARAGRAPH	He never shares the shared folder. The teacher finishes the whole project because it is easier. My father finishes the weekly meeting every week.	three linked sentences — work
PARAGRAPH	He cancels a clear decision without thinking. They schedule a short break because it is easier. The teacher rarely cancels the whole project.	three linked sentences — work
PARAGRAPH	My friends review this difficult language every week. The teacher finishes another example in the morning. My father explains the third chapter because it is easier.	three linked sentences — study
PARAGRAPH	My parents finish a healthy breakfast on Thursday. Do my friends need the morning news? The teacher wants the shopping list.	three linked sentences — daily
PARAGRAPH	Do my parents buy the sweet dessert? My parents share a healthy salad. I enjoy the sweet dessert on Thursday.	three linked sentences — food
PARAGRAPH	Please share three yellow lemons slowly. My parents cook warm soup every week. Do the students share three yellow lemons?	three linked sentences — food
PARAGRAPH	Do the children plan the northern railway? My parents never plan the long road trip. The children book the earlier train because it is easier.	three linked sentences — travel
PARAGRAPH	My mother enjoys a window seat every week. She chooses the earlier train. The teacher will plan our summer holiday tomorrow.	three linked sentences — travel
PARAGRAPH	My mother prepares warm soup in the morning. My brother never shares the sweet dessert. Do my parents buy the sweet dessert?	three linked sentences — food
PARAGRAPH	Do the students share three yellow lemons? She rarely enjoys these ripe cherries. The teacher prepares three yellow lemons.	three linked sentences — food
PARAGRAPH	My father wants the morning news without thinking. My brother enjoys three thin slices of bread because it is easier. My father needs the shopping list in the morning.	three linked sentences — daily
PARAGRAPH	My mother learns the whole lesson in the morning. The children review the correct pronunciation on Thursday. She learns the correct pronunciation because it is easier.	three linked sentences — study
PARAGRAPH	The students always order these ripe cherries together. My mother never orders warm soup. I enjoy the sweet dessert on Thursday.	three linked sentences — food
PARAGRAPH	My father schedules a short break. Please schedule the weekly meeting slowly. My father discusses a short break in the morning.	three linked sentences — work
PARAGRAPH	Do they review a clear explanation? He never remembers the right answer. My parents always finish the right answer together.	three linked sentences — study
PARAGRAPH	My father rarely enjoys a healthy breakfast. They remember another cup of coffee every week. My parents remember the morning news on Thursday.	three linked sentences — daily
PARAGRAPH	The students never schedule the weekly meeting. My parents always cancel these important messages together. He cancels a clear decision without thinking.	three linked sentences — work
PARAGRAPH	She remembers the third chapter every week. Please practice the third chapter slowly. The children will practice the right answer tomorrow.	three linked sentences — study
PARAGRAPH	My brother eats a healthy salad on Thursday. My father buys three yellow lemons because it is easier. My sister will order a healthy salad tomorrow.	three linked sentences — food
PARAGRAPH	Do my friends discuss the weekly meeting? The teacher schedules the office move in the morning. My mother shares these important messages because it is easier.	three linked sentences — work
PARAGRAPH	My father wants the morning news without thinking. I enjoy a healthy breakfast. They always want the usual routine together.	three linked sentences — daily
PARAGRAPH	The students want another cup of coffee because it is easier. My father never remembers a healthy breakfast. She wants a quiet evening.	three linked sentences — daily
PARAGRAPH	My friends order a healthy salad every week. My sister enjoys the whole chicken because it is easier. The students rarely enjoy three yellow lemons.	three linked sentences — food
PARAGRAPH	They book our summer holiday in the morning. Do the students enjoy another route? My brother never chooses the long road trip.	three linked sentences — travel
PARAGRAPH	My father buys the usual sandwich every week. My parents never eat fresh vegetables. She enjoys the usual sandwich because it is easier.	three linked sentences — food
PARAGRAPH	The teacher never finishes the morning news. My mother enjoys the weather report because it is easier. They remember three thin slices of bread.	three linked sentences — daily
PARAGRAPH	I read our weekly homework without thinking. My parents review the right answer because it is easier. My mother learns the whole lesson in the morning.	three linked sentences — study
PARAGRAPH	Please review the third chapter slowly. They always finish this difficult language together. Do the children explain the first question?	three linked sentences — study
PARAGRAPH	He never shares the shared folder. Do my friends discuss the whole project? My friends discuss three separate reports.	three linked sentences — work
PARAGRAPH	I enjoy the sweet dessert on Thursday. The teacher shares these ripe cherries every week. The children share a healthy salad because it is easier.	three linked sentences — food
PARAGRAPH	My parents finish a healthy breakfast on Thursday. Do I finish the weather report? He never enjoys a healthy breakfast.	three linked sentences — daily
PARAGRAPH	The teacher rarely prepares three separate reports. Please review the whole project slowly. My parents always cancel these important messages together.	three linked sentences — work
PARAGRAPH	I will eat another chocolate tomorrow. My mother prepares warm soup in the morning. My brother never shares the sweet dessert.	three linked sentences — food
PARAGRAPH	My brother will remember the northern railway tomorrow. The children never plan the whole journey. My sister cancels the earlier train in the morning.	three linked sentences — travel
PARAGRAPH	My sister will finish a healthy breakfast tomorrow. Do they want these warm clothes? My parents need these warm clothes because it is easier.	three linked sentences — daily
PARAGRAPH	My brother never chooses the long road trip. He books another hotel. Please choose our summer holiday slowly.	three linked sentences — travel
PARAGRAPH	The children choose the whole journey in the morning. My brother chooses the earlier train on Thursday. My parents plan a cheaper flight because it is easier.	three linked sentences — travel
PARAGRAPH	I review these long words without thinking. My father rarely explains the third chapter. We never explain the correct pronunciation.	three linked sentences — study
PARAGRAPH	My friends rarely explain this difficult language. My mother reviews another example without thinking. He never reviews this difficult language.	three linked sentences — study
PARAGRAPH	The teacher remembers the morning news without thinking. We always enjoy a short walk together. Do the students enjoy the shopping list?	three linked sentences — daily
PARAGRAPH	The students share the usual sandwich. Do we share a large breakfast? We rarely buy a healthy salad.	three linked sentences — food
PARAGRAPH	The children remember these long words every week. Please review the third chapter slowly. Do they finish the right answer?	three linked sentences — study
PARAGRAPH	The students miss the earlier train on Thursday. My friends miss the whole journey without thinking. Do I plan the earlier train?	three linked sentences — travel
PARAGRAPH	They remember three thin slices of bread. My brother remembers a quiet evening on Thursday. My mother finishes another cup of coffee in the morning.	three linked sentences — daily
PARAGRAPH	My mother finishes another cup of coffee in the morning. My mother finishes the usual routine. My sister wants the shopping list on Thursday.	three linked sentences — daily
PARAGRAPH	I will want the shopping list tomorrow. They finish a quiet evening in the morning. My parents remember the weather report without thinking.	three linked sentences — daily
PARAGRAPH	My friends always cook the sweet dessert together. My parents cook warm soup every week. We buy a large breakfast in the morning.	three linked sentences — food
PARAGRAPH	My sister reviews a clear decision in the morning. She reviews these important messages. Do my friends share the whole project?	three linked sentences — work
PARAGRAPH	He reviews our regular schedule because it is easier. The teacher will review the office move tomorrow. Do we discuss three separate reports?	three linked sentences — work
PARAGRAPH	We rarely order fresh vegetables. I always eat another chocolate together. My parents never eat fresh vegetables.	three linked sentences — food
PARAGRAPH	I rarely book another hotel. The children choose the whole journey in the morning. The children always plan the earlier train together.	three linked sentences — travel
PARAGRAPH	The children finish the whole project in the morning. The teacher shares three separate reports on Thursday. My brother reviews the whole project without thinking.	three linked sentences — work
PARAGRAPH	My sister rarely remembers a quiet evening. They remember another cup of coffee every week. We always enjoy a short walk together.	three linked sentences — daily
PARAGRAPH	My parents never eat fresh vegetables. They buy a healthy salad on Thursday. I enjoy another chocolate in the morning.	three linked sentences — food
PARAGRAPH	He orders the usual sandwich on Thursday. My friends always cook the sweet dessert together. They prepare the usual sandwich because it is easier.	three linked sentences — food
PARAGRAPH	The children choose the whole journey in the morning. Do they cancel the earlier train? My sister will plan a cheaper flight tomorrow.	three linked sentences — travel
PARAGRAPH	She finishes the whole project. My sister will discuss a clear decision tomorrow. The teacher shares three separate reports on Thursday.	three linked sentences — work
PARAGRAPH	My brother reviews a clear explanation without thinking. The teacher practices the correct pronunciation every week. The teacher finishes another example on Thursday.	three linked sentences — study
PARAGRAPH	My parents always practice the first question together. He reads the whole lesson. My father never practices another example.	three linked sentences — study
PARAGRAPH	Do we share a large breakfast? She enjoys a large breakfast because it is easier. My mother rarely orders warm soup.	three linked sentences — food
PARAGRAPH	My friends share a large breakfast every week. Do I share the whole chicken? My parents never eat fresh vegetables.	three linked sentences — food
PARAGRAPH	The students remember another hotel because it is easier. My parents miss a window seat in the morning. My father cancels a window seat.	three linked sentences — travel
PARAGRAPH	Do my parents finish the whole project? My mother cancels the shared folder without thinking. My mother shares these important messages because it is easier.	three linked sentences — work
PARAGRAPH	The teacher remembers another cup of coffee on Thursday. My father needs the shopping list in the morning. We always enjoy a short walk together.	three linked sentences — daily
PARAGRAPH	My brother will want a short walk tomorrow. My parents enjoy the usual routine because it is easier. She wants a quiet evening.	three linked sentences — daily
PARAGRAPH	Do my parents prepare the whole project? My sister cancels the whole project without thinking. My sister shares the shared folder on Thursday.	three linked sentences — work
PARAGRAPH	The children choose the whole journey in the morning. Please book the whole journey slowly. My brother enjoys a window seat on Thursday.	three linked sentences — travel
PARAGRAPH	My brother eats three yellow lemons because it is easier. Do I eat a large breakfast? The students cook the sweet dessert.	three linked sentences — food
PARAGRAPH	Please explain the third chapter slowly. My parents will read the whole lesson tomorrow. My mother reviews this difficult language on Thursday.	three linked sentences — study
PARAGRAPH	She needs a short walk in the morning. My father wants the morning news without thinking. My brother enjoys three thin slices of bread every week.	three linked sentences — daily
PARAGRAPH	My mother rarely enjoys another cup of coffee. The students always want the weather report together. I enjoy a healthy breakfast.	three linked sentences — daily
PARAGRAPH	My parents finish another difficult problem on Thursday. Do my parents prepare the whole project? Please prepare a clear decision slowly.	three linked sentences — work
PARAGRAPH	They will remember a clear explanation tomorrow. Please practice another example slowly. Do they finish the right answer?	three linked sentences — study
PARAGRAPH	She rarely prepares a large breakfast. My sister never eats the sweet dessert. Do the students prepare another chocolate?	three linked sentences — food
PARAGRAPH	Do the students enjoy the northern railway? My father chooses the northern railway in the morning. My friends enjoy the return ticket without thinking.	three linked sentences — travel
PARAGRAPH	My father never remembers a healthy breakfast. My parents finish a healthy breakfast on Thursday. My brother enjoys a short walk without thinking.	three linked sentences — daily
PARAGRAPH	My father chooses the return ticket because it is easier. I always miss another route together. My mother never remembers a cheaper flight.	three linked sentences — travel
PARAGRAPH	My father wants the morning news without thinking. The children always remember three thin slices of bread together. My parents need the shopping list every week.	three linked sentences — daily
PARAGRAPH	The children always remember three thin slices of bread together. My mother remembers a short walk because it is easier. My parents remember the morning news on Thursday.	three linked sentences — daily
PARAGRAPH	Please choose our summer holiday slowly. She remembers the northern railway on Thursday. Do they cancel the earlier train?	three linked sentences — travel
PARAGRAPH	We review the shared folder without thinking. Do we finish a short break? Please discuss the shared folder slowly.	three linked sentences — work
PARAGRAPH	My mother remembers another hotel without thinking. Please plan another hotel slowly. We never plan our summer holiday.	three linked sentences — travel
PARAGRAPH	The students want another cup of coffee because it is easier. My sister enjoys the weather report without thinking. I want three thin slices of bread every week.	three linked sentences — daily
PARAGRAPH	My father practices the right answer because it is easier. My mother will read another example tomorrow. My mother explains the first question on Thursday.	three linked sentences — study
PARAGRAPH	He prepares our regular schedule because it is easier. Please review the whole project slowly. My brother never discusses the office move.	three linked sentences — work
PARAGRAPH	My friends enjoy a healthy salad in the morning. I always eat another chocolate together. My father buys the usual sandwich every week.	three linked sentences — food
PARAGRAPH	My father chooses another route in the morning. The students rarely choose a cheaper flight. I always miss a cheaper flight together.	three linked sentences — travel
PARAGRAPH	We cook another chocolate because it is easier. My friends rarely cook the usual sandwich. I enjoy the sweet dessert on Thursday.	three linked sentences — food
PARAGRAPH	My friends buy warm soup in the morning. Do my parents buy three yellow lemons? The teacher shares these ripe cherries every week.	three linked sentences — food
PARAGRAPH	Do my friends share the whole project? They always prepare another difficult problem together. He never shares the shared folder.	three linked sentences — work
PARAGRAPH	My sister will book another route tomorrow. My father books the northern railway every week. My parents plan the whole journey on Thursday.	three linked sentences — travel
PARAGRAPH	The students always want the weather report together. They need the usual routine because it is easier. She needs a short walk in the morning.	three linked sentences — daily
PARAGRAPH	He never remembers the right answer. Please review the third chapter slowly. My parents review the right answer because it is easier.	three linked sentences — study
PARAGRAPH	They finish a quiet evening in the morning. My parents remember these warm clothes every week. I never finish these warm clothes.	three linked sentences — daily
PARAGRAPH	The students read this difficult language without thinking. My parents always finish the right answer together. My friends explain the whole lesson on Thursday.	three linked sentences — study
PARAGRAPH	My mother books a window seat every week. My friends miss the whole journey without thinking. My parents plan the whole journey on Thursday.	three linked sentences — travel
PARAGRAPH	My mother rarely cooks a large breakfast. My brother eats a healthy salad on Thursday. The children cook a healthy salad because it is easier.	three linked sentences — food
PARAGRAPH	I want three thin slices of bread every week. The children rarely finish a quiet evening. My parents need these warm clothes because it is easier.	three linked sentences — daily
PARAGRAPH	My parents finish a clear decision without thinking. My friends discuss a clear decision because it is easier. My father reviews the office move.	three linked sentences — work
PARAGRAPH	He buys three yellow lemons without thinking. I buy the sweet dessert in the morning. We enjoy warm soup every week.	three linked sentences — food
PARAGRAPH	My brother will prepare three yellow lemons tomorrow. The children eat the sweet dessert every week. My mother orders warm soup in the morning.	three linked sentences — food
PARAGRAPH	They buy fresh vegetables every week. My parents eat a healthy salad because it is easier. My brother never shares the sweet dessert.	three linked sentences — food
PARAGRAPH	He rarely chooses the return ticket. Do the students enjoy the northern railway? My brother misses another hotel every week.	three linked sentences — travel
PARAGRAPH	My parents always share these ripe cherries together. We rarely buy a healthy salad. My brother never shares the sweet dessert.	three linked sentences — food
PARAGRAPH	Please cancel the office move slowly. My parents finish a clear decision without thinking. My sister shares the shared folder in the morning.	three linked sentences — work
PARAGRAPH	My mother rarely misses another route. The students book another hotel on Thursday. They always miss the whole journey together.	three linked sentences — travel
PARAGRAPH	We read a clear explanation because it is easier. Please review the third chapter slowly. My parents never review the correct pronunciation.	three linked sentences — study
PARAGRAPH	My mother shares these important messages. We will cancel the shared folder tomorrow. We share our regular schedule because it is easier.	three linked sentences — work
PARAGRAPH	He learns the right answer because it is easier. The students rarely learn the first question. We finish our weekly homework in the morning.	three linked sentences — study
PARAGRAPH	They cancel the earlier train because it is easier. My mother will miss the long road trip tomorrow. My parents choose a window seat on Thursday.	three linked sentences — travel
PARAGRAPH	My friends never finish our regular schedule. They rarely discuss the shared folder. My parents finish another difficult problem on Thursday.	three linked sentences — work
PARAGRAPH	My brother reviews the whole project without thinking. My mother shares these important messages. The teacher will share another difficult problem tomorrow.	three linked sentences — work
PARAGRAPH	They remember another cup of coffee every week. I never finish these warm clothes. My brother enjoys a short walk without thinking.	three linked sentences — daily
PARAGRAPH	We rarely order fresh vegetables. Do the students prepare another chocolate? My brother enjoys these ripe cherries without thinking.	three linked sentences — food
PARAGRAPH	I prepare the sweet dessert because it is easier. My brother never shares the sweet dessert. She rarely prepares a large breakfast.	three linked sentences — food
PARAGRAPH	The children always remember the weather report together. I never finish these warm clothes. My brother remembers a quiet evening on Thursday.	three linked sentences — daily
PARAGRAPH	My friends buy warm soup in the morning. My friends will enjoy a large breakfast tomorrow. My mother rarely orders warm soup.	three linked sentences — food
PARAGRAPH	She needs a short walk in the morning. My father enjoys another cup of coffee without thinking. The teacher wants the shopping list.	three linked sentences — daily
PARAGRAPH	My brother remembers a quiet evening on Thursday. They always want the usual routine together. My father never remembers a healthy breakfast.	three linked sentences — daily
PARAGRAPH	My sister rarely remembers a quiet evening. My father needs the shopping list in the morning. They want another cup of coffee every week.	three linked sentences — daily
PARAGRAPH	The children always plan the earlier train together. My father enjoys a window seat because it is easier. My father chooses another route in the morning.	three linked sentences — travel
PARAGRAPH	Do my friends share the weekly meeting? My brother cancels the office move because it is easier. They rarely discuss the shared folder.	three linked sentences — work
PARAGRAPH	The students never schedule the weekly meeting. The teacher rarely cancels the whole project. Do the children review another difficult problem?	three linked sentences — work
PARAGRAPH	My friends explain the whole lesson on Thursday. The children will practice the right answer tomorrow. My father practices the right answer because it is easier.	three linked sentences — study
PARAGRAPH	My parents never remember a quiet evening. Do I finish the weather report? My sister will finish a healthy breakfast tomorrow.	three linked sentences — daily
PARAGRAPH	My father will practice this difficult language tomorrow. She rarely finishes another example. My parents always finish the right answer together.	three linked sentences — study
PARAGRAPH	My friends remember the first question on Thursday. She will read the correct pronunciation tomorrow. My friends explain another example.	three linked sentences — study
PARAGRAPH	Do my friends need the morning news? The children always remember another cup of coffee together. My brother enjoys three thin slices of bread every week.	three linked sentences — daily
PARAGRAPH	Do my friends discuss the weekly meeting? He reviews our regular schedule because it is easier. Please schedule the weekly meeting slowly.	three linked sentences — work
PARAGRAPH	My father wants the morning news without thinking. My mother finishes a quiet evening on Thursday. I never finish these warm clothes.	three linked sentences — daily
PARAGRAPH	My father never practices another example. He rarely finishes the correct pronunciation. Please practice these long words slowly.	three linked sentences — study
PARAGRAPH	My mother rarely orders warm soup. I eat warm soup every week. Please buy these ripe cherries slowly.	three linked sentences — food
PARAGRAPH	Do we finish another difficult problem? Please share these important messages slowly. I prepare a short break every week.	three linked sentences — work
PARAGRAPH	My father buys the usual sandwich every week. My brother orders a healthy salad because it is easier. Please buy these ripe cherries slowly.	three linked sentences — food
PARAGRAPH	The students always remember a cheaper flight together. Do the children cancel the northern railway? My brother chooses the northern railway.	three linked sentences — travel
PARAGRAPH	My father rarely reviews the right answer. My parents always practice the first question together. Please practice these long words slowly.	three linked sentences — study
PARAGRAPH	My mother rarely misses another route. Please cancel a cheaper flight slowly. They cancel another route every week.	three linked sentences — travel
PARAGRAPH	My friends enjoy fresh vegetables every week. My father will buy fresh vegetables tomorrow. She enjoys the whole chicken without thinking.	three linked sentences — food
PARAGRAPH	They want another cup of coffee every week. My mother enjoys the weather report because it is easier. My friends need a short walk without thinking.	three linked sentences — daily
PARAGRAPH	I rarely book another hotel. He misses another route every week. My friends enjoy the whole journey.	three linked sentences — travel
PARAGRAPH	My sister remembers the right answer. They always finish this difficult language together. Do we read the right answer?	three linked sentences — study
PARAGRAPH	We never explain the correct pronunciation. Do the students explain a clear explanation? We always review the first question together.	three linked sentences — study
PARAGRAPH	Please discuss the shared folder slowly. Do my friends share the whole project? My father schedules a short break.	three linked sentences — work
PARAGRAPH	Do the students enjoy another route? My brother misses another hotel every week. My parents miss a window seat in the morning.	three linked sentences — travel
PARAGRAPH	Please plan another hotel slowly. My parents never plan the long road trip. My friends miss another route in the morning.	three linked sentences — travel
PARAGRAPH	Please eat the sweet dessert slowly. The students never buy the usual sandwich. Do my parents buy the sweet dessert?	three linked sentences — food
PARAGRAPH	The students cook the sweet dessert. Do I enjoy a healthy salad? We cook another chocolate every week.	three linked sentences — food
PARAGRAPH	I want the usual routine because it is easier. Do the students enjoy the shopping list? He never enjoys a healthy breakfast.	three linked sentences — daily
PARAGRAPH	My sister remembers the long road trip. My mother books a window seat every week. Do the children cancel the northern railway?	three linked sentences — travel
PARAGRAPH	My friends remember the first question on Thursday. My friends rarely explain this difficult language. My brother reviews a clear explanation without thinking.	three linked sentences — study
PARAGRAPH	Do the children cancel the northern railway? The children always plan the earlier train together. He books a cheaper flight on Thursday.	three linked sentences — travel
PARAGRAPH	My friends share a large breakfast in the morning. My friends order a healthy salad every week. Do we buy these ripe cherries?	three linked sentences — food
PARAGRAPH	We always explain our weekly homework together. My mother explains the first question on Thursday. My friends explain another example.	three linked sentences — study
PARAGRAPH	Do we finish another difficult problem? My friends rarely discuss three separate reports. My brother cancels the office move because it is easier.	three linked sentences — work
PARAGRAPH	My mother remembers a short walk because it is easier. We always remember a quiet evening together. My father enjoys another cup of coffee without thinking.	three linked sentences — daily
PARAGRAPH	Do my parents finish the whole project? We schedule the weekly meeting in the morning. The students always finish another difficult problem together.	three linked sentences — work
PARAGRAPH	My parents always discuss the shared folder together. My mother rarely reviews a short break. My parents prepare a clear decision on Thursday.	three linked sentences — work
PARAGRAPH	My parents never cancel our regular schedule. I cancel a short break on Thursday. My brother reviews the whole project without thinking.	three linked sentences — work
PARAGRAPH	I prepare the sweet dessert because it is easier. She rarely prepares a large breakfast. Do the students share three yellow lemons?	three linked sentences — food
PARAGRAPH	The students never remember this difficult language. The teacher finishes another example on Thursday. My father practices our weekly homework in the morning.	three linked sentences — study
PARAGRAPH	We rarely order fresh vegetables. Please buy the whole chicken slowly. We enjoy warm soup every week.	three linked sentences — food
PARAGRAPH	My parents always enjoy the return ticket together. Please miss another route slowly. We remember a window seat because it is easier.	three linked sentences — travel
PARAGRAPH	Do they finish the right answer? Please practice these long words slowly. My parents learn this difficult language every week.	three linked sentences — study
PARAGRAPH	The children always plan the earlier train together. My friends remember our summer holiday because it is easier. My brother remembers another route on Thursday.	three linked sentences — travel
PARAGRAPH	Do the children remember another route? They never cancel the return ticket. Please choose our summer holiday slowly.	three linked sentences — travel
PARAGRAPH	I will want the shopping list tomorrow. She needs a healthy breakfast on Thursday. My mother enjoys the morning news in the morning.	three linked sentences — daily
PARAGRAPH	The teacher rarely prepares three separate reports. Please share another difficult problem slowly. The teacher schedules the office move in the morning.	three linked sentences — work
PARAGRAPH	The students never schedule the weekly meeting. My father finishes the weekly meeting every week. My friends rarely discuss three separate reports.	three linked sentences — work
PARAGRAPH	Please buy fresh vegetables slowly. She enjoys a large breakfast because it is easier. They share these ripe cherries in the morning.	three linked sentences — food
PARAGRAPH	My parents cook warm soup every week. Do my friends buy the whole chicken? The students share the usual sandwich.	three linked sentences — food
PARAGRAPH	I review another example every week. My brother learns a clear explanation because it is easier. My parents always finish the right answer together.	three linked sentences — study
PARAGRAPH	Please prepare our regular schedule slowly. I cancel a short break on Thursday. The teacher discusses another difficult problem without thinking.	three linked sentences — work
PARAGRAPH	He shares another difficult problem on Thursday. The students never finish a short break. Do we finish another difficult problem?	three linked sentences — work
PARAGRAPH	My mother remembers the shopping list without thinking. The children always remember another cup of coffee together. My brother enjoys three thin slices of bread because it is easier.	three linked sentences — daily
PARAGRAPH	Please buy the whole chicken slowly. We rarely buy a healthy salad. Do my friends prepare a large breakfast?	three linked sentences — food
PARAGRAPH	The children book another route because it is easier. He misses another route every week. My parents miss a window seat in the morning.	three linked sentences — travel
PARAGRAPH	My friends never finish our regular schedule. My mother will schedule the shared folder tomorrow. My mother finishes a clear decision because it is easier.	three linked sentences — work
PARAGRAPH	My parents finish a clear decision without thinking. They prepare another difficult problem in the morning. My sister never finishes the shared folder.	three linked sentences — work
PARAGRAPH	They always miss the whole journey together. The students miss the earlier train on Thursday. My friends rarely book our summer holiday.	three linked sentences — travel
PARAGRAPH	My father rarely prepares these ripe cherries. My mother prepares a healthy salad without thinking. The students never buy the usual sandwich.	three linked sentences — food
PARAGRAPH	My friends remember another route without thinking. My father books the northern railway every week. My friends remember a cheaper flight.	three linked sentences — travel
PARAGRAPH	Do my parents buy the sweet dessert? The students always prepare the whole chicken together. The teacher shares these ripe cherries every week.	three linked sentences — food
PARAGRAPH	My sister shares the shared folder on Thursday. He cancels a clear decision without thinking. I schedule the shared folder.	three linked sentences — work
PARAGRAPH	The teacher cooks these ripe cherries without thinking. The children cook a healthy salad because it is easier. My mother buys a healthy salad in the morning.	three linked sentences — food
PARAGRAPH	We always enjoy a short walk together. I will enjoy these warm clothes tomorrow. My brother enjoys a short walk without thinking.	three linked sentences — daily
PARAGRAPH	He orders the usual sandwich on Thursday. My brother will order three yellow lemons tomorrow. The students always prepare the whole chicken together.	three linked sentences — food
PARAGRAPH	She misses another hotel on Thursday. My father cancels a window seat in the morning. He cancels the northern railway without thinking.	three linked sentences — travel
PARAGRAPH	Do the children cancel the northern railway? My mother remembers another hotel without thinking. They choose our summer holiday on Thursday.	three linked sentences — travel
PARAGRAPH	My father never practices another example. Do the students review the right answer? My mother learns the whole lesson in the morning.	three linked sentences — study
PARAGRAPH	I want three thin slices of bread every week. We always enjoy a short walk together. My parents want the shopping list because it is easier.	three linked sentences — daily
PARAGRAPH	My mother finishes another cup of coffee in the morning. I finish three thin slices of bread without thinking. I will enjoy these warm clothes tomorrow.	three linked sentences — daily
PARAGRAPH	My parents plan the whole journey on Thursday. I always miss a cheaper flight together. They cancel the earlier train because it is easier.	three linked sentences — travel
PARAGRAPH	My father never cooks fresh vegetables. The teacher rarely orders the sweet dessert. My parents eat a healthy salad because it is easier.	three linked sentences — food
PARAGRAPH	She never enjoys another hotel. The children book the earlier train because it is easier. My brother misses the whole journey.	three linked sentences — travel
